image,true_class,width,height,mean_intensity,std_intensity,background_median,background_mad,sharpness,saturated_ratio,bright_area_ratio,star_count,mean_star_area,mean_circularity,elongated_star_count,elongated_star_ratio,elongated_angle_consistency,elongated_angle_std,mean_aspect_ratio,max_aspect_ratio,mean_hollowness,valid_profile_count,mean_fwhm,median_fwhm,mean_hfr,median_hfr,median_eccentricity,median_fwhm_ratio,long_line_count,longest_line_ratio,axis_aligned_line_ratio,diagonal_line_ratio,line_angle_std,streak_count,max_streak_length_ratio,max_streak_aspect_ratio,max_streak_area_ratio,score_01_Good,score_02_Out_of_Focus,score_03_Tracking_Error,score_04_Over_Saturated,score_05_No_Star,score_06_Satellite
260504UA1N_1_1.png,01_Good,1024,1024,123.09108257293701,59.1480514397011,121.0,57.8214,69391.47919665459,0.02006053924560547,0.00025272369384765625,11,15.909090909090908,0.7954894431757018,2,0.18181818181818182,6.123233995736766e-17,90.0,1.2781385281385282,1.75,3.92156862538684e-09,11,16.7660745378161,15.341097933923319,9.386666340872143,8.675952951730283,0.42196935225395155,1.1030099980817605,1213,0.9990234375,0.008244023083264633,0.9876339653751031,5.5757448205958955,0,0.039317219737349945,3.6250002318076904,0.0008401870727539062,0.49693023414235776,0.13774813241017578,0.6130870553831671,0.049718360788645215,0.32653061224489793,0.2904689502485151
260504XO6E_1_2.png,01_Good,1024,1024,118.47308254241943,57.996875532892254,119.0,59.303999999999995,61814.86483938224,0.020341873168945312,0.0022296905517578125,62,27.661290322580644,0.7874361139618025,3,0.04838709677419355,1.0,0.0,1.1501157892286926,1.5,0.0007590172013245482,62,20.376648732963808,18.958403912071546,11.345285349914802,10.821066365775195,0.35904903607519395,1.0714622006965921,1228,0.998046875,0.012214983713355049,0.9837133550488599,5.498224297542828,0,0.128231533713304,2.5588236594131835,0.009581565856933594,0.643715595618929,0.20853362839564332,0.493428901893463,0.009469055344804123,0.22448979591836735,0.290060232684341
260505C86N_1_1.png,01_Good,1024,1024,117.46698951721191,57.55640142464287,117.0,59.303999999999995,58900.33216761129,0.02282238006591797,0.0032596588134765625,75,34.06,0.7521968175333691,8,0.10666666666666667,0.28504386646721813,45.388821738287824,1.2275983645983646,3.6666666666666665,0.0030326836482378536,75,22.418581081741703,23.43417510901392,12.092531984123577,12.657070781705249,0.351618740458157,1.068212537088624,1234,0.9970703125,0.008914100486223663,0.9878444084278768,5.455596546546316,0,0.06790560093803948,3.1666666666666665,0.003971099853515625,0.526352794361366,0.33715826120184295,0.5323242570469358,0.0,0.22448979591836735,0.2864565907032669
260505GOYV_1_2.png,01_Good,1024,1024,123.82322025299072,59.9955657422611,123.0,60.7866,67521.19500988894,0.02590465545654297,0.0002460479736328125,6,32.166666666666664,0.8010676648949473,1,0.16666666666666666,0.0,180.0,1.1833333333333333,1.6,3.92156862538684e-09,6,22.630269958203925,23.932941702903452,12.66530276726393,13.78863487901468,0.3726059246094458,1.0780114895532538,1208,0.9990234375,0.009933774834437087,0.9867549668874173,5.460997664482721,0,0.0992041983537296,3.999999612276264,0.0034542083740234375,0.422225367848165,0.2850445243247483,0.49333122806656243,0.0,0.5561224489795918,0.28197870877984077
260505HYM1_1_1.png,01_Good,1024,1024,124.57735443115234,60.17357279965358,124.0,59.303999999999995,71546.24025432761,0.023075103759765625,2.193450927734375e-05,1,14.5,0.7668936186867932,1,1.0,0.0,180.0,1.5,1.5,3.92156862538684e-09,1,17.67559037846933,17.67559037846933,9.78184029770046,9.78184029770046,0.3269975655977962,1.0581728619073238,1231,0.998046875,0.012185215272136474,0.9861900893582454,5.819449129926857,0,0.025919882463180624,4.095238081016297,0.00025081634521484375,0.05,0.19570649973396115,0.6315789473684211,0.021130996559369723,0.7346938775510203,0.28802648335273007
260505J2WH_1_2.png,01_Good,1024,1024,118.75533294677734,58.815716388394144,117.0,60.7866,63090.58508918955,0.02179718017578125,0.00197601318359375,51,30.401960784313726,0.8044117163673303,1,0.0196078431372549,0.0,180.0,1.1461413858472682,1.5,3.92156862538684e-09,51,20.451959605491815,17.849107029443537,11.367127344839187,9.857291279373776,0.3433945908214036,1.0647458947490327,1241,0.998046875,0.011281224818694601,0.9871071716357775,5.447074691992593,0,0.20229648562943767,3.0925324888436694,0.010743141174316406,0.6372905169531617,0.13587595138393815,0.43493478842997935,0.019553572459604207,0.22448979591836735,0.302245151447297
260505KSCR_1_2.png,01_Good,1024,1024,112.67818641662598,56.786323495320694,110.0,56.3388,53219.027038125714,0.022136688232421875,0.0007772445678710938,20,30.225,0.8010463719125284,1,0.05,0.0,180.0,1.1572835497835496,2.25,0.006666670562091498,20,21.00772938852706,21.560293699450945,11.607737856958877,11.662024338244247,0.40736938286706054,1.0950071250323858,1269,0.998046875,0.009456264775413711,0.9881796690307328,5.265883708627899,0,0.16089343416435178,2.9999999223317078,0.031049251556396484,0.5894936893485765,0.2685990471068219,0.45166470905999545,0.0,0.22448979591836735,0.287452753173237
260505NMQQ_1_1.png,01_Good,1024,1024,97.87673950195312,52.299438093051144,96.0,50.4084,39350.00076470936,0.02049732208251953,0.0013427734375,29,38.08620689655172,0.8017098193687247,0,0.0,0.0,180.0,1.1047780763298005,1.4,0.013304375320957499,29,20.933714951992428,18.33242569533752,11.28631618533248,10.220344085284626,0.34352775751006853,1.0648011082078226,1313,0.998046875,0.009900990099009901,0.9855293221629855,5.508637882140524,0,0.29461064362915185,3.627376653750915,0.027763843536376953,0.6294326722084947,0.2159077411433536,0.37010971265040743,0.015159766406022549,0.22448979591836735,0.3633364149815951
260505NMQQ_1_2.png,01_Good,1024,1024,65.41790294647217,39.540212234096636,62.0,31.1346,15764.369910114778,0.0,0.0021715164184570312,41,45.74390243902439,0.7893793544504824,1,0.024390243902439025,0.0,180.0,1.1146747222966735,1.6666666666666667,0.010436760132965737,41,20.82175286306017,17.35471257331089,10.36368171394164,9.054981395421171,0.32789567114000573,1.0585214819273252,1351,0.9970703125,0.011843079200592153,0.9844559585492227,5.644309892977725,0,0.3228145560093689,3.8463135480469934,0.030642032623291016,0.7346385542168674,0.23481506185128234,0.34946316116739057,0.02404806751535554,0.22448979591836735,0.3966744747655137
260505VPIS_1_2.png,01_Good,1024,1024,111.80847835540771,57.02184867952961,110.0,54.856199999999994,47451.86718551336,0.02225780487060547,0.0007791519165039062,15,42.766666666666666,0.7745834401205131,1,0.06666666666666667,0.0,180.0,1.1214533614533615,1.6666666666666667,3.92156862538684e-09,15,22.408397804586414,22.857403085389052,11.983568466693187,11.357659606057553,0.30634743743075216,1.0505087004518827,1244,0.9970703125,0.012057877813504822,0.9855305466237942,5.145985668099387,0,0.20391618901771133,2.9756102688450925,0.04736948013305664,0.5563234972845413,0.2991582013795438,0.3707010588158547,0.0,0.22448979591836735,0.3026147100481729
260505YLLO_1_2.png,01_Good,1024,1024,124.14254474639893,59.90024164386163,123.0,65.2344,68677.84455190104,0.02401447296142578,5.53131103515625e-05,2,20.0,0.7777516554427972,1,0.5,0.0,180.0,1.3333333333333335,1.6666666666666667,3.92156862538684e-09,2,17.514107484522743,17.514107484522743,10.007077466102686,10.007077466102686,0.36168945222362725,1.0773770372792386,1208,0.9990234375,0.009105960264900662,0.9892384105960265,4.849362350692365,0,0.030180396743669558,3.4500002516784787,0.00014019012451171875,0.05,0.18844559300486455,0.6472888205571145,0.022599022867975067,0.7346938775510203,0.2847247366177834
260505Z6QP_1_1.png,01_Good,1024,1024,113.82143497467041,56.2959810528551,112.0,53.373599999999996,52773.365059410775,0.02094554901123047,0.0004940032958984375,13,29.923076923076923,0.7738759381791186,0,0.0,0.0,180.0,1.0769230769230769,1.25,3.92156862538684e-09,13,19.54359110283499,18.04901228123826,10.541347211008693,8.458215467405902,0.3629361599250394,1.0731755397381608,1269,0.9990234375,0.01103230890464933,0.987391646966115,5.506939032551576,0,0.14438142634598117,2.9677416163393895,0.024657726287841797,0.6242199688369117,0.1764676102648222,0.3862117971597035,0.03004953682042715,0.2755102040816326,0.2891832217754522
260506EJKW_1_1.png,01_Good,1024,1024,122.1844253540039,59.66930764122303,119.0,60.7866,69698.697065077,0.02082538604736328,0.000370025634765625,12,23.166666666666668,0.8129899932908807,0,0.0,0.0,180.0,1.1142195767195766,1.25,3.92156862538684e-09,12,18.467135409438598,16.290174172051913,10.199579305083047,8.725801066031597,0.3599524796829767,1.0718671503997705,1213,0.998046875,0.01236603462489695,0.9851607584501236,5.521619900865324,0,0.046961625459437606,2.758064499156773,0.001094818115234375,0.6252717083934102,0.1188868891768585,0.382879272337485,0.03995748329880996,0.3010204081632653,0.2893577926672689
260506JODA_1_1.png,01_Good,1024,1024,126.14254951477051,59.271461676553244,127.0,62.2692,69753.96131618168,0.022733688354492188,0.00018978118896484375,7,19.642857142857142,0.7968451108650878,0,0.0,0.0,180.0,1.0654761904761905,1.3333333333333333,3.92156862538684e-09,7,16.36653264209755,12.251657000662487,8.888643557353682,6.470271414048796,0.28687869155904333,1.043877383468232,1236,0.998046875,0.0186084142394822,0.9773462783171522,6.675110497055166,0,0.027472585533212118,3.7631578513032333,0.00022077560424804688,0.6148209838198675,0.09789130186847105,0.36506822612085776,0.12793331331105023,0.5051020408163265,0.2865854406472269
260506M34T_1_2.png,01_Good,1024,1024,107.46735286712646,53.91972037163889,103.0,51.891,45552.617262449116,0.020758628845214844,0.01265716552734375,252,41.71626984126984,0.7709394591174593,24,0.09523809523809523,0.16666666666666666,54.23098451658208,1.1745662846853322,3.5,0.006458142707322579,252,22.94985223738791,21.063601790278682,12.34381666671974,11.311972357114964,0.42600542480203957,1.1053169700835301,1213,0.9970703125,0.013190436933223413,0.9818631492168178,6.1381639611776295,0,0.05442845597203674,3.0,0.0013942718505859375,0.6708522033875515,0.3107368313216859,0.5264540610291528,0.05259740259740259,0.18629078421733278,0.289454776496056
260506RU2Q_1_2.png,01_Good,1024,1024,119.04144859313965,57.96255702382425,118.0,60.7866,59788.30270428435,0.023085594177246094,0.0026063919067382812,81,24.191358024691358,0.7974365263558518,3,0.037037037037037035,0.3333333333333333,42.46487605916569,1.1295806388398981,1.5,3.92156862538684e-09,81,18.91737584773517,17.594333569244313,10.473309152576325,9.658811611695565,0.3370294921827095,1.0621415584878653,1222,0.9990234375,0.011456628477905073,0.986088379705401,5.43593547829579,0,0.12020780635461831,3.818181606696144,0.013957977294921875,0.6470159918316987,0.1585258792148378,0.46368387506376796,0.021869694825051703,0.22448979591836735,0.28607419732119216
260506VDXY_1_2.png,01_Good,1024,1024,76.24681186676025,42.9704162257069,73.0,38.547599999999996,22124.298807624902,0.0,0.02096843719482422,446,38.2152466367713,0.7983916945558884,19,0.042600896860986545,0.6842105263157895,24.957873906809574,1.134160398534904,3.3333333333333335,0.015419434366723,446,20.99517022977053,18.45529343253167,11.003858089809588,9.623887520741793,0.49620660020574603,1.1518032822948037,1221,0.9970703125,0.010647010647010647,0.9860769860769861,5.788533822550064,0,0.11048543456039804,5.666666666666667,0.002223968505859375,0.8610156028854498,0.3144846504626774,0.5376066783259721,0.17057403420265957,0.1448286579850039,0.33898305084745767
260506Z0E8_1_1.png,01_Good,1024,1024,129.6940803527832,60.199787561982525,130.0,62.2692,46776.92502232936,0.025010108947753906,5.245208740234375e-05,2,19.25,0.7999514106630234,0,0.0,0.0,180.0,1.0714285714285714,1.1428571428571428,3.92156862538684e-09,2,16.39019375476301,16.39019375476301,8.145135462814036,8.145135462814036,0.3779980807588016,1.0940405595032663,1197,0.9814453125,0.01086048454469507,0.985797827903091,5.6044450569892446,0,0.5434502312439579,5.581560283687943,0.04367971420288086,0.05,0.0826696110339972,0.31511250565416815,0.05224515989274453,0.7346938775510203,0.5485332624645548
260506ZT35_1_2.png,01_Good,1024,1024,60.672207832336426,39.5455528700239,54.0,29.651999999999997,11743.375266905232,0.0,0.02231311798095703,480,37.70520833333333,0.8070952666159064,22,0.04583333333333333,0.43672631377020654,36.875711571097376,1.1228330812705811,2.142857142857143,0.03957060732508333,480,20.280902557776553,18.608055654696624,10.14804035097326,8.795506619641827,0.500586384029672,1.1551532643202398,1233,0.9843749999999999,0.009732360097323601,0.9845904298459043,5.291033471455273,0,0.16621432627488236,2.906249926393104,0.02281808853149414,0.8499736285018383,0.430246038101701,0.4571916027217682,0.18605723433778035,0.1381204998682416,0.3050847457627119
260507FI1X_1_3.png,01_Good,1024,1024,48.96452236175537,32.40562674084181,45.0,23.7216,8298.891801260075,0.0,0.02241802215576172,357,53.35434173669468,0.791920065658823,29,0.08123249299719888,0.45079317995779233,36.163274755947576,1.2052100810783848,3.6666666666666665,0.019265138695130617,357,23.20749203717293,21.29834851085561,11.171875599614898,9.993742530756014,0.49076588523822434,1.147721538810854,1203,0.9970703125,0.00831255195344971,0.9875311720698254,5.278277305670412,0,0.036514910024175014,3.0188680678323117,0.00182342529296875,0.7812347558214323,0.42274495769614506,0.48089645629610256,0.16970929232510654,0.13759716838395517,0.3050847457627119
260507P0S8_1.png,01_Good,1024,1024,127.86634540557861,59.10376954901492,128.0,60.7866,51402.31266139448,0.024127960205078125,1.430511474609375e-05,1,8.0,0.6981317007977318,1,1.0,0.0,180.0,1.6666666666666667,1.6666666666666667,3.92156862538684e-09,1,12.267666071933633,12.267666071933633,6.367039698691947,6.367039698691947,0.5126902432957745,1.1647224424764802,1217,0.99609375,0.007395234182415777,0.9917830731306492,5.112048839809778,0,0.25891620367076035,6.076923076923077,0.013039112091064453,0.05,0.16865103796166314,0.7483509609470312,0.13013395164851363,0.7346938775510203,0.37741285071189123
260507S40B_1_1.png,01_Good,1024,1024,105.00239276885986,53.4149691102893,102.0,47.4432,45866.497169012175,0.020860671997070312,0.011597633361816406,182,53.73626373626374,0.7584514423747712,14,0.07692307692307693,0.026326934394595623,77.2661017093827,1.1490909883767026,2.6,0.006593410489118722,182,26.365451584035668,25.366975686825903,14.218188253129952,13.5636800129825,0.3762365495983403,1.079306200793657,1196,0.9970703125,0.013377926421404682,0.9824414715719063,5.823047953233379,0,0.04228753995957946,3.0,0.0015473365783691406,0.6208444061920952,0.41410017396079873,0.47837759924919776,0.0014610389610389609,0.19157643220862564,0.28930652978633853
260507VMLG_1_4.png,01_Good,1024,1024,113.0528507232666,56.9458032000989,110.0,57.8214,53579.49814459503,0.021913528442382812,0.004040718078613281,76,44.42763157894737,0.7428154465708122,7,0.09210526315789473,0.42857142857142855,37.29285988249276,1.1551205191007823,2.3333333333333335,0.001393192770594304,76,23.566740715333633,21.256166865460287,12.725058677821744,10.569548362808586,0.363720090465002,1.0735296102000718,1208,0.998046875,0.011589403973509934,0.9834437086092715,5.688663514761352,0,0.056220471482091125,3.5,0.0029191970825195312,0.568681744089439,0.3001754833367527,0.49392630927528847,0.0,0.22448979591836735,0.28777695625803956
260507YJLD_1_1.png,01_Good,1024,1024,111.73816108703613,56.3094629282205,110.0,56.3388,52577.450095264634,0.02147674560546875,0.005042076110839844,117,33.74786324786325,0.7216228177813804,8,0.06837606837606838,0.7443480742858929,22.01405373460238,1.1671854735957299,2.3333333333333335,0.007239822897702064,117,21.229776366982538,19.90067559672365,11.2591714314113,10.258733312495774,0.3920753118223852,1.087035541551349,1213,0.998046875,0.008244023083264633,0.9876339653751031,5.318640270462329,0,0.04618038620708361,3.857142857142857,0.0008611679077148438,0.6363441700356983,0.3141736226509191,0.5503131618372133,0.0009029491206940773,0.224279892417579,0.2884115075949607
260508CSN2_1_9.png,01_Good,1024,1024,128.98076248168945,58.45535385781717,131.0,60.7866,28252.29018008351,0.023157119750976562,0.004857063293457031,83,48.13855421686747,0.74236590198319,10,0.12048192771084337,0.4251356884602137,37.469575759818184,1.2000040058933528,2.5,0.00836286710634927,83,24.791852576410687,23.8564818153943,12.989316965443487,12.284685554478582,0.5346067538792258,1.183290585448595,1205,0.9921874999999999,0.007468879668049793,0.9925311203319502,4.591307409858356,0,0.07388394700684756,3.799999514468305,0.0019450187683105469,0.48011035516341616,0.45604442336702933,0.6894416133212614,0.0,0.22448979591836735,0.2859702860760632
260508DPJC_1_2.png,01_Good,1024,1024,122.54781723022461,59.17884153012234,120.0,62.2692,65726.43751091455,0.025371551513671875,0.0008096694946289062,23,26.956521739130434,0.7972858358501342,0,0.0,0.0,180.0,1.0789525691699606,1.25,3.92156862538684e-09,23,19.754888758334335,17.842763858956467,11.05341687575506,9.74985583564768,0.27117165145140565,1.0389275720775777,1219,0.9990234375,0.013125512715340444,0.9868744872846595,5.43217272739591,0,0.13580258284555846,4.6729559395286495,0.009088993072509766,0.6040877796901893,0.16024146384322208,0.3850292397660819,0.019611237645850304,0.22448979591836735,0.29644043337490933
260508E9TV_1_2.png,01_Good,1024,1024,47.97412395477295,34.3116809199013,43.0,23.7216,7714.439141170844,0.0,0.0020055770874023438,33,51.015151515151516,0.7667215612637125,3,0.09090909090909091,0.3333333333333333,42.46487605916569,1.1622775372775371,2.2,0.05604245981173756,33,22.542716108643514,22.01499663697235,10.591975290528563,10.452295099985871,0.3597881494950736,1.0717722780623506,1291,0.9912109374999999,0.006971340046475601,0.9907048799380326,4.760332114143686,0,0.17722665505133917,3.0862072253071777,0.0370936393737793,0.6248881372447824,0.6229831494756921,0.3472761951952972,0.0,0.22448979591836735,0.3050847457627119
260508FJSK_1_2.png,01_Good,1024,1024,117.81032466888428,58.22879703881431,118.0,60.7866,61570.736300355726,0.02266407012939453,0.0018949508666992188,50,29.0,0.7383134932982591,5,0.1,0.2,51.397825824096444,1.1827720057720057,1.75,0.005176474489504035,50,21.348130863540856,20.177470563428862,11.720594091753805,10.68156605562627,0.3621602400983026,1.072829820156306,1223,0.9970703125,0.02044153720359771,0.9721995094031071,7.623962800527149,0,0.10151623748577958,2.7499996223732395,0.006833076477050781,0.5482288723541193,0.2784015578394818,0.47261360019542187,0.0,0.22448979591836735,0.2866865809258191
260508HAQ2_1_2.png,01_Good,1024,1024,117.45699977874756,57.00126968745689,115.0,56.3388,55690.93413721876,0.022368431091308594,0.004986763000488281,122,32.200819672131146,0.7734608351435838,9,0.07377049180327869,0.1111111111111111,60.054403647364666,1.1620607420812337,3.75,0.003696564498522002,122,20.875409778877543,17.974458202312334,11.395213077157768,9.995823746843929,0.34815030334925123,1.066742135354097,1200,0.99609375,0.010833333333333334,0.9841666666666666,5.328592148686332,0,0.11526345418868406,2.8000001705984636,0.010287284851074219,0.6423750346159331,0.20403581909781307,0.4876205511411095,0.018414016342615143,0.22448979591836735,0.287116080739019
260508JO23_1_2.png,01_Good,1024,1024,108.42833805084229,54.43809963650379,105.0,53.373599999999996,46586.331916946976,0.020850181579589844,0.010046005249023438,231,34.42424242424242,0.7752660706550691,14,0.06060606060606061,0.12369501122932064,58.56985681735927,1.1445826720177368,2.6666666666666665,0.004583655546068692,231,21.019779543589724,20.41789095319789,11.168822877830705,10.945077555574862,0.41043534727207,1.0966238565397768,1265,0.99609375,0.011067193675889328,0.9857707509881423,5.84287740018122,0,0.08214388637801256,2.686046541667299,0.008568286895751953,0.7096881409977881,0.27845557972285023,0.5093147617729183,0.0372564935064935,0.19931698061711664,0.2893217701022908
260508LY6T_1_1.png,01_Good,1024,1024,109.73609447479248,56.05609019150507,105.0,51.891,52756.43848443995,0.02222156524658203,0.008447647094726562,164,41.85670731707317,0.7403213090850648,19,0.11585365853658537,0.08933551556198752,62.96485741254069,1.171342918599016,3.0,0.0022716442761226887,164,24.123410199821592,23.93237141431335,13.040843899818011,12.916564004265961,0.39070089115727785,1.0863484814163562,1206,0.998046875,0.011608623548922056,0.988391376451078,5.49463634268028,0,0.040397714785021445,3.0000002359260107,0.0009360313415527344,0.56325087299275,0.37285780960592796,0.5367817408072035,0.0,0.20729064941406247,0.2873294451623506
260508SDDG_1_2.png,01_Good,1024,1024,125.1260929107666,58.2622461523164,125.0,59.303999999999995,61911.805910693336,0.022817611694335938,0.0006170272827148438,18,25.694444444444443,0.7372597533722849,4,0.2222222222222222,0.08219946104922231,64.0407737087134,1.2432780182780183,2.0,3.92156862538684e-09,18,19.474647041978578,20.143810847113123,10.26753298438631,9.904728825257884,0.3511499968372783,1.0681024501295089,1226,0.99609375,0.008156606851549755,0.9902120717781403,4.812629028453704,0,0.10066176281578185,3.185430337217341,0.0077762603759765625,0.46461189702390365,0.26045636848309794,0.5882649046414159,0.0,0.22448979591836735,0.28646351811960885
260508TV3G_1_2.png,01_Good,1024,1024,63.771220207214355,38.21829603060219,59.0,32.6172,14911.505871220501,0.0,0.023996353149414062,393,51.969465648854964,0.7744334658572348,34,0.08651399491094147,0.22695031014487613,49.33802391068839,1.1688829899896829,4.0,0.03183127590205159,393,23.12267139499332,20.527458130207368,11.632542222296175,10.070870298858239,0.5347334677606899,1.1834028509010932,1202,0.998046875,0.010815307820299502,0.9850249584026622,5.466415619564538,0,0.03853524291514701,4.0,0.0009827613830566406,0.7833730880133837,0.4995075423731316,0.5233053790071346,0.18405775590376422,0.12972340832491855,0.3050847457627119
260509D6IM_1_1.png,01_Good,1024,1024,117.43072032928467,55.94852337340335,117.0,54.856199999999994,50278.07333053998,0.021587371826171875,0.006638526916503906,170,30.570588235294117,0.7691638817197427,21,0.12352941176470589,0.6067926236554059,28.635516573917567,1.2412261921085452,4.666666666666667,0.0018915840756270187,170,21.183027680951252,20.17846906309058,11.50848246675449,10.748769474373125,0.41509507600454154,1.0991696213904292,1203,0.9892578124999999,0.006650041562759767,0.9908561928512053,4.782198565602629,0,0.03439683859150626,3.75,0.000873565673828125,0.5900594257338354,0.26843133021332,0.629559491329173,0.0,0.21631573873852927,0.28825079153582783
260509M4QG_1_2.png,01_Good,1024,1024,64.37972450256348,39.255933775868655,59.0,31.1346,16129.536176952792,0.0,0.016805648803710938,383,35.275456919060055,0.8011190555117583,19,0.04960835509138381,0.5723427370844218,30.26435740421314,1.1434601637641635,2.4166666666666665,0.007013761462160648,383,19.8161555850467,16.960499487784574,10.257664667054215,8.772671930654088,0.45039099712749103,1.1200322640514715,1223,0.9990234375,0.009811937857726901,0.9877350776778414,5.345418302304797,0,0.13987843597765298,3.017857316792692,0.016252517700195312,0.8793924507220913,0.2558099792399597,0.49503507026306925,0.15148608626628313,0.16559540279327878,0.3050847457627119
260509YJAM_1_1.png,01_Good,1024,1024,57.0600700378418,35.62172719154854,52.0,26.686799999999998,11799.989206365251,0.0,0.025267601013183594,482,43.49066390041494,0.7880927680083682,37,0.07676348547717843,0.12902961545965813,57.975194274153175,1.1529924177882247,3.5,0.027025686209625522,482,21.19716044870592,18.75490093647044,10.563394723639655,9.081464627392029,0.5286370894226691,1.178067661070072,1218,0.99609375,0.016420361247947456,0.9835796387520526,6.145699926337488,0,0.04101659384019935,3.6666666666666665,0.0013098716735839844,0.8044583573087094,0.39851041826512384,0.48214838650657826,0.20693363706102866,0.1233815822471567,0.3050847457627119
26051017OV_1_2.png,01_Good,1024,1024,36.59218883514404,28.6776061170308,31.0,17.7912,4723.678895482526,0.0,0.025846481323242188,729,28.01440329218107,0.8174493535146334,20,0.027434842249657063,0.21485898571165368,50.24048221604623,1.1110138965179162,3.3333333333333335,0.01160365647489248,729,16.415963512637973,13.412490872287723,7.453787743992864,6.068761632329369,0.5269197104335709,1.1765881562274698,1224,0.994140625,0.014705882352941176,0.9844771241830066,6.331336136650384,0,0.054338540939094813,3.2473121551008286,0.004014492034912109,0.8282739628151874,0.22426809124460054,0.416646488866025,0.34308266612150234,0.12049374396568525,0.3050847457627119
260510576I_1_2.png,01_Good,1024,1024,54.9935417175293,35.494729205033856,50.0,26.686799999999998,11565.175052345361,0.0,0.02347087860107422,552,34.166666666666664,0.7964624434975527,21,0.03804347826086957,0.2273434471886518,49.30922556163668,1.1297865008963408,3.3333333333333335,0.02247810913753765,552,18.831426172817128,16.188362207566108,9.320426421456675,7.71226670910232,0.5267695336180964,1.1764593127310121,1218,0.9990234375,0.013136288998357963,0.9852216748768473,5.681739464675762,0,0.10961907447912023,4.712469813926389,0.0023202896118164062,0.8459852833674241,0.3232210354927992,0.47223034862750524,0.24319863291593008,0.1323448233052987,0.31957565723240117
260510L3TG_1_1.png,01_Good,1024,1024,109.83800792694092,60.99954319504966,104.0,63.751799999999996,16350.836781429525,0.022484779357910156,0.00014591217041015625,4,28.75,0.8291420057483849,0,0.0,0.0,180.0,1.025,1.1,0.03921569016322085,4,16.5950117608219,12.986433143153937,8.01454872768266,6.049485362023873,0.35465101597793636,1.0718401678770886,1225,0.9970703125,0.013877551020408163,0.9853061224489796,5.760387453038869,0,0.30935921676911454,2.4018693236271185,0.05600452423095703,0.05,0.31002568878033787,0.32046955632970875,0.13081684956169437,0.6581632653061225,0.369907612236877
260510PZR7_1_1.png,01_Good,1024,1024,90.1748161315918,49.37006906735743,85.0,45.9606,29838.508197765914,0.0,0.0008563995361328125,16,44.40625,0.7569897109870245,3,0.1875,1.0,0.0,1.2267113095238096,2.0,0.0023053319577650416,16,21.77709613513015,20.276460081359993,11.092336027937549,10.291417951271422,0.3587218766370843,1.0713123782347678,1347,0.99609375,0.014105419450631032,0.9844097995545658,6.028726455266621,0,0.31125369653625495,2.5028104581476343,0.03180122375488281,0.5720766258525302,0.2674935355901396,0.5452290664356771,0.0,0.22448979591836735,0.3892602726297558
260510ZTBS_1_2.png,01_Good,1024,1024,39.469852447509766,30.670411131453207,34.0,17.7912,4520.957003521173,0.0,0.032418251037597656,788,32.713197969543145,0.8030905528713568,41,0.05203045685279188,0.2900139003740013,45.07518412403746,1.1320273828005696,3.0,0.03396490429867151,788,17.922904555685644,15.618298273250875,8.313884276310736,6.930060416394149,0.6128029873567216,1.2654455193670937,1210,0.99609375,0.012396694214876033,0.9834710743801653,6.027544820379603,0,0.03745965007279293,4.75,0.0014777183532714844,0.79746659682509,0.36135789928270834,0.5064830113424339,0.3618593470237956,0.08770940525461488,0.32033898305084746
260511162T_1_2.png,01_Good,1024,1024,119.49534606933594,57.61036093438064,117.0,60.7866,59433.63655843756,0.020842552185058594,0.0013103485107421875,34,30.08823529411765,0.8064763037431004,0,0.0,0.0,180.0,1.10026950174009,1.3333333333333333,0.00784314114571318,34,19.874488464336466,17.875745624731817,10.89408536482358,9.388878027477862,0.3203960417468103,1.0556522204852525,1214,0.9990234375,0.006589785831960461,0.985996705107084,5.237039135986877,0,0.11597520909291179,4.3362063844275855,0.013401031494140625,0.6330090241782115,0.1582694703215454,0.3987524366471736,0.019311403411528937,0.22448979591836735,0.2961709499228973
26051144SS_1_2.png,01_Good,1024,1024,42.56801986694336,31.45413481622607,37.0,20.7564,5691.837634223535,0.0,0.0020780563354492188,29,61.293103448275865,0.7712635680194139,1,0.034482758620689655,0.0,180.0,1.196435393544927,3.0,0.04317351325551171,29,22.881575428533175,21.275592212605822,9.385140547935055,9.0690693670352,0.30766125224239277,1.0509766162680225,1297,0.9726562499999999,0.01079414032382421,0.9830377794911334,5.575892234446195,0,0.19856562552582907,1.5447455670105796,0.036516666412353516,0.6775846118058085,0.5521228383888057,0.3463459849089147,0.0,0.22448979591836735,0.31699123945770075
2605116797_4.png,01_Good,1024,1024,122.89774990081787,58.74164817412192,122.0,60.7866,63591.130734047234,0.022019386291503906,0.0019130706787109375,58,24.74137931034483,0.7712155567556035,2,0.034482758620689655,6.123233995736766e-17,90.0,1.1694040155247052,2.5,0.0052738375722865185,58,19.759959964753715,20.914922922835952,10.973068427899012,11.373490311245657,0.3621635277653405,1.0728331400205975,1208,0.9990234375,0.011589403973509934,0.9850993377483444,5.623599231190814,0,0.03782395689460897,2.9214287171406537,0.0008816719055175781,0.6165762431166407,0.2667971769477361,0.4739114070489218,0.0,0.22448979591836735,0.2876231676152486
260511F3EG_1_2.png,01_Good,1024,1024,53.55642509460449,34.56947366060619,49.0,25.2042,10216.690394393341,0.0,0.02344799041748047,542,34.70387453874539,0.7972064993044864,30,0.055350553505535055,0.423165454803149,37.57118109702383,1.1426759351965419,2.2,0.03203261330659589,542,19.04040495573253,16.29257742471522,9.418112740001154,8.02680732012477,0.5336807492823112,1.1824767782477195,1233,0.9990234375,0.012976480129764802,0.9854014598540146,5.695265825383493,0,0.11656011251983384,5.475904315220216,0.0024547576904296875,0.8331922596551289,0.38112417643332136,0.4843363465297638,0.23489449720412117,0.1324590047200521,0.33510313861464847
2605122057_1_8.png,01_Good,1024,1024,90.87612438201904,48.41043055454549,88.0,45.9606,33173.755997302884,0.0,0.014319419860839844,310,37.645161290322584,0.7849017152115696,15,0.04838709677419355,0.20175249852870727,51.25832971339512,1.1333253216317731,3.4,0.008712325585658116,310,21.012620429204567,17.63371571987347,11.165332795852981,9.684320340537742,0.4239222326107267,1.1041200773894904,1195,0.99609375,0.0100418410041841,0.9866108786610879,5.076613888587851,0,0.0499724171929497,4.0,0.0015559196472167969,0.8795180722891567,0.26106170689994657,0.4888776866023003,0.11647920774140999,0.17799835897086702,0.3050847457627119
260512416I_10.png,01_Good,1024,1024,124.42033004760742,58.872180704150395,124.0,60.7866,66164.79175548753,0.02435016632080078,0.0019311904907226562,66,21.65909090909091,0.8010167044398981,3,0.045454545454545456,0.3333333333333333,42.46487605916569,1.1244468494468496,2.0,3.92156862538684e-09,66,17.779788467902556,16.108354533909747,9.852941436391223,8.63081750430813,0.3848629548084025,1.0834544925940708,1211,0.998046875,0.011560693641618497,0.9867877786952931,5.590519816359817,0,0.04964516798768687,3.333333869472659,0.001789093017578125,0.6316999184434318,0.13039959502430218,0.4709528559037237,0.04376910641199935,0.22448979591836735,0.2842370465073113
2605137521_1_2.png,01_Good,1024,1024,122.59748268127441,60.149434123269245,121.0,65.2344,69520.48803195196,0.022423744201660156,0.00054168701171875,15,27.633333333333333,0.7591293791681134,3,0.2,1.0,0.0,1.2884920634920636,1.6666666666666667,3.92156862538684e-09,15,21.222536943084823,20.68202599207752,11.888639666576829,11.47373272974761,0.3474435712205173,1.0664381439934592,1199,0.9970703125,0.012510425354462052,0.9849874895746455,5.594740764914302,0,0.0960405083905321,3.25,0.003684520721435547,0.4624458799377116,0.2783735122888309,0.619097698376645,0.0,0.22448979591836735,0.2870357227094526
260522275C_1_2.png,01_Good,1024,1024,117.17031669616699,57.67036258771077,118.0,56.3388,58870.011887280205,0.023438453674316406,0.0033960342407226562,89,29.640449438202246,0.7988461983748406,5,0.056179775280898875,0.9876156290606654,4.522683710115576,1.1266282406731845,1.8571428571428572,3.92156862538684e-09,89,20.455149795818706,19.17541017989185,11.342563946449877,10.92348975996311,0.3320767784645007,1.060161673817346,1234,0.9970703125,0.013776337115072933,0.9837925445705025,5.823295454879432,0,0.10833993870023885,2.7857144275721817,0.0068359375,0.6319275077768629,0.20354619790165546,0.4897864882015914,0.007496271091892285,0.22448979591836735,0.285561568511889
26052697R1_1_2.png,01_Good,1024,1024,75.99742126464844,42.95816483419112,72.0,38.547599999999996,22554.347866792923,0.0,0.021009445190429688,517,32.08800773694391,0.7953855481126049,32,0.061895551257253385,0.43818918162262527,36.80121210276309,1.1559926595382848,3.0,0.010125724000176962,517,19.87443481380031,17.31438019547583,10.390117370692943,9.15261766222768,0.4585830615092678,1.125300463411214,1216,0.9970703125,0.01069078947368421,0.9868421052631579,5.539697047734219,0,0.04232495319016697,2.6941176787701315,0.002051830291748047,0.8609952737524698,0.27152476937894615,0.5011336625114208,0.1813187726813987,0.1446240829502374,0.3050847457627119
2606063H5R_1_2.png,02_Out_of_Focus,1024,1024,99.3370361328125,53.27890319787851,95.0,53.373599999999996,41745.5311350533,0.0209197998046875,0.007916450500488281,110,64.50909090909092,0.7019220709344139,13,0.11818181818181818,0.5237674278697262,32.580788790030304,1.2034489248125613,2.3333333333333335,0.016399290844779972,110,27.44752326230239,26.556932152770425,14.734154288329893,14.588297116876168,0.3907625974469663,1.0863860751283583,1236,0.9990234375,0.010517799352750809,0.9862459546925566,5.31237315324415,0,0.1171100129890676,2.4651157468024336,0.010880470275878906,0.5160070656121194,0.5580736745435805,0.5752190028971204,0.0,0.209940609748131,0.28922062982369856
2606065NHT_1_2 (2).png,02_Out_of_Focus,1024,1024,53.163055419921875,35.770461001729146,48.0,26.686799999999998,9123.392560689463,0.0,0.01994800567626953,174,104.49137931034483,0.6411850552698606,23,0.13218390804597702,0.3828478240375641,39.69811372093383,1.2127471063711728,3.75,0.1383142039051269,174,29.42180750926102,33.50375367601456,13.853578824933239,15.191209456737026,0.5048078782182841,1.1584423917854112,1247,0.9990234375,0.014434643143544507,0.9847634322373697,5.840509884536383,0,0.10566814460601201,2.432835690226579,0.010961055755615234,0.5709512490732395,0.930584651283381,0.46815119142391853,0.04498186978426847,0.1499192460594264,0.3050847457627119
260606CXCN_1_2.png,02_Out_of_Focus,1024,1024,114.78224849700928,57.046312006141115,113.0,56.3388,58069.515475618115,0.02065563201904297,7.343292236328125e-05,6,6.166666666666667,0.7802231338231413,0,0.0,0.0,180.0,1.0333333333333334,1.2,3.92156862538684e-09,6,11.16867819707791,10.292051268371084,5.651627787994779,5.417689780062042,0.4475590903630031,1.118693716397083,1275,0.99609375,0.01803921568627451,0.9819607843137255,5.98178457674959,0,0.1270582286710335,2.5,0.015110015869140625,0.6262013580556245,0.12179066489896705,0.4417891962757619,0.16967022074067103,0.5561224489795918,0.28960440868904175
260606JD06_1_2.png,02_Out_of_Focus,1024,1024,47.83530902862549,32.40866942614084,43.0,23.7216,8459.907863105524,0.0,0.019433021545410156,159,115.36477987421384,0.6925594827855518,28,0.1761006289308176,0.0995529551207658,61.53718178385088,1.2366399778502366,4.333333333333333,0.11011276307733642,159,28.509376681063998,32.980108401615084,13.259689442612927,13.552838656790069,0.49312219613784597,1.1494780624465186,1253,0.9970703125,0.01596169193934557,0.9816440542697525,5.958215378722843,0,0.0737219187161035,6.0,0.0032625198364257812,0.5409903359419282,0.951840923062373,0.5359465114806312,0.040300195867365066,0.1524883278913779,0.3457627118644068
260606L395_1_2.png,02_Out_of_Focus,1024,1024,77.75902462005615,44.05427614234114,75.0,40.0302,23912.63861896369,0.0,0.010109901428222656,110,85.60909090909091,0.71590836402496,10,0.09090909090909091,0.2806711843763158,45.66749417140118,1.1838403155621,2.7,0.04226320640515561,110,26.836535087072974,24.862529089637228,13.58937358878652,12.129994261101537,0.44119315047135965,1.114315175134473,1228,0.9990234375,0.012214983713355049,0.9869706840390879,5.390717715521163,0,0.1330977877689476,2.8,0.009518623352050781,0.6638982172949389,0.7620061054160333,0.5567877340336715,0.0,0.19899822416759674,0.3050847457627119
260606OYH0_1_1.png,02_Out_of_Focus,1024,1024,118.45717716217041,58.20715173195574,120.0,56.3388,61069.87986096591,0.02254009246826172,3.528594970703125e-05,3,6.333333333333333,0.7148506444778935,2,0.6666666666666666,6.123233995736766e-17,90.0,1.5555555555555556,2.0,3.92156862538684e-09,3,11.59554549485018,12.329898529942273,6.499392968977855,7.107586400885064,0.5152957206402851,1.1668442075105776,1223,0.9970703125,0.008994276369582993,0.9860997547015535,5.636327135612187,0,0.13468648161342936,3.7142857142857144,0.010674476623535156,0.05,0.18817340344880149,0.7682365196819388,0.11273759516222788,0.7091836734693877,0.28686669375070944
260606WEOA_1_2.png,02_Out_of_Focus,1024,1024,111.03836345672607,56.77955775032954,109.0,54.856199999999994,53020.10036955224,0.02136993408203125,0.0006103515625,14,32.964285714285715,0.5940521589112732,3,0.21428571428571427,0.5288605614836615,32.33610733004261,1.192349515563801,2.0,0.0016806761838853118,14,23.5210654886101,22.266562865045415,11.816329471684899,10.2130458357524,0.3557551989741159,1.0700138614311614,1220,0.99609375,0.010655737704918032,0.9860655737704918,5.281681845938559,0,0.20343834912271908,2.7884614293375267,0.03279924392700195,0.45548981589577653,0.31366859448819673,0.5531777663108476,0.0,0.25,0.30359814703105514
260606YTIR_1_1.png,02_Out_of_Focus,1024,1024,115.63290309906006,56.68609146973369,114.0,59.303999999999995,56658.86350722973,0.021945953369140625,0.00041961669921875,17,16.352941176470587,0.6355865090783179,7,0.4117647058823529,0.39590796322075067,38.998470515970304,1.4993251846193023,2.6666666666666665,3.92156862538684e-09,17,18.90998439999295,12.857287037060965,9.89014247829755,6.444409476424189,0.3626076022197386,1.0730282514700147,1249,0.9970703125,0.012810248198558846,0.9807846277021617,5.808126005839507,0,0.1025990110974487,2.4476328661554407,0.01122140884399414,0.48660485559068656,0.19419971172767056,0.6633321750172751,0.12301535701707782,0.22448979591836735,0.2877298498269144
260606Z6Z9_1_1.png,02_Out_of_Focus,1024,1024,72.4509105682373,42.34586013289039,68.0,34.099799999999995,20718.69297691102,0.0,0.012568473815917969,128,90.41796875,0.6240862299507892,24,0.1875,0.07824929093473679,64.66883426691054,1.2392520076506213,2.5714285714285716,0.030058860853227374,128,28.397514080724605,29.679960572506396,13.86540337697358,13.306480887107043,0.4455400147655045,1.116992400410147,1244,0.998046875,0.016881028938906754,0.979903536977492,6.596592232527684,0,0.08604161639158792,2.7142857142857144,0.008352279663085938,0.55695958232066,0.7767392174695716,0.6732316811085449,0.0,0.1867332371995022,0.3050847457627119
260606Z6Z9_1_2 (2).png,02_Out_of_Focus,1024,1024,50.13778209686279,34.536775047648376,45.0,26.686799999999998,8950.968236734792,0.0,0.020415306091308594,172,109.59883720930233,0.6625285702335532,28,0.16279069767441862,0.4694704538508965,35.22991440026581,1.2179258205941446,2.5714285714285716,0.13972871186793268,172,28.116437497570725,32.57996476380149,13.265847388316583,14.208877859943492,0.5155015417021652,1.1670128392346037,1246,0.998046875,0.015248796147672551,0.9847512038523274,5.562951501725886,0,0.08574970205044541,2.380952326372674,0.009088516235351562,0.542339927545665,0.9405691554467566,0.5139839065643007,0.04923005537553267,0.14758804217487778,0.3050847457627119
260614WALM_15_1.png,02_Out_of_Focus,512,512,37.31292724609375,36.531012121473154,26.0,20.7564,129.8692968771211,0.0,0.047771453857421875,340,27.229411764705883,0.8066799158897647,31,0.09117647058823529,0.10009217696470632,61.46509727987756,1.1625881389851977,3.0,0.019592718453871765,340,17.32585456857183,15.04908669083511,8.900857277560258,7.2219327711142896,0.7218029944262019,1.444889518689481,9,0.26953125,0.2222222222222222,0.7777777777777778,20.158087969942457,0,0.03954663557050687,3.4,0.000789642333984375,0.7402561251075751,0.28476434159774466,0.5422924879695892,0.7990105928990211,0.011117463749822868,0.20930858218993814
260614WALM_3_1.png,02_Out_of_Focus,512,512,21.80923080444336,30.856152102724,11.0,10.3782,50.81089386586973,0.0,0.047313690185546875,136,78.48161764705883,0.8386373492977413,11,0.08088235294117647,0.13883990194473333,56.92839272890764,1.1907362096608656,3.5,0.019745950334012607,136,23.142111619172766,21.532637791782708,11.620319074335153,9.863138746022095,0.7526562465419153,1.5188054252194938,0,0.0,0.0,0.0,0.0,0,0.06247544839110046,3.6666666666666665,0.002582550048828125,0.7064284771204385,0.4424522956801985,0.5605823324632005,0.6704545454545454,0.1154419083714215,0.23728813559322035
260614WALM_8_1.png,02_Out_of_Focus,512,512,18.39602279663086,27.89623952519302,9.0,7.412999999999999,51.143072592501994,0.0,0.043788909912109375,201,46.166666666666664,0.8195360987791348,22,0.10945273631840796,0.15963474449457435,54.87947146915769,1.1928652574203842,3.75,0.022396764402854263,201,19.33444417768424,16.718846199080588,9.674091279569287,7.845966821108482,0.7698465477206814,1.5668356580009262,0,0.0,0.0,0.0,0.0,0,0.04521889542036065,6.5,0.00196075439453125,0.7332984389583922,0.30174884472690905,0.5715474503424955,0.7418521522558927,0.1330258462434453,0.288135593220339
260619J169_11.png,02_Out_of_Focus,512,512,27.73720932006836,31.216087654717214,18.0,13.343399999999999,644.1295493551879,0.0,0.03690338134765625,450,14.045555555555556,0.8038755427538624,24,0.05333333333333334,0.5000487972229329,33.72793795802767,1.1415169953503288,2.75,0.027823424619448162,450,13.243398784541059,11.474088324525269,6.576671340383149,5.650834361911345,0.7050246308333324,1.4100865961263425,111,0.5410156249999999,0.12612612612612611,0.8648648648648649,19.028679762109018,0,0.04005097002814429,4.379310582530321,0.000885009765625,0.7570201989290498,0.3273162744814965,0.5395695159440602,0.8198790280630359,0.06533460552189627,0.27768301184807437
260619J169_34.png,02_Out_of_Focus,512,512,34.29761505126953,29.845043576562624,28.0,16.3086,2089.8009178474895,0.0,0.033985137939453125,289,22.1159169550173,0.8180848647469332,18,0.06228373702422145,0.32811735084955346,42.768602574642884,1.141147189310226,2.5,0.04021957393915118,289,15.417573098019757,13.593658179227987,7.342934852431702,6.071461593530461,0.6637909451147201,1.3370446756240504,457,0.9726562499999999,0.15536105032822758,0.8271334792122538,19.6055570291043,0,0.04052034367494193,3.3617021276595747,0.0013065338134765625,0.7550664040964538,0.3779769028179716,0.528189539040445,0.6147603234586654,0.07989273590295497,0.3030078255387012
260619J169_47.png,02_Out_of_Focus,512,512,30.702972412109375,32.111747070840316,21.0,16.3086,567.553702150879,0.0,0.041423797607421875,391,19.379795396419436,0.8144365695741228,25,0.0639386189258312,0.5899409049983341,29.431657631552852,1.1570243907839814,2.5,0.021915931080115015,391,15.03463565537194,12.765913320058152,7.599384048112719,6.371057818570611,0.7065780469872949,1.413157673042681,53,0.359375,0.018867924528301886,0.8867924528301887,15.857730140963342,0,0.03877614376452315,3.289473930812964,0.0010814666748046875,0.7424659116284823,0.283364818379401,0.5562168567877155,0.7937857088703012,0.04278377610809949,0.24533898305084748
260619J169_78.png,02_Out_of_Focus,512,512,36.50233459472656,30.63417647983244,30.0,17.7912,2549.9870225948835,0.0,0.031368255615234375,308,18.56331168831169,0.8081208905688912,20,0.06493506493506493,0.4746356184751865,34.97408460488907,1.1462320136785378,3.0,0.01287949929536932,308,14.434281809154799,12.316353298168874,6.912989269643519,5.819084223782644,0.6413058255417203,1.3032961781339416,612,0.955078125,0.1650326797385621,0.7990196078431373,19.91052374399293,0,0.03839746750154293,3.3076921360658598,0.001194000244140625,0.7661180030397667,0.24181469268992695,0.5370470211920283,0.573009946876488,0.09294747765642719,0.2992609473167798
2606222JG3_1_1.png,02_Out_of_Focus,1024,1024,36.50351047515869,27.623685453008697,32.0,16.3086,4006.6272924313034,0.0,0.02657604217529297,226,107.30530973451327,0.7729827323482619,23,0.10176991150442478,0.26973073468155156,46.37652016045933,1.2038561962795145,4.5,0.06296544849822475,226,29.75433887843649,30.596989003196644,13.494848780476026,13.22569080806192,0.5868599404628962,1.2350473263050492,1191,0.9765625,0.005037783375314861,0.9907640638119227,5.129464375689205,0,0.041299475584870377,3.0236689220619626,0.0015816688537597656,0.6007743893181283,0.8755338737897568,0.5167125340254439,0.19528227426387176,0.1168542113704206,0.3050847457627119
2606227JDP_1_2.png,02_Out_of_Focus,1024,1024,28.765077590942383,26.73839050891764,24.0,13.343399999999999,2234.927239069235,0.0,0.030798912048339844,396,69.27272727272727,0.7687083963519394,76,0.1919191919191919,0.7501214100461818,21.72410132023585,1.2497927804920297,2.25,0.1169059886751763,396,24.57044394182524,24.853748934148186,11.218296578249934,10.359415180033288,0.6281851391800819,1.2852414838821562,868,0.8496093749999999,0.22235023041474655,0.7546082949308756,22.841679554848827,0,0.04356750813871892,11.913043212149713,0.002238750457763672,0.601733224071653,0.7011789552858917,0.6520479047008523,0.4345288825842073,0.09578774034841803,0.43799885258038296
260622AD3U_5.png,02_Out_of_Focus,1024,1024,123.23794460296631,59.02749640520895,123.0,60.7866,63756.94073494189,0.023695945739746094,5.7220458984375e-05,5,6.2,0.7427867113132025,1,0.2,0.0,180.0,1.2666666666666666,2.0,3.92156862538684e-09,5,11.348216992057605,11.958465188583641,6.0970903165301,6.783594846551594,0.29168715021662645,1.0454632474766705,1206,0.99609375,0.012437810945273632,0.9842454394693201,5.763285854094528,0,0.03548044196925544,3.174999703255094,0.0010538101196289062,0.4770211076684222,0.15967232992776856,0.5592376001732726,0.12347770631852158,0.6071428571428571,0.2851874880294246
260622DI0V_1_2.png,02_Out_of_Focus,1024,1024,86.44492816925049,46.56045162909949,83.0,41.5128,23899.291565530024,0.0,0.012487411499023438,142,78.89788732394366,0.7023351812293226,27,0.19014084507042253,0.5591154029955425,30.89192112955796,1.239562094966425,3.125,0.026070867781920096,142,28.957627805964595,33.19481966646616,14.972645274834768,15.864725084215465,0.5020828978822597,1.156311985839594,1232,0.9970703125,0.012987012987012988,0.9821428571428571,6.206244165626871,0,0.15074408318457977,3.4821429137464857,0.00882101058959961,0.5454868486436801,0.7285437930564852,0.7402949497195077,0.0,0.18713762971008718,0.3050847457627119
260623CZEM_1_2.png,02_Out_of_Focus,1024,1024,120.5010633468628,57.422798432187186,120.0,59.303999999999995,52750.57000716001,0.022466659545898438,0.0018901824951171875,33,49.13636363636363,0.6628693471093591,0,0.0,0.0,180.0,1.1554883668520033,1.4,0.022697567706593025,33,25.36677304591497,25.549466410710775,13.712254896147893,13.259594217120565,0.33709091438096905,1.0621663666878827,1234,0.99609375,0.012965964343598054,0.9854132901134521,5.589562406688947,0,0.18163913506249021,3.3142858232770647,0.018526077270507812,0.5629170145742035,0.5095704270848723,0.4215351022094375,0.0,0.22448979591836735,0.2880245848893043
2607027VZF_1062.png,02_Out_of_Focus,1024,1024,111.01562786102295,55.946676044283926,107.0,57.8214,50803.76441585591,0.020585060119628906,0.0024871826171875,63,31.206349206349206,0.7422798074906881,10,0.15873015873015872,0.36865415461087647,40.471597397110145,1.2099349504111407,2.4,0.005042020708518697,63,20.291980753665467,19.094847768534663,10.612578516891945,8.793608510443047,0.3648860171843275,1.0740536381190249,1222,0.9990234375,0.009819967266775777,0.9877250409165302,5.324075239484585,0,0.08518481310820995,2.783950610776878,0.004861354827880859,0.509317119443208,0.2391680041128405,0.5692991128787744,0.012919372321433817,0.22448979591836735,0.2897069344509024
2607027VZF_1867.png,02_Out_of_Focus,1024,1024,112.12258625030518,58.13318653201821,108.0,59.303999999999995,33524.759379793,0.022858619689941406,0.0001678466796875,9,11.666666666666666,0.674965770521125,3,0.3333333333333333,0.3333333333333333,42.46487605916569,1.3240740740740742,1.75,0.0187363872903584,9,13.735470729888126,10.680548144153287,7.121158461370466,5.837316476846535,0.4095633822448833,1.0961526890085114,1251,0.998046875,0.016786570743405275,0.982414068745004,6.322356885017533,0,0.221352572054335,3.5797596293895206,0.028199195861816406,0.4816066829685574,0.30160281439257847,0.675217362536906,0.15660146057936705,0.4030612244897959,0.3129241442978722
2607027VZF_2096.png,02_Out_of_Focus,1024,1024,100.85515213012695,52.006577643606086,95.0,48.925799999999995,40739.38829579448,0.02071094512939453,0.00045299530029296875,15,21.6,0.6385242371633597,1,0.06666666666666667,0.0,180.0,1.09989898989899,1.5,0.013702243687606419,15,17.256526141289704,11.378006139857632,8.610797274347059,6.177293663956583,0.351098480446746,1.0679897919659596,1238,0.998046875,0.015347334410339256,0.981421647819063,5.990480332271191,0,0.09726224016174163,2.9,0.007273674011230469,0.6038100850891136,0.2815946147056995,0.38043812455762355,0.14253417909319008,0.22448979591836735,0.2895240506594753
2607027VZF_2105.png,02_Out_of_Focus,1024,1024,115.96975326538086,56.645170284140924,110.0,50.4084,56040.84151336919,0.022828102111816406,0.0,0,0.0,0.0,0,0.0,0.0,180.0,0.0,0.0,0.0,0,0.0,0.0,0.0,0.0,0.0,0.0,1244,0.9990234375,0.01527331189710611,0.9839228295819936,6.02407192600072,0,0.12156810642701954,3.6,0.00782632827758789,0.05,0.19576929139461796,0.36257309941520477,0.18181818181818182,0.7346938775510203,0.2864482778036566
2607027VZF_2115.png,02_Out_of_Focus,1024,1024,106.79882335662842,54.41461128774855,105.0,54.856199999999994,48305.01853254329,0.020910263061523438,0.0001659393310546875,9,11.444444444444445,0.6649929952177687,1,0.1111111111111111,0.0,180.0,1.3657407407407407,3.5,0.01655773806142935,9,14.146635064502286,10.82715002319813,7.229837130201868,6.037024147738215,0.3483742452278533,1.0668310694032233,1235,0.9990234375,0.011336032388663968,0.9854251012145749,5.526348639821754,0,0.09057923566432385,3.6,0.006218433380126953,0.5438162543789029,0.27779092024887386,0.4999901707394192,0.1507299055223303,0.4030612244897959,0.28923448465638246
2607027VZF_2116.png,02_Out_of_Focus,1024,1024,83.91712951660156,46.16282557263934,82.0,41.5128,28077.966497003188,0.0,8.58306884765625e-06,1,4.0,0.7853981633974483,0,0.0,0.0,180.0,1.0,1.0,4.219409266426055e-09,1,11.071906334741108,11.071906334741108,6.420513301310032,6.420513301310032,0.47375148045581006,1.1355138331206192,1298,0.99609375,0.02234206471494607,0.977657935285054,6.8564149714867915,0,0.10493104890911711,3.5714285714285716,0.008792877197265625,0.05,0.19204535866449546,0.46212826377644417,0.1397891855634892,0.7346938775510203,0.3050847457627119
2607027VZF_2117.png,02_Out_of_Focus,1024,1024,113.50815868377686,56.441804877586655,110.0,50.4084,55008.110057046346,0.022246360778808594,0.0,0,0.0,0.0,0,0.0,0.0,180.0,0.0,0.0,0.0,0,0.0,0.0,0.0,0.0,0.0,0.0,1249,0.9990234375,0.016012810248198558,0.9815852682145717,6.309492721338887,0,0.09682225867342428,2.727272727272727,0.00810861587524414,0.05,0.198392101442422,0.36257309941520477,0.18181818181818182,0.7346938775510203,0.28729342259737256
2607027VZF_2126.png,02_Out_of_Focus,1024,1024,77.83671951293945,43.653185643854364,74.0,38.547599999999996,24868.704189663214,0.0,4.9591064453125e-05,1,35.0,0.3882673457103857,1,1.0,0.0,180.0,4.0,4.0,4.366812245137908e-09,1,32.052731109708176,32.052731109708176,14.088076876142555,14.088076876142555,0.821231546549151,1.7525562917459065,1280,0.998046875,0.01328125,0.984375,5.5158695725446005,0,0.097326946110918,3.25,0.00805044174194336,0.05,0.5463651957087919,0.8771929824561404,0.3068181818181818,0.7346938775510203,0.3050847457627119
2607027VZF_2127.png,02_Out_of_Focus,1024,1024,105.99962139129639,55.314096467419446,105.0,54.856199999999994,49414.38211954452,0.021485328674316406,3.0517578125e-05,2,7.0,0.7744965540067155,0,0.0,0.0,180.0,1.125,1.25,3.92156862538684e-09,2,12.348902238891682,12.348902238891682,6.697080282420189,6.697080282420189,0.2991334557114086,1.0480842267353554,1252,0.998046875,0.011980830670926517,0.9856230031948882,5.82335570798174,0,0.09448261335559967,5.25,0.006423473358154297,0.05,0.15031661860935497,0.36582196231319036,0.12189451868234405,0.7346938775510203,0.31382276705910456
2607027VZF_2129.png,02_Out_of_Focus,1024,1024,111.05575656890869,57.121082840990084,110.0,62.2692,55866.71242746159,0.022500991821289062,8.58306884765625e-06,1,4.0,0.7853981633974483,0,0.0,0.0,180.0,1.0,1.0,3.92156862538684e-09,1,11.479757592983557,11.479757592983557,6.265077843504875,6.265077843504875,0.4646043999728831,1.1292820728908104,1304,0.9990234375,0.015337423312883436,0.9831288343558282,5.92921491073552,0,0.10138822697013987,2.4375,0.00855875015258789,0.05,0.12147076582523599,0.45436942948922887,0.1396140708932205,0.7346938775510203,0.2869234985647133
2607027VZF_2175.png,02_Out_of_Focus,1024,1024,91.0797233581543,49.795268711925864,88.0,47.4432,35075.43448545769,0.0,5.7220458984375e-06,0,0.0,0.0,0,0.0,0.0,180.0,0.0,0.0,0.0,0,0.0,0.0,0.0,0.0,0.0,0.0,1288,0.998046875,0.014751552795031056,0.9798136645962733,6.314969863470688,0,0.09729808605640015,3.3333333333333335,0.007762432098388672,0.05,0.2490147695607424,0.36257309941520477,0.18181818181818182,0.7346938775510203,0.3050847457627119
2607027VZF_2176.png,02_Out_of_Focus,1024,1024,98.39476680755615,51.70245019691631,95.0,45.9606,36739.76794777088,0.020263671875,4.9591064453125e-05,4,5.75,0.7543996120274177,1,0.25,0.0,180.0,1.1666666666666667,1.6666666666666667,0.010869569126997741,4,10.046198763864886,10.336834923591166,5.350686022090261,5.400305068661285,0.5668808167429555,1.3418538986628905,1274,0.998046875,0.0141287284144427,0.9811616954474097,5.815402369120275,0,0.09684650364803019,3.25,0.007251739501953125,0.05,0.2371510883422511,0.7549109848713563,0.22393550743494092,0.6581632653061225,0.2901738423123487
2607027VZF_2364.png,02_Out_of_Focus,1024,1024,102.9695405960083,52.91506769304015,98.0,51.891,42553.44878825868,0.02054119110107422,0.00025177001953125,9,19.0,0.6096946214631542,2,0.2222222222222222,0.9805806781518089,5.67349076218429,1.746296296296296,5.0,0.040522879579648854,9,18.07733617555433,15.870059277499859,9.120294115847353,8.181006974034197,0.37604758245889075,1.0792139198538,1265,0.9970703125,0.015810276679841896,0.9818181818181818,6.172208180871518,0,0.09298581017758378,4.70000013351443,0.0069122314453125,0.4942979676830546,0.4487282110090233,0.6602425448395597,0.05615839352195134,0.4030612244897959,0.3040079575323891
2607027VZF_2371.png,02_Out_of_Focus,1024,1024,98.33777523040771,51.82107646676849,98.0,48.925799999999995,40351.65586175296,0.020409584045410156,2.193450927734375e-05,2,3.5,0.6872233929727672,1,0.5,0.0,180.0,1.5,2.0,3.937007830856487e-09,2,10.143513817967891,10.143513817967891,5.901989118697065,5.901989118697065,0.5453251405312639,1.5571451288672886,1287,0.9990234375,0.01554001554001554,0.9821289821289821,6.077351306486631,0,0.09535238733160686,6.71428553912102,0.008189678192138672,0.05,0.23561484225586554,0.832303179175201,0.3077410307753586,0.7346938775510203,0.3451676709476283
260704R43Z_1_2.png,02_Out_of_Focus,1024,1024,81.04360294342041,46.35706864305529,77.0,40.0302,23611.20005706034,0.0,0.000812530517578125,39,13.551282051282051,0.6730528456319471,9,0.23076923076923078,0.5737201386137751,30.19910378780657,1.3059116809116809,3.0,0.014729955092802123,39,14.305488842725177,10.646182917001322,7.4099820967498164,5.984613870802132,0.4930821553513508,1.1494480760288621,1248,0.9990234375,0.01282051282051282,0.9839743589743589,5.6224709574805125,0,0.059385921076213946,5.666666666666667,0.004793643951416016,0.5871480166398414,0.33064115432417573,0.787279415646264,0.1535662036908486,0.22448979591836735,0.33898305084745767
260704RBZH_1_1.png,02_Out_of_Focus,1024,1024,101.51655101776123,53.003229679427676,99.0,51.891,39591.0284685778,0.020807266235351562,0.0,0,0.0,0.0,0,0.0,0.0,180.0,0.0,0.0,0.0,0,0.0,0.0,0.0,0.0,0.0,0.0,1263,0.998046875,0.00870942201108472,0.9873317498020586,5.178714361985048,0,0.06258128439606737,2.750000143051175,0.005179882049560547,0.05,0.23754659436551676,0.36257309941520477,0.18181818181818182,0.7346938775510203,0.2893841168493682
FILE_CURRENT_FOCUS12058 (22).png,02_Out_of_Focus,1024,1024,15.31796932220459,20.517486912150122,13.0,5.9304,692.710478512512,0.005038261413574219,0.007938385009765625,45,182.7111111111111,0.7191001636258303,9,0.2,0.5362185199888005,31.983505769682154,1.2241465900059902,2.0,0.30032512557538044,45,22.68983045131845,22.443016534613218,9.441298470837223,8.824340981326614,0.5142160834319102,1.1659622955772442,0,0.0,0.0,0.0,0.0,0,0.034664802985982464,1.8875000666400106,0.0012230873107910156,0.621202312173562,0.828453010383591,0.5436414043027401,0.2312649776971224,0.3118720022188563,0.23728813559322035
FILE_CURRENT_FOCUS12058 (24).png,02_Out_of_Focus,1024,1024,25.402053833007812,22.189734602395838,23.0,10.3782,2061.968531089091,0.005095481872558594,0.009456634521484375,61,155.54918032786884,0.6834898719501582,10,0.16393442622950818,0.7522589343383886,21.6163349027754,1.2392371435965053,2.8333333333333335,0.34301933501008086,61,27.015960192906903,30.434222732596815,10.671371981199341,9.557405536068481,0.4920029409668997,1.1486416540980384,123,0.3622191294698642,0.12195121951219512,0.8536585365853658,20.430237283850317,0,0.030720487533912412,2.8333333333333335,0.0008420944213867188,0.45853693888875785,0.944169269395851,0.5242719572412184,0.16835901005254808,0.20225715204701672,0.24572462772472736
FILE_CURRENT_FOCUS12058 (36).png,02_Out_of_Focus,1024,1024,24.643216133117676,23.5309934726961,22.0,10.3782,1622.4443786281904,0.005118370056152344,0.011832237243652344,56,198.9375,0.6273961901279222,3,0.05357142857142857,0.9745418433217755,6.506013685159086,1.1305561504029558,1.5555555555555556,0.2570706481478479,56,28.16153165231046,32.06948714179549,11.166344241569517,10.465832774354618,0.526934940659326,1.1766275173318668,1,0.15615842042780725,1.0,0.0,0.0,0,0.039812273985780876,2.888709819997219,0.0008206367492675781,0.6644713452058474,0.9649333205566769,0.40174212766286704,0.237361114850671,0.258433283591757,0.1016949152542373
FILE_CURRENT_FOCUS12058 (37).png,02_Out_of_Focus,1024,1024,30.021580696105957,23.209559651577834,27.0,11.8608,2848.217804745107,0.005055427551269531,0.0106201171875,99,97.37878787878788,0.623494331253501,11,0.1111111111111111,0.6030855099262854,28.81061414588981,1.2262299552987765,4.666666666666667,0.23401250392852294,99,24.48088600402125,24.803248555808818,10.482862229947244,9.335265886506773,0.5528652922752454,1.2000902773183109,1266,0.998046875,0.052132701421800945,0.9391785150078988,10.383592558513085,0,0.023337666227107614,2.4285714285714284,0.0005741119384765625,0.5557689499352307,0.7877194314147805,0.5266079742721397,0.12226035200311891,0.19645293013038548,0.3050847457627119
FILE_CURRENT_FOCUS12058 (61).png,02_Out_of_Focus,1024,1024,11.308112144470215,20.685848399186764,9.0,4.4478,349.21969099371563,0.0050411224365234375,0.007878303527832031,25,304.4,0.588584750741367,13,0.52,0.09321618866789373,62.40814894633423,1.4148174223855658,2.3181818181818183,0.12508966078724132,25,25.140682909053506,27.364370456653386,11.286110346888798,10.613038577200477,0.6755634557928568,1.356296611422751,0,0.0,0.0,0.0,0.0,0,0.03756504353585048,4.7241380572416025,0.0013413429260253906,0.5186315759743608,0.9337838282207578,0.7422302839865565,0.3580815974054014,0.312171728432584,0.25201636726593096
FILE_CURRENT_FOCUS12058 (62).png,02_Out_of_Focus,1024,1024,11.308112144470215,20.685848399186764,9.0,4.4478,349.21969099371563,0.0050411224365234375,0.007878303527832031,25,304.4,0.588584750741367,13,0.52,0.09321618866789373,62.40814894633423,1.4148174223855658,2.3181818181818183,0.12508966078724132,25,25.140682909053506,27.364370456653386,11.286110346888798,10.613038577200477,0.6755634557928568,1.356296611422751,0,0.0,0.0,0.0,0.0,0,0.03756504353585048,4.7241380572416025,0.0013413429260253906,0.5186315759743608,0.9337838282207578,0.7422302839865565,0.3580815974054014,0.312171728432584,0.25201636726593096
FILE_CURRENT_FOCUS12058 (7).png,02_Out_of_Focus,1024,1024,20.896942138671875,21.93257953542138,18.0,7.412999999999999,1230.2546820437697,0.005087852478027344,0.010766029357910156,95,112.8,0.662856870245528,20,0.21052631578947367,0.4080247688331217,38.35881617117629,1.249367529283612,2.3333333333333335,0.29185578913168253,95,22.492399977608166,19.657119911226587,9.632771381116708,8.805452598155343,0.6827583811765369,1.3686551634470272,0,0.0,0.0,0.0,0.0,0,0.03391521601686014,2.329787170317235,0.0007143020629882812,0.6177207532567639,0.73836636398831,0.6997313012809131,0.368645327950788,0.29776583993786315,0.23728813559322035
FILE_CURRENT_FOCUS12058 (8).png,02_Out_of_Focus,512,512,5.7989501953125,20.391957708997126,3.0,1.4826,210.28046317392727,0.005039215087890625,0.008800506591796875,29,66.91379310344827,0.7244430486001237,5,0.1724137931034483,0.6081497602902998,28.571415592603604,1.1789514604169775,2.2,0.3266518612940957,29,17.109246577626934,17.397184839681152,7.713506852774898,5.0833018229550015,0.652226384330062,1.3192190321182398,0,0.0,0.0,0.0,0.0,0,0.03383077480586857,2.25,0.0010623931884765625,0.60359322423712,0.5806183670652463,0.5771657335752214,0.42029058919974027,0.30757116892981146,0.23728813559322035
FILE_CURRENT_FOCUS12058 (9).png,02_Out_of_Focus,1024,1024,5.642786979675293,22.64119809780601,3.0,1.4826,81.25048908867664,0.0051021575927734375,0.011834144592285156,69,191.28985507246378,0.7206298743594525,8,0.11594202898550725,0.33297273482112033,42.48578965364819,1.1590457196068578,2.0,0.44699628566727,69,16.916484602058922,17.736043525407908,8.217632463654574,8.609293108264843,0.5971961561750277,1.2467347616476838,0,0.0,0.0,0.0,0.0,0,0.027390778500252472,1.8723402142013543,0.0004887580871582031,0.6884412024304428,0.7646354146352508,0.49666920345792454,0.25673385185390896,0.2924373739160378,0.23728813559322035
FILE_CURRENT_FOCUS12408 (13).png,02_Out_of_Focus,1024,1024,24.044869422912598,22.47524552637658,22.0,10.3782,1857.6536828034718,0.005047798156738281,0.011545181274414062,108,96.45370370370371,0.6323705026217138,15,0.1388888888888889,0.4730016047959988,35.05491623583455,1.1873172836259032,2.3333333333333335,0.31506345582761375,108,26.00958919484794,30.245639713504282,10.181541247213747,8.883485014058802,0.4813818119521034,1.140887254636104,10,0.2580435902048349,0.4,0.6,26.91413592229214,0,0.021076067653102055,2.4489797649502583,0.0004200935363769531,0.547015785169611,0.8436372737270806,0.4477803032055615,0.20067099172898578,0.19183809795076884,0.14043583535108958
FILE_CURRENT_FOCUS12408 (14).png,02_Out_of_Focus,1024,1024,22.337474822998047,22.05751462073006,20.0,8.8956,1492.0411595044266,0.005054473876953125,0.011445045471191406,108,94.20370370370371,0.6496685914318518,13,0.12037037037037036,0.8045238564637628,18.89478335968435,1.1985923601936672,2.0,0.18580530754583086,108,23.610434399299507,21.99942928982505,9.366342524777194,8.028927944171567,0.47476318238500925,1.136276654025395,0,0.0,0.0,0.0,0.0,0,0.021593421535662297,2.0,0.0004911422729492188,0.7131315837416974,0.7149366661129561,0.4514583300808578,0.22138566266062196,0.29437845796684553,0.23728813559322035
FILE_CURRENT_FOCUS12408 (42).png,02_Out_of_Focus,1024,1024,26.40066623687744,23.991678136132055,24.0,11.8608,1845.1645139085363,0.0051136016845703125,0.010250091552734375,97,111.80412371134021,0.6624564387798818,58,0.5979381443298969,0.9755011914076013,6.380689324514123,1.4348686539487983,2.25,0.19219594244150898,97,23.698928475878137,23.1557469020887,9.594016983075656,8.648741843454658,0.5103315702405903,1.1628208153627255,45,0.4575510573950092,0.13333333333333333,0.8444444444444444,18.40401369724583,0,0.06456597422408931,1.85,0.005935192108154297,0.5271008695016374,0.7786529315051763,0.6869190583660771,0.189399658341184,0.19829886300223215,0.25865099083322163
260511AAJR_1_1.png,03_Tracking_Error,1024,1024,70.81195831298828,41.372015815969746,66.0,32.6172,18877.57703844717,0.0,0.004940986633300781,38,113.9342105263158,0.7349358706117034,4,0.10526315789473684,0.6528813927705479,26.454268659711026,1.1678930396000664,2.0,0.02645597661772856,38,28.34390858960135,20.134014056914932,14.753472167720902,10.580845477739036,0.30932728008060884,1.051657376633817,1298,0.9951171875,0.00847457627118644,0.9861325115562404,5.314937597141675,0,0.5024559725992913,4.188273835925046,0.028365612030029297,0.6425794081849391,0.5620001328333312,0.3839851403262813,0.0,0.22448979591836735,0.5157112780366834
260511BJ9M_1_1.png,03_Tracking_Error,1024,1024,123.90013694763184,59.56164574938444,123.0,63.751799999999996,68513.85514929975,0.024580001831054688,0.0012578964233398438,36,26.72222222222222,0.7929095373364943,1,0.027777777777777776,0.0,180.0,1.1348544973544974,1.6666666666666667,0.0023965180733905734,36,19.981131807072874,19.04547443480464,11.102098835745837,10.307733037652511,0.36615775485722657,1.074630233464795,1219,0.998046875,0.008203445447087777,0.9893355209187858,5.315196383795586,0,0.08756477188663525,3.3333333333333335,0.007842063903808594,0.6052624390955689,0.19168516340802946,0.42683485168124835,0.008677505138139646,0.22448979591836735,0.28390314503963
260512N494_1_1.png,03_Tracking_Error,1024,1024,106.80342197418213,53.35073528767401,104.0,48.925799999999995,46187.35494124474,0.020079612731933594,0.012803077697753906,273,37.92490842490842,0.7750497366768991,21,0.07692307692307693,0.1295378135326174,57.91952168936532,1.1634310032661679,3.5,0.003016595161624225,273,22.393717654729922,20.615010073084893,12.154905837462133,11.32182955968441,0.4613567704589094,1.1271228890812575,1204,0.998046875,0.007475083056478406,0.9900332225913622,4.760002734575453,0,0.05547860792295843,5.541666460713569,0.0015497207641601562,0.7105450905570141,0.2909088896016618,0.5469991447528603,0.06793831168831169,0.18556287769827984,0.3217971685976606
260514T5PO_50.png,03_Tracking_Error,512,512,32.99885177612305,30.809440826422126,25.0,16.3086,3104.959238968775,0.0,0.016780853271484375,248,10.963709677419354,0.7939048305821934,6,0.024193548387096774,0.6666666666666666,25.797901383694764,1.1094118023553508,1.6666666666666667,0.0003496235295844691,248,12.350685672738647,10.701101718790412,5.962738598338213,5.386918672456382,0.6450874218722763,1.3087143094885576,558,0.9140624999999999,0.16308243727598568,0.8118279569892473,20.58306534387889,0,0.04695630968816917,3.184210427756415,0.000957489013671875,0.7570415148174896,0.21553733647749326,0.5808990942289949,0.40968106582791475,0.1657190993259283,0.30001648919090146
260520XBLU_1_1.png,03_Tracking_Error,1024,1024,109.03730487823486,56.02439999125104,110.0,51.891,53075.51322578381,0.021577835083007812,0.001728057861328125,35,40.2,0.7669234942638075,3,0.08571428571428572,0.3590109859531209,41.00557486902831,1.160510521224807,2.0,3.92156862538684e-09,35,23.551566190952332,21.0665252253052,12.944792809939369,11.865203187671577,0.30524144183249424,1.050116833276925,1285,0.9970703125,0.01634241245136187,0.9813229571984435,6.227811523430905,0,0.14592038690922007,2.4920637268988095,0.0170135498046875,0.5575787530165951,0.301034955523878,0.42698132368065833,0.0,0.22448979591836735,0.2882646463685117
260522DUJD_1_5.png,03_Tracking_Error,1024,1024,111.17877006530762,56.447626186261544,110.0,56.3388,54283.09472552952,0.022306442260742188,0.005883216857910156,162,27.932098765432098,0.7805673782393016,8,0.04938271604938271,0.2640294369163068,46.75305202402616,1.1580411529485604,2.25,0.0014766439545094217,162,19.910009011840458,18.036407720933692,10.853872936114996,10.036685716256214,0.3851132941953176,1.0835772656479437,1223,0.9970703125,0.01553556827473426,0.9811937857726901,6.200728758995072,0,0.0563233255975259,5.411765025582283,0.0033559799194335938,0.6963003585040568,0.20090027637880645,0.5104303340137107,0.017850838900602805,0.2200837254253915,0.3159200020785614
260523AB0J_14.png,03_Tracking_Error,512,512,66.38252639770508,37.236949114221055,63.0,31.1346,10287.713601827621,0.0,0.0200958251953125,145,25.896551724137932,0.7676172797544304,15,0.10344827586206896,0.23831144099334883,48.51868189471638,1.167897737639117,4.0,4.739336478820633e-09,145,17.14906891326742,13.430765545930415,8.602308808470458,6.697323064837473,0.530176263717092,1.179401816762858,553,0.9511718749999999,0.027124773960216998,0.9638336347197106,8.14449421918214,1,0.4003521553617092,34.54166637310679,0.002838134765625,0.6840536352755441,0.17415168028065098,0.4656110113973211,0.15837956352080365,0.14918182442247735,0.9040279512168543
2605290YVA_1_2.png,03_Tracking_Error,1024,1024,68.87559223175049,39.67952067601719,65.0,32.6172,16509.61599928837,0.0,0.023698806762695312,436,44.51146788990825,0.7039238269150744,253,0.5802752293577982,0.9693746455170008,7.145235203515397,1.568406877945464,4.25,0.016735689306151737,436,25.31799665994051,21.876039097105163,13.496554077739372,11.249300859424334,0.5556250813388837,1.2027428853109687,1203,0.99609375,0.006650041562759767,0.9908561928512053,5.445397044091791,0,0.0507070051523582,5.4,0.0015969276428222656,0.6819193385489115,0.5073860523315596,0.8222591561261459,0.18135278875177557,0.13120776671671272,0.3335593220338984
2605293B2B_1_1.png,03_Tracking_Error,1024,1024,112.24657821655273,53.256188975218656,111.0,51.891,31029.177513590832,0.021270751953125,0.015157699584960938,310,39.29677419354839,0.6960051781855564,18,0.05806451612903226,0.28834054392729636,45.18042069288422,1.1369682029911232,2.3333333333333335,0.008722818077566445,310,23.74907416830497,21.269010514950338,12.757123315235253,11.619885941496111,0.47426935760400074,1.1358736547391877,1194,0.9990234375,0.008375209380234505,0.9916247906197655,4.33962784485159,0,0.035447546353992686,4.047618821017601,0.0011754035949707031,0.7347167802607921,0.4277882408696269,0.5277689133225346,0.09640116505808645,0.17381646465552367,0.28967929037451057
2605295C5R_6.png,03_Tracking_Error,1024,1024,125.74819850921631,58.73088508742642,126.0,60.7866,60910.11134168449,0.022508621215820312,0.00135040283203125,43,23.36046511627907,0.798311945375052,1,0.023255813953488372,0.0,180.0,1.101015134736065,2.0,3.92156862538684e-09,43,18.63059968873265,18.197115800149312,10.436591849213578,10.10786213072314,0.3792273721554556,1.0807264650706971,1208,0.9931640625,0.01076158940397351,0.984271523178808,5.445268678396697,0,0.051581183474034786,5.000000224783202,0.0008454322814941406,0.62733604230511,0.1698330466089009,0.43527333600430784,0.016389856362278975,0.22448979591836735,0.30725140232127535
2605295MGR_1_2.png,03_Tracking_Error,1024,1024,114.96195316314697,50.26843884800127,112.0,45.9606,17545.26671048251,0.021154403686523438,0.01974964141845703,560,27.204464285714284,0.7797893235139187,24,0.04285714285714286,0.6044048437224312,28.748297527043956,1.1488061647260426,3.5,0.006002959141375645,560,18.24825724496784,14.620378269753871,9.440379111666594,7.68729126289853,0.4863010002962158,1.1444379882117428,1190,0.99609375,0.004201680672268907,0.992436974789916,4.218892779178996,0,0.07043446453225376,4.0,0.003826141357421875,0.7684333933703827,0.24632748507876592,0.5239034694359087,0.22419122719506213,0.15090881832062253,0.2888798009396754
260604ANWK_1_4.png,03_Tracking_Error,1024,1024,111.26257228851318,54.96160456864779,110.0,53.373599999999996,47316.20409497578,0.021566390991210938,0.0034971237182617188,78,35.532051282051285,0.7146190745810216,13,0.16666666666666666,0.4828955765208088,34.56685400950153,1.2146036833536835,2.6666666666666665,0.002564106475615885,78,22.85253728985755,20.67167573424767,12.179182827054742,10.458591712977338,0.4755650531168413,1.1367919672423108,1228,0.9892578124999999,0.008957654723127036,0.988599348534202,5.179567287773164,0,0.07956894574166375,3.4202124803757004,0.005055427551269531,0.49145465788603593,0.33196685543246945,0.6935267417318149,0.0,0.22448979591836735,0.28828127216773236
260605NSHC_1_9.png,03_Tracking_Error,1024,1024,97.69035148620605,49.905422294350885,95.0,45.9606,31874.238176332554,0.020096778869628906,0.01623249053955078,389,33.005141388174806,0.7444151904958364,70,0.17994858611825193,0.7371949897739638,22.371153417722013,1.2669883499744141,3.0,0.009914740438535593,389,21.65318057861308,19.590268145688917,11.588268242929411,10.369909230131833,0.5079461830730867,1.1609159453140374,1206,0.9853515624999999,0.004975124378109453,0.9933665008291874,4.4682004443755385,0,0.028338595268811682,3.9545454095998878,0.000675201416015625,0.6219677899401583,0.35361714979002973,0.7455377542276802,0.11720202176238059,0.16845469572106186,0.2904163018843164
2606061WXB_1_1.png,03_Tracking_Error,1024,1024,126.02462577819824,59.43785233188141,127.0,59.303999999999995,70241.86734356498,0.022937774658203125,1.811981201171875e-05,1,11.5,0.8031141418478369,0,0.0,0.0,180.0,1.25,1.25,3.92156862538684e-09,1,15.124472327622762,15.124472327622762,8.341901397553691,8.341901397553691,0.23511124733954014,1.028839961037928,1214,0.998046875,0.015650741350906095,0.9810543657331137,5.801146899880595,0,0.0375221301415323,3.8333333333333335,0.00020170211791992188,0.05,0.12139872697512787,0.44704353476283304,0.05927976525902737,0.7346938775510203,0.2862889472277921
2606061WXB_1_2.png,03_Tracking_Error,1024,1024,122.58093452453613,59.26023508679484,120.0,60.7866,68609.31961783547,0.021119117736816406,0.0,0,0.0,0.0,0,0.0,0.0,180.0,0.0,0.0,0.0,0,0.0,0.0,0.0,0.0,0.0,0.0,1216,0.9970703125,0.013980263157894737,0.9819078947368421,6.182197009062755,0,0.18852059853283365,9.545995008644175,0.0018115043640136719,0.05,0.1719569290954166,0.3606877133007797,0.18181818181818182,0.7346938775510203,0.4071953864636513
2606064I4S_1_2.png,03_Tracking_Error,1024,1024,75.24166679382324,42.6833644018044,73.0,38.547599999999996,23037.39148195144,0.0,0.0067462921142578125,46,123.73913043478261,0.546944524364331,10,0.21739130434782608,0.8602437264660538,15.719289348166116,1.1776536326633327,1.6666666666666667,0.05551872064481018,46,31.99599351980219,15.999823047197845,17.979065837270877,9.472632518261488,0.8335502407041915,1.8102022127024129,1216,0.998046875,0.01644736842105263,0.9802631578947368,6.74479156903631,0,0.20213940432503757,22.605969350413186,0.010283946990966797,0.5072576348492933,0.7142669385655305,0.8280326432463128,0.34318342684365594,0.21577813457739867,0.5226730032318152
2606064KHQ_1_1.png,03_Tracking_Error,1024,1024,113.02184677124023,55.72057631390857,111.0,54.856199999999994,52258.87782830948,0.02164745330810547,0.0007457733154296875,42,11.047619047619047,0.7115354019862715,8,0.19047619047619047,0.49973885079581726,33.74302163625904,1.2743197278911564,2.6666666666666665,3.92156862538684e-09,42,15.359983094806115,11.16896523884508,8.6106581900542,6.344378127656659,0.7767311968832189,1.5877248315998629,1223,0.998046875,0.012264922322158627,0.9852820932134096,5.67728855597814,0,0.2971686412323993,16.53381407845597,0.013745784759521484,0.4041604027877185,0.15281404951970637,0.8313499241902932,0.447455358563757,0.22448979591836735,0.5666958458633317
2606068CP4_1_1.png,03_Tracking_Error,1024,1024,121.75694370269775,58.983988294072184,120.0,62.2692,67399.65885410618,0.020346641540527344,8.58306884765625e-06,1,4.0,0.7853981633974483,0,0.0,0.0,180.0,1.0,1.0,3.92156862538684e-09,1,12.073850118707732,12.073850118707732,7.172168254778188,7.172168254778188,0.22443761088077654,1.0261794171698764,1215,0.9970703125,0.010699588477366255,0.988477366255144,5.224426628327602,0,0.10393861706723108,4.62975823225012,0.002231597900390625,0.05,0.1149088019407034,0.36257309941520477,0.11359753858497089,0.7346938775510203,0.30286194727986593
260606AAWX_1_1.png,03_Tracking_Error,1024,1024,122.15061092376709,59.44129165981221,119.0,59.303999999999995,68477.31496692082,0.021806716918945312,9.822845458984375e-05,5,12.3,0.6966218527325048,0,0.0,0.0,180.0,1.2066666666666666,1.3333333333333333,3.92156862538684e-09,5,16.70053043811509,13.623228475256639,9.09339674989925,6.957648910831408,0.5922376286378352,1.2410591626327832,1212,0.9990234375,0.012376237623762377,0.9826732673267327,5.939600418152494,0,0.19973853017303875,12.758580810918254,0.0018720626831054688,0.5741986611955184,0.16795052493820045,0.6298580018541695,0.10438772043331673,0.6071428571428571,0.47873145711200754
260606BH5T_1_1.png,03_Tracking_Error,1024,1024,118.51347255706787,57.3590714999555,114.0,59.303999999999995,59019.70775564334,0.02221393585205078,6.29425048828125e-05,4,9.625,0.7832064476446495,0,0.0,0.0,180.0,1.1333333333333333,1.3333333333333333,3.92156862538684e-09,4,12.926496464941566,11.79267595056066,7.111631530006962,6.6462376921489135,0.5682190755419632,1.2184086322079344,1215,0.9990234375,0.009876543209876543,0.9876543209876543,5.251039747273952,0,0.16883514375583528,10.151917440769385,0.005702972412109375,0.05,0.1092411395900953,0.5623322020578082,0.1281066347187914,0.6581632653061225,0.4124642735865191
260606X3Y8_1_2.png,03_Tracking_Error,1024,1024,120.42877292633057,57.751784229075724,121.0,62.2692,61233.37364182691,0.02115917205810547,0.0007390975952148438,24,21.395833333333332,0.6261741028637462,2,0.08333333333333333,0.9992467753961706,1.1121200982787856,1.1660734327400994,1.4545454545454546,0.0011437947667563748,24,21.858209978263073,11.750763085361037,12.558412967933364,6.807965053425006,0.776618628343699,1.5873786219551627,1245,0.9970703125,0.014457831325301205,0.983132530120482,6.191023556262833,0,0.21530603765299236,15.191603249806757,0.0024247169494628906,0.48511901809309577,0.16239070083821705,0.6832555526922708,0.4316302207370586,0.22448979591836735,0.5149051468692745
260606XE8Z_1_1.png,03_Tracking_Error,1024,1024,121.43948650360107,59.54994620343261,123.0,57.8214,70017.7006439973,0.02006816864013672,0.0,0,0.0,0.0,0,0.0,0.0,180.0,0.0,0.0,0.0,0,0.0,0.0,0.0,0.0,0.0,0.0,1208,0.9990234375,0.014072847682119206,0.9834437086092715,5.700330672076292,0,0.058316407916757566,3.418181909606276,0.0005726814270019531,0.05,0.18571428571428575,0.36257309941520477,0.18181818181818182,0.7346938775510203,0.290457866382368
260607JBMC_1_1.png,03_Tracking_Error,1024,1024,121.75038433074951,59.523967903039036,123.0,60.7866,69862.90651575747,0.020843505859375,0.0,0,0.0,0.0,0,0.0,0.0,180.0,0.0,0.0,0.0,0,0.0,0.0,0.0,0.0,0.0,0.0,1217,0.9990234375,0.015612161051766639,0.981101068200493,6.231501575860492,0,0.06224100654625861,4.083333054735211,0.0022373199462890625,0.05,0.18571428571428575,0.36257309941520477,0.18181818181818182,0.7346938775510203,0.29102637807300435
260607JBMC_1_2.png,03_Tracking_Error,1024,1024,116.95958137512207,58.363303791277154,114.0,57.8214,62472.1518333611,0.02153491973876953,0.0,0,0.0,0.0,0,0.0,0.0,180.0,0.0,0.0,0.0,0,0.0,0.0,0.0,0.0,0.0,0.0,1214,0.998046875,0.009060955518945634,0.9876441515650741,5.324376930762771,0,0.2024538830352016,11.371201554473796,0.012923717498779297,0.05,0.1669807560588566,0.35760464102271505,0.18181818181818182,0.7346938775510203,0.4526498448187127
2607027VZF_1555.png,03_Tracking_Error,1024,1024,111.45491313934326,57.258093236284076,108.0,56.3388,53315.158894153356,0.020654678344726562,0.0035734176635742188,94,29.414893617021278,0.7772404929219208,6,0.06382978723404255,6.123233995736766e-17,90.0,1.1648719779038927,3.0,0.0037546972735527226,94,20.140260809718928,18.755998622221938,10.820634823571739,9.868236651122395,0.39534478970115383,1.0886927769541217,1244,0.9970703125,0.00964630225080386,0.9855305466237942,5.35412505549653,0,0.2061843638171736,4.4042552802340245,0.00943899154663086,0.6431998170533829,0.19266778637492235,0.5166116520450198,0.011309103434346022,0.22448979591836735,0.31462047295675066
2607027VZF_1597.png,03_Tracking_Error,1024,1024,118.5657901763916,58.61808971516665,118.0,60.7866,62085.029837276255,0.020130157470703125,0.0016689300537109375,57,21.44736842105263,0.7638052807897213,6,0.10526315789473684,6.123233995736766e-17,90.0,1.2069131161236424,1.75,0.0024767840976142744,57,17.911298594799337,17.336139131086163,9.680635965754258,9.262830450480926,0.38371381073874206,1.0828932445731205,1224,0.99609375,0.010620915032679739,0.988562091503268,5.30559065349109,0,0.20601385874152278,4.76759436532485,0.005803585052490234,0.5765358380780737,0.1673679969864815,0.5120495912759111,0.024216916990125785,0.22448979591836735,0.3226630880544649
2607027VZF_1603.png,03_Tracking_Error,1024,1024,113.92094135284424,58.13008078338369,114.0,57.8214,54978.53486430109,0.02260303497314453,0.004375457763671875,152,21.226973684210527,0.7823526518176943,13,0.08552631578947369,0.079911486165821,64.4015225557428,1.172267316017316,2.25,0.005314761382666583,152,17.619844400770955,17.31274625581333,9.602556500538485,9.179337607469371,0.38291814886156045,1.0825069597955919,1225,0.9970703125,0.011428571428571429,0.9844897959183674,5.615023729520835,1,0.3577093648843875,16.305775986777228,0.015506267547607422,0.6422916415589265,0.10729061136032328,0.47875141913797625,0.024429579492606088,0.22448979591836735,0.8583708133933112
2607027VZF_1636.png,03_Tracking_Error,1024,1024,115.06656646728516,56.62931295024758,114.0,53.373599999999996,51668.48911025042,0.020490646362304688,0.0024785995483398438,63,30.53174603174603,0.7364551434132272,7,0.1111111111111111,0.14285714285714285,56.51568894506676,1.161583522297808,1.75,0.003734831171161269,63,20.72087374525362,19.724111320487534,11.037676140374879,10.432910933821617,0.39612503036301416,1.0890914008063532,1219,0.9970703125,0.013125512715340444,0.9819524200164069,5.628046629787103,0,0.21271638776651325,3.2,0.007414340972900391,0.5563193373634587,0.26671327422168845,0.5036636736480262,0.0025080789046587814,0.22448979591836735,0.3108257477173396
2607027VZF_1642.png,03_Tracking_Error,1024,1024,115.17569065093994,57.62877772056448,113.0,56.3388,55738.69662757493,0.02156352996826172,0.0028533935546875,70,32.15,0.7647201568259311,1,0.014285714285714285,0.0,180.0,1.147867608581894,1.5,0.008627454868127637,70,20.883919528246537,20.119628677183115,11.244440231122246,10.46170651144012,0.364962026555374,1.074088415605555,1207,0.9970703125,0.008285004142502071,0.9875724937862469,5.346590995156083,0,0.21623720905056779,3.8333333333333335,0.007759571075439453,0.6321731881837125,0.24823024975867364,0.46884290279275354,0.0,0.22448979591836735,0.31152504963026995
2607027VZF_1731.png,03_Tracking_Error,1024,1024,101.18311309814453,63.139064867306175,92.0,66.717,4403.901791267504,0.023514747619628906,0.003173828125,40,69.3,0.798934876952075,1,0.025,0.0,180.0,1.1170652019549077,1.6666666666666667,0.05427231473330665,40,22.717240906729575,19.975081257562557,9.879245710943705,9.067829418658778,0.3535974972175751,1.069312594011195,1177,0.9257812499999999,0.006796941376380629,0.9906542056074766,4.222578541212111,0,0.28311892606101996,2.5308641975308643,0.036411285400390625,0.5785105160873141,0.5257359724688994,0.2859999045790395,0.03409575042741401,0.22448979591836735,0.3515828858217548
2607027VZF_1747.png,03_Tracking_Error,1024,1024,99.09882068634033,61.087202724076604,89.0,60.7866,8444.648582822643,0.023374557495117188,0.0036840438842773438,29,122.48275862068965,0.7579147867283613,1,0.034482758620689655,0.0,180.0,1.098724307020453,1.6,0.04380423376761122,29,30.22963387159154,28.687575710677173,13.557205256669652,12.729229750179265,0.371064789722238,1.0768818481808424,1197,0.9853515624999999,0.006683375104427736,0.9899749373433584,4.773097951476549,0,0.2672366448429628,2.289940828402367,0.037688255310058594,0.5135774218128686,0.8299303764922992,0.3175906580613452,0.0,0.22448979591836735,0.34160093862112645
2607027VZF_1751.png,03_Tracking_Error,1024,1024,102.8535737991333,62.45731868501477,96.0,66.717,6119.619761320688,0.023082733154296875,0.003704071044921875,24,151.9375,0.7001123365659291,0,0.0,0.0,180.0,1.1212417829852679,1.4285714285714286,0.062085328069888264,24,31.166605459931176,30.93208676539679,13.560157826053812,13.380026277413027,0.32236748075124844,1.056397761911025,1193,0.974609375,0.0075440067057837385,0.991617770326907,4.567443560320138,0,0.2762135864009951,2.8196721265058384,0.03706216812133789,0.4958344649759664,0.9549237191425017,0.26199032637410113,0.0,0.22448979591836735,0.34778198224621176
2607027VZF_1999.png,03_Tracking_Error,1024,1024,117.91094875335693,57.988089355165556,115.0,60.7866,45245.637495930976,0.02336597442626953,0.00196075439453125,45,35.577777777777776,0.7608839241723282,9,0.2,0.1111111111111111,60.054403647364666,1.2223384640051307,2.0,0.001220047489768889,45,20.858713309937936,20.177257731618855,10.922382541748899,10.333418025482494,0.39446723588324945,1.0882458489550724,1214,0.998046875,0.01070840197693575,0.985172981878089,5.92616004385952,0,0.21758363227309682,4.928571428571429,0.009225845336914062,0.4753246750415895,0.2570283066568108,0.6084777872411801,0.0,0.22448979591836735,0.3286561719791352
2607027VZF_2219.png,03_Tracking_Error,1024,1024,83.01096725463867,46.78634523944947,80.0,40.0302,26909.892146459482,0.0,0.0031337738037109375,83,28.83132530120482,0.6696595008347302,20,0.24096385542168675,0.4952837632470395,33.96012303299277,1.3640673465443132,5.1,0.012353214483414903,83,18.712142556821465,11.029685220647853,9.890713300443634,6.278313668857401,0.7104553892138087,1.420974816613563,1231,0.9970703125,0.012185215272136474,0.9861900893582454,5.605593667949834,1,0.6537315907638662,12.382745050452474,0.01869678497314453,0.5419219633048005,0.23800809810996118,0.8903496022242517,0.3551325517876491,0.22448979591836735,0.9671066789922537
2607027VZF_223.png,03_Tracking_Error,1024,1024,115.30164623260498,58.26814937344001,112.0,60.7866,60782.009500405664,0.020646095275878906,0.0031070709228515625,88,26.676136363636363,0.7280676302869658,25,0.2840909090909091,0.9075003718471637,12.62207316842797,1.296665108881018,2.0,0.001604281990143648,88,21.379834988433903,18.90206666273784,11.650270424210222,10.232680987624303,0.45625807145505626,1.1237891427988846,1213,0.998046875,0.01483924154987634,0.9826875515251443,6.031065184082018,0,0.07799466611937271,3.399999624104664,0.0033960342407226562,0.5225051901010765,0.2621967656869235,0.8370547469363452,0.00998121215692872,0.22448979591836735,0.2896182635217256
2607027VZF_2231.png,03_Tracking_Error,1024,1024,83.7699203491211,47.21706297898519,79.0,42.9954,28530.85514916057,0.0,0.00339508056640625,69,37.14492753623188,0.5869417313144542,23,0.3333333333333333,0.6443151447840559,26.860885880309826,1.6428266178266182,6.0,0.014309305204712158,69,23.644005637293134,21.062546243917424,12.676156203123027,10.478870929114398,0.7231574636096614,1.4478417890192605,1264,0.9990234375,0.021360759493670885,0.9770569620253164,6.60576053620223,1,0.64847326564995,11.192611704378699,0.013661384582519531,0.505410885234507,0.36406986880782627,0.8966799569773921,0.243148162963764,0.22448979591836735,0.9429005770382108
2607027VZF_2236.png,03_Tracking_Error,1024,1024,104.66816997528076,54.79262105758201,102.0,50.4084,44658.061270974686,0.02054882049560547,0.0011606216430664062,32,29.484375,0.6840384832085475,4,0.125,0.5,33.730312523269966,1.2266453598484848,2.3333333333333335,0.0007352980363321757,32,19.689799715015035,15.970632331707167,9.990319062446495,8.204325962723587,0.4142915325361098,1.0987508941786417,1232,0.9990234375,0.010551948051948052,0.9853896103896104,5.125422972184995,1,0.5796114264761832,9.982521753443013,0.010700702667236328,0.5341012803401359,0.18077681877723836,0.4714126996456885,0.054714116013489696,0.22448979591836735,0.9029634150885182
2607027VZF_250.png,03_Tracking_Error,1024,1024,116.67929744720459,57.001459277235924,115.0,56.3388,55458.69441677164,0.022263526916503906,0.0025911331176757812,89,21.10112359550562,0.733370890816104,16,0.1797752808988764,0.6203674497342844,27.99423108730043,1.282365792759051,3.0,0.0018946943745923104,89,18.497204895001936,17.066975642117118,9.809114306540682,8.910721346100381,0.48437029772840257,1.1430360007022038,1197,0.9990234375,0.014202172096908938,0.9832915622389307,5.720040447272142,0,0.0828918823036036,3.25,0.0033783912658691406,0.512420259727749,0.22564037290383496,0.7710082199044335,0.028692918114835726,0.22448979591836735,0.28726848389854154
2607027VZF_619.png,03_Tracking_Error,1024,1024,116.8710470199585,56.70729813041636,113.0,59.303999999999995,56537.5412232782,0.02029705047607422,0.0012941360473632812,54,16.49074074074074,0.7128556565720922,8,0.14814814814814814,0.928558253371,11.030156403773168,1.244285447063225,2.0,0.0008714636131402426,54,16.72496979424498,13.178899826177918,8.901975813646205,6.537347713922079,0.6234979156687823,1.279121380342457,1226,0.9990234375,0.01468189233278956,0.9820554649265906,6.253408676104196,0,0.05642632722693046,4.069767035307219,0.0021195411682128906,0.46136588405821016,0.19450783181389666,0.8167545045586305,0.13946812613074458,0.22448979591836735,0.29154434094657655
2607027VZF_899.png,03_Tracking_Error,1024,1024,116.1950626373291,56.78600601053424,115.0,60.7866,58419.76977790191,0.02021026611328125,0.005188941955566406,185,20.508108108108107,0.7839321263872794,14,0.07567567567567568,0.3121963586965633,43.7126421132072,1.167992277992278,3.3333333333333335,0.0026497124432390833,185,17.627097137564885,15.532382490551061,9.714100783982705,8.65973865155365,0.38103704208881456,1.0815958361587308,1207,0.998046875,0.0115990057995029,0.9850869925434963,5.35641180540501,0,0.08004997299207466,2.8,0.004314422607421875,0.6869101413021723,0.15459916498236242,0.5139284853631603,0.05200051449864119,0.22354722833957802,0.2902514293753784
2607027VZF_906.png,03_Tracking_Error,1024,1024,111.10526180267334,57.1985962049291,108.0,56.3388,56465.54405477978,0.02157306671142578,0.006506919860839844,186,26.798387096774192,0.7884345705979285,20,0.10752688172043011,6.123233995736766e-17,90.0,1.1850560132818198,3.6666666666666665,0.003963739938071789,186,19.43460962712297,17.99500231648994,10.58141083753421,9.787793560232023,0.38286284255893976,1.0824794478607407,1215,0.9970703125,0.01316872427983539,0.9818930041152263,6.206335867861651,0,0.10686477792893331,3.190476083233342,0.0054988861083984375,0.6377937688824994,0.18020073960188085,0.533972543132265,0.022610368551390148,0.21697228187336132,0.28827157378485363
260702HJAK_3.png,03_Tracking_Error,1024,1024,116.80411624908447,58.2793460538918,114.0,57.8214,61745.30471523312,0.020948410034179688,0.004909515380859375,178,20.115168539325843,0.7845067697827073,13,0.07303370786516854,0.07692307692307693,64.88540682670208,1.1629795142435593,2.5,0.000991411716755438,178,17.46876267629241,15.08469631384431,9.670314406775804,8.523250549590879,0.3877735994089737,1.0848874115993423,1203,0.9990234375,0.00831255195344971,0.9875311720698254,5.323502041157289,0,0.08042058603609913,3.3333333333333335,0.0029058456420898438,0.6824534725685704,0.14680941852469745,0.5155865092166587,0.05551979374707721,0.22448979591836735,0.28917906532564697
260702HJAK_4.png,03_Tracking_Error,1024,1024,119.02241516113281,58.13891367069352,119.0,59.303999999999995,60716.43390343393,0.022247314453125,0.006122589111328125,165,28.384848484848487,0.7210536054209982,10,0.06060606060606061,0.6,28.95636028101343,1.1308354103808649,2.4,0.0033036283887083024,165,21.700471155814302,21.57715636302507,12.111607318871918,12.072883770869286,0.3788508845810927,1.0805463817498866,1223,0.9931640625,0.006541291905151268,0.9918233851185609,4.667719934034294,0,0.08097041801670406,3.3846153310807754,0.0034646987915039062,0.6558063371676844,0.34563959379656856,0.5064762751404294,0.0,0.21888957812942883,0.28729203711410417
260702HJAK_6.png,03_Tracking_Error,1024,1024,117.69697952270508,58.15584569622241,118.0,56.3388,55728.051641800645,0.02333354949951172,0.0057582855224609375,209,20.177033492822968,0.7977953981830266,13,0.06220095693779904,0.6915028003830479,24.606788955870428,1.148194349510139,3.2,0.0006379624517622017,209,17.410837953389713,15.02819501109093,9.630868714392149,8.461607540983303,0.3798269146036895,1.0810137966169453,1207,0.9990234375,0.015741507870753936,0.9792874896437448,6.326798429512996,0,0.0952927284675397,6.005464453011517,0.003429889678955078,0.7010888221333018,0.1410628242404752,0.5251507378252005,0.07861948435734505,0.22070696564758718,0.32650307919028987
2607044ILE_1_1.png,03_Tracking_Error,1024,1024,107.98871994018555,55.9928958557249,106.0,53.373599999999996,50768.91223251159,0.020689010620117188,0.002559661865234375,54,37.601851851851855,0.7315037097428719,18,0.3333333333333333,0.7777777777777778,20.310300354870794,1.3218023745801522,1.8333333333333333,3.92156862538684e-09,54,24.22826500138244,24.052917510312515,13.115179533549771,12.44809845336604,0.4296065998068952,1.1074022530069312,1208,0.9970703125,0.008278145695364239,0.9900662251655629,5.07646156421343,0,0.16931245681522114,4.346153915479689,0.017070293426513672,0.46388956283834387,0.38266402553931295,0.7852681958791844,0.0,0.22448979591836735,0.2965963353945741
FILE_CURRENT_FOCUS12758.png,03_Tracking_Error,1024,1024,21.75724506378174,22.315198301528923,19.0,8.8956,1460.2887774840783,0.0050907135009765625,0.011562347412109375,71,148.1267605633803,0.5990104095015909,9,0.1267605633802817,0.4200770998943505,37.730848115170275,1.185671055672885,1.7,0.1628992937095734,71,30.297638505483864,33.45250172050474,12.190274268622217,11.052632367489075,0.6149766535751033,1.2681579353413732,0,0.0,0.0,0.0,0.0,0,0.03411477607620317,2.7065215436129484,0.0005717277526855469,0.5743750208818301,0.9783458826854645,0.5436846144020554,0.21184964489012517,0.2937932782162344,0.23728813559322035
FILE_CURRENT_FOCUS13458 (2).png,03_Tracking_Error,1024,1024,35.51374530792236,23.637536328334257,33.0,14.825999999999999,3822.360272781327,0.005069732666015625,0.009278297424316406,87,91.5632183908046,0.5482134876920036,33,0.3793103448275862,0.9815229556348537,5.532808299859142,1.2602229599240382,1.8571428571428572,0.10773919922538627,87,28.537357830412954,24.439744387935693,13.442039549743722,12.224002562147865,0.7372200359589469,1.4800502505281583,1198,0.9970703125,0.012520868113522538,0.9858096828046744,5.741833134642544,0,0.07940089045158262,6.133333065263691,0.0009784698486328125,0.4429048489460435,0.8324986836385755,0.820732936796591,0.34630122549718045,0.20314681557030365,0.3484745708189226
FILE_CURRENT_FOCUS13458 (3).png,03_Tracking_Error,1024,1024,34.12621784210205,23.29879771627814,32.0,14.825999999999999,3354.4161913017597,0.005072593688964844,0.009087562561035156,116,66.62068965517241,0.6728000645490162,43,0.3706896551724138,0.9374107066439593,10.300003807885941,1.336267189721529,1.75,0.0840241511728777,116,25.488966963661298,23.370824387967716,11.082486022349126,9.600717007198405,0.5711934431782666,1.2183007463554385,1182,0.9853515624999999,0.007614213197969543,0.9864636209813875,5.472312517177656,0,0.047498181182761605,4.527472731653051,0.0004177093505859375,0.5205686485371604,0.7149003370020434,0.8128106072655991,0.09349908003967274,0.2040983273599153,0.3158130047115875
FILE_CURRENT_FOCUS13458 (4).png,03_Tracking_Error,1024,1024,35.51374530792236,23.637536328334257,33.0,14.825999999999999,3822.360272781327,0.005069732666015625,0.009278297424316406,87,91.5632183908046,0.5482134876920036,33,0.3793103448275862,0.9815229556348537,5.532808299859142,1.2602229599240382,1.8571428571428572,0.10773919922538627,87,28.537357830412954,24.439744387935693,13.442039549743722,12.224002562147865,0.7372200359589469,1.4800502505281583,1198,0.9970703125,0.012520868113522538,0.9858096828046744,5.741833134642544,0,0.07940089045158262,6.133333065263691,0.0009784698486328125,0.4429048489460435,0.8324986836385755,0.820732936796591,0.34630122549718045,0.20314681557030365,0.3484745708189226
FILE_CURRENT_FOCUS14158 (2).png,03_Tracking_Error,1024,1024,21.593318939208984,25.326729710606735,17.0,8.8956,1083.2737183345016,0.005153656005859375,0.016180038452148438,208,66.46153846153847,0.7379842250713842,67,0.32211538461538464,0.8653262458357064,15.408660005804231,1.4256227191066588,6.5,0.11451754767415157,208,22.14408751200879,20.94105377114942,10.215076373378137,9.03591579472764,0.7418766645845135,1.4913541499088874,3,0.1708984375,0.3333333333333333,0.6666666666666666,2.884634043528488,0,0.07656581419786851,4.214953371377032,0.0010395050048828125,0.6167164278592139,0.6493076475429088,0.8033068260649748,0.560643074563515,0.16871636146320507,0.1706350483928178
2605045QHM_1_2.png,04_Over_Saturated,1024,1024,103.10054874420166,53.51552506124703,100.0,51.891,40970.94046516024,0.020967483520507812,0.0016651153564453125,39,34.05128205128205,0.7845204407996863,1,0.02564102564102564,0.0,180.0,1.1378090570398265,2.3333333333333335,0.00522876207099833,39,20.80570328820074,17.679895006187593,11.286943036419359,9.88273355228288,0.35380278252338454,1.069152749129957,1235,0.99609375,0.012145748987854251,0.9862348178137652,5.465520086008504,0,0.1876393922241679,3.1111106580296393,0.017012596130371094,0.6351217457021165,0.21398741083142778,0.42213670970719896,0.021091863580112793,0.22448979591836735,0.2940506452222742
2605082ZGH_1_12.png,04_Over_Saturated,1024,1024,21.882073402404785,24.152570728770076,17.0,8.8956,1184.5160283999999,0.0,0.030033111572265625,574,44.25696864111498,0.8329066995460783,23,0.04006968641114982,0.18847729544738698,52.33676586263221,1.1122114330011643,3.5,0.02237083917782194,574,17.800844860508132,15.291475279364743,7.430360755071745,5.745073943769328,0.6304464789139179,1.2882737560836817,2,0.2099609375,0.0,1.0,3.016626503100351,0,0.039415872338823786,5.333333333333333,0.0020079612731933594,0.8533638017418279,0.27946167175332476,0.5062343574289707,0.6076060509638619,0.09960806018370894,0.264406779661017
2605082ZGH_1_5.png,04_Over_Saturated,1024,1024,23.67331027984619,24.185344797092476,19.0,10.3782,1530.4455578551824,0.0,0.029572486877441406,658,36.97188449848024,0.8262588075081068,33,0.05015197568389058,0.0652471054648014,66.9352729459757,1.1074635631096597,2.6666666666666665,0.018832457479455115,658,17.12995133661888,14.72746529779495,7.205664440659035,5.546000353907551,0.6447173951418821,1.3081800311455698,5,0.2124556551271531,0.0,1.0,9.584423492315247,0,0.041816659562947556,3.4516130976476602,0.0016045570373535156,0.8482681868010892,0.26036564353991654,0.5123544384624057,0.622943451240542,0.10190596115562112,0.23728813559322035
260511JK92_1_2.png,04_Over_Saturated,1024,1024,106.83136940002441,56.11360002044135,104.0,51.891,50456.3882170155,0.02163410186767578,0.0032939910888671875,62,43.99193548387097,0.7979935941194561,2,0.03225806451612903,6.123233995736766e-17,90.0,1.1255406779600328,1.5,0.0015180304810804748,62,23.81546909937006,22.8153894675452,13.06145965611697,12.731487375001377,0.3614022165390443,1.0724895630807632,1260,0.9990234375,0.01904761904761905,0.9777777777777777,6.60326389642089,0,0.2198605103967766,3.514184643666736,0.017573833465576172,0.6056589644756732,0.2732106973884761,0.4410423903668107,0.0,0.22448979591836735,0.31374621689850196
260515BCA7_11_1.png,04_Over_Saturated,512,512,11.610618591308594,23.373885533664083,5.0,4.4478,503.3245595311164,0.0,0.0258941650390625,311,14.393890675241158,0.8061037814072318,14,0.04501607717041801,0.017719245101439015,81.36307274203942,1.1113594363310648,3.5,0.001677625016968568,311,11.499720647844331,9.73395158765977,5.105989160499085,4.480368596438291,0.7574899507249332,1.531752877515727,0,0.0,0.0,0.0,0.0,0,0.05513844597698307,4.666666666666667,0.0010166168212890625,0.8674698795180721,0.20159567839173503,0.5146198830409358,0.91064500684862,0.22229668234481295,0.2508474576271187
260515BCA7_9_1.png,04_Over_Saturated,512,512,9.373821258544922,21.61067513644447,3.0,2.9652,658.1048589849233,0.0,0.018581390380859375,199,15.703517587939698,0.770651304220059,12,0.06030150753768844,0.48712173039943485,34.359348570944796,1.3592649394156933,33.0,0.0032358839026974924,199,11.354586869294346,9.032569774365413,5.056251871763738,3.883362674791163,0.7373885322748819,1.4804531937699095,4,0.2430679560328757,1.0,0.0,0.4770527416366905,1,0.7050978937991242,17.212395185518876,0.0068817138671875,0.7324233255573094,0.170684223748504,0.5950588653650258,0.7808176010164356,0.15673682803199407,0.7966101694915254
260515ELKI_13_1.png,04_Over_Saturated,512,512,14.961872100830078,24.335679792071968,8.0,5.9304,645.7343966652261,0.0,0.024478912353515625,310,13.488709677419354,0.7986513616912042,9,0.02903225806451613,0.11111111111111113,60.05440364736465,1.131113147605083,2.5,0.0006944513907261521,310,11.61326105797559,9.742738507719741,5.3458404463837095,4.775174714445086,0.7533292110691656,1.5205841894345462,1,0.1630888613136112,1.0,0.0,0.0,0,0.04145468925704584,3.5789475612512307,0.001255035400390625,0.8370656090054884,0.2101127294957666,0.5247089450896365,0.9425030993176744,0.1953432943815547,0.1016949152542373
260515ELKI_6_1.png,04_Over_Saturated,512,512,16.620563507080078,23.312830175796044,11.0,5.9304,656.0283698562853,0.0,0.023540496826171875,277,14.8014440433213,0.8034781308773294,9,0.032490974729241874,0.3333333333333333,42.46487605916569,1.1482361801856387,7.666666666666667,0.005662813988351125,277,11.459113417379353,9.399525913381439,5.094001694640817,4.1448758178756115,0.7327639261780285,1.4695445610867262,1,0.16685221198573078,1.0,0.0,0.0,0,0.11518807455012232,3.6666666666666665,0.0033473968505859375,0.8279238917224844,0.20817351322018512,0.5410000198825482,0.8707754131558916,0.2000247323864442,0.1016949152542373
260515ELKI_8_1.png,04_Over_Saturated,512,512,13.517021179199219,22.735318323989453,8.0,7.412999999999999,433.7879526866018,0.0,0.023754119873046875,236,17.63771186440678,0.7860124928716642,15,0.0635593220338983,0.47260535859375724,35.074531733046875,1.275322170767086,19.466666666666665,0.0012193706777291762,235,11.51691054167487,9.24144763821409,5.074257376118052,4.156202666549043,0.750240434881856,1.5124815262189868,3,0.26792717880896527,1.0,0.0,0.0,1,0.6918712855057384,18.040357804666314,0.00789642333984375,0.7327705885841445,0.15312857957524093,0.5494922749544119,0.881855635209517,0.13093182829772537,0.7966101694915254
260515EVU6_16_1.png,04_Over_Saturated,512,512,12.786869049072266,23.932212876023673,6.0,4.4478,687.211458530277,0.0,0.022064208984375,314,11.460191082802547,0.787233086233169,19,0.06050955414012739,0.042889578483296435,71.89566110115081,1.1287664299606974,3.125,0.0021683225667241527,314,11.116980194233232,9.525680566234001,5.00586372768204,4.389205878299463,0.746850849627344,1.5037798167119294,2,0.20898437499999997,0.0,1.0,2.406775446853267,0,0.10361893322127595,7.08695655659981,0.001979827880859375,0.8020307396127326,0.22316218716209257,0.5364745333326398,0.874164927623685,0.13936222275368482,0.30007369267660633
260515EVU6_17_1.png,04_Over_Saturated,512,512,12.8204345703125,24.197226882190435,5.0,4.4478,718.8422190551064,0.0,0.022655487060546875,328,11.132621951219512,0.7861579002984379,14,0.042682926829268296,0.14285714285714285,56.51568894506676,1.1290840680322387,2.642857142857143,0.0011676251430768312,328,11.360244710061453,9.788490836148366,5.192772051640351,4.640403281890568,0.7107762560254046,1.4216301017270712,4,0.23813712342006074,0.0,1.0,15.900392919081636,0,0.09115048351232839,4.4,0.0010433197021484375,0.8134997779420092,0.22439097108749956,0.5334265573454614,0.7934665844691906,0.13641253620588864,0.24542372881355934
260515EVU6_2_1.png,04_Over_Saturated,512,512,13.889892578125,23.11626849808528,8.0,5.9304,226.61215868382715,0.0,0.032810211181640625,230,27.963043478260868,0.8269994765562244,9,0.0391304347826087,0.5555555555555556,31.06114772503506,1.1158996016061233,2.9375,0.016438988163802272,230,13.752909091947522,10.589246065590835,6.128502235384436,4.65865232729046,0.7310467319705108,1.4655930318105916,0,0.0,0.0,0.0,0.0,0,0.09835940692217723,2.6500000414670186,0.0031452178955078125,0.8344026563950165,0.24744850755067896,0.5296458739441197,0.8399159698131509,0.1877948648534935,0.23728813559322035
260515EVU6_6_1.png,04_Over_Saturated,512,512,10.555728912353516,22.071226634857297,4.0,2.9652,433.4209615553118,0.0,0.024646759033203125,263,16.180608365019012,0.7880908784156307,11,0.04182509505703422,0.6352879398492688,27.288582967273527,1.2003467592821204,14.625,0.0036938221992956033,263,11.161282935970343,9.342624007255434,4.911300170186924,4.117827807507934,0.7626142880386706,1.545945107084656,3,0.3052160129730996,1.0,0.0,0.0,1,0.7052374420145437,15.991993902482731,0.0094146728515625,0.7478735221472154,0.1507532818107077,0.507754263348107,0.9096945626395088,0.12647875312234272,0.7973174254878779
260515GFRS_9_1.png,04_Over_Saturated,512,512,10.670825958251953,21.813718067055408,5.0,4.4478,522.3572809982434,0.0,0.02225494384765625,218,17.541284403669724,0.7848302321964186,7,0.03211009174311927,0.14403690677226003,56.396130054441386,1.2882670082211365,29.6,0.0038682807461561538,218,11.387972119249403,9.193314353991678,5.111236969551294,4.065077064449154,0.7542487301460332,1.5230410133402796,3,0.22925727671282595,1.0,0.0,0.0,1,0.7052444805382451,16.652559627952847,0.007366180419921875,0.7593080249920976,0.1544797346326645,0.5571924941977916,0.8550774116020697,0.13841071096407315,0.7966101694915254
260515IC2A_1_2.png,04_Over_Saturated,1024,1024,34.25916290283203,31.378585306053523,26.0,17.7912,2425.846292177764,0.0,0.0022258758544921875,38,49.35526315789474,0.7681364837436413,3,0.07894736842105263,0.3333333333333333,42.46487605916569,1.4029875825928457,11.25,0.044080022427636575,38,18.09612910176551,13.58127555813802,7.599120290006976,6.29731613271931,0.4457195123447377,1.1171144857372817,912,0.8798828125,0.08552631578947369,0.9035087719298246,16.097320886770902,0,0.19694636467946477,1.8589742941339105,0.0352330207824707,0.6621330391636077,0.44764242273202465,0.49641090787419273,0.26603540712684254,0.22448979591836735,0.31595277624885515
260515P2R1_15_1.png,04_Over_Saturated,512,512,12.673885345458984,22.980007918790406,6.0,5.9304,236.23616711091017,0.0,0.031482696533203125,246,24.04471544715447,0.8003983143830273,15,0.06097560975609756,0.4627026459459845,35.56657526032901,1.243740834594493,15.071428571428571,0.01523463182398325,246,13.534036965049829,10.295080247579063,6.174606162803076,4.7501632946137144,0.7624083829251753,1.5453653476008062,1,0.15606678711697639,1.0,0.0,0.0,1,0.5924781428301346,15.321428571428571,0.008441925048828125,0.7956972118675584,0.19192216165994183,0.5213904368183341,0.9432590107362941,0.1604037814670139,0.7966101694915254
260515P2R1_17_1.png,04_Over_Saturated,512,512,13.865291595458984,25.14787989468989,6.0,5.9304,279.6814211509045,0.0,0.034122467041015625,362,16.86049723756906,0.8045355649505616,15,0.04143646408839779,0.32551951240954313,42.92086603782865,1.133565646248454,2.3333333333333335,0.004667365341888608,362,12.451182813512204,9.876747441019518,5.708355256774179,4.524962709336769,0.7400339027751615,1.4868398913245673,0,0.0,0.0,0.0,0.0,0,0.07134609032883227,4.75,0.00125885009765625,0.8706718384658115,0.20338792577078676,0.5234344679976959,0.9345727538641901,0.18124846374096515,0.25254237288135595
260515P2R1_1_1.png,04_Over_Saturated,512,512,16.651241302490234,23.453993361392705,11.0,5.9304,373.1179803828127,0.0,0.029666900634765625,266,20.73308270676692,0.8172306065874956,11,0.041353383458646614,0.5545936593085505,31.106901297452563,1.1295669039881544,5.8,0.006017441597603585,266,12.75777825517037,9.895155664098827,5.6484710371771705,4.405891863059091,0.7419706058020052,1.4916033961572899,0,0.0,0.0,0.0,0.0,0,0.10837182279113734,2.8333333333333335,0.0029811859130859375,0.85103067168725,0.1943702614108815,0.5357918717741171,0.8972814152955648,0.20347577914629394,0.23728813559322035
260515QBWE_15_1.png,04_Over_Saturated,512,512,13.034866333007812,24.38855021080017,6.0,5.9304,572.317264791578,0.0,0.02547454833984375,355,11.770422535211267,0.7866119207650148,12,0.03380281690140845,0.1626978434075807,54.59449809899277,1.1243917662931748,2.6666666666666665,0.002717721762253671,355,11.516193886885471,9.801059365091064,5.25723995168168,4.530273543957916,0.731309823346022,1.466178034907455,3,0.21516311490500642,0.0,1.0,8.19925686990902,0,0.08286407592029853,4.137931198780255,0.001079559326171875,0.8179744592117166,0.22387209055426877,0.5174735323542397,0.8705466844547598,0.12234919195542801,0.24009351590739508
260515QBWE_16_1.png,04_Over_Saturated,512,512,13.981597900390625,24.441338765198417,7.0,5.9304,401.89243129547685,0.0,0.02999114990234375,332,16.02710843373494,0.8107684419260425,16,0.04819277108433735,0.1735170478936932,53.61794373389002,1.1145114797659184,2.0,0.002106465471712976,332,12.009329449583408,9.803713609934482,5.560095569583111,4.673473948547712,0.7638178435961096,1.5493501995507453,0,0.0,0.0,0.0,0.0,0,0.03981690223658298,3.1212118294034337,0.0013637542724609375,0.8674698795180721,0.19626463779880857,0.5146198830409358,0.9544649991122158,0.2018582091039541,0.23728813559322035
260515QBWE_1_1.png,04_Over_Saturated,512,512,12.734901428222656,23.421761906741544,7.0,4.4478,555.0872774047311,0.0,0.025180816650390625,326,13.02760736196319,0.8023336761526215,15,0.046012269938650305,0.6931713305810228,24.526277422426062,1.1101823449216086,2.5,0.005893959773851198,326,10.89981632453071,9.263633701359128,4.857029556567304,4.215890060752224,0.7650113038379007,1.5527719536827758,1,0.22881590847382774,0.0,1.0,0.0,0,0.04745733034984242,3.25,0.001232147216796875,0.8053899236270707,0.21072891492255008,0.5397055066214199,0.9107346968217329,0.19184173099578378,0.23728813559322035
260515QBWE_3_1.png,04_Over_Saturated,512,512,14.586830139160156,22.73553758071408,9.0,5.9304,455.3297708891332,0.0,0.026813507080078125,279,17.258064516129032,0.8112226820039884,10,0.035842293906810034,0.3959251941081098,38.99755461872204,1.1322311698655785,5.5,0.00044899111319553214,279,11.906566793456497,9.550149129224241,5.214897151770503,4.224165358409598,0.7466903378770929,1.5033709819606254,0,0.0,0.0,0.0,0.0,0,0.0937093872728188,3.0,0.002933502197265625,0.8567862368266368,0.19574550628115608,0.5259244666684476,0.8915757525755741,0.21771039551888463,0.23728813559322035
260515QBWE_7_1.png,04_Over_Saturated,512,512,13.379798889160156,23.657252056955226,7.0,4.4478,324.55319372558733,0.0,0.0305023193359375,305,18.18360655737705,0.8116058461892106,15,0.04918032786885246,0.17324111742993667,53.64229825186698,1.1261576674691427,2.5,0.005650512808667421,305,12.2064364360473,9.987330289709604,5.461829862416544,4.521116635866279,0.7535292189870932,1.5211105409567531,1,0.2422189999676171,0.0,1.0,0.0,0,0.04564949923488432,6.666666666666667,0.0010395050048828125,0.7989306024252446,0.1988183084019644,0.5186209665166619,0.9435876623376623,0.16529455206561794,0.2915254237288136
260515QBWE_9_1.png,04_Over_Saturated,512,512,18.297935485839844,26.3876914376695,10.0,7.412999999999999,299.6705310931429,0.0,0.033382415771484375,328,18.576219512195124,0.8095686808261038,16,0.04878048780487805,0.09590749078880817,62.03271970671608,1.1356568736141908,2.5,0.005838712964883086,328,13.36657451379315,10.791074581336122,6.18891937016274,5.060752422646692,0.7280603720563029,1.458783928653237,2,0.19640806016717546,0.0,1.0,15.627883931896193,0,0.049640800520509926,5.666666666666667,0.001148223876953125,0.8280570402226293,0.2021621807711234,0.5247932901976549,0.894768984277712,0.08289951315812785,0.27118644067796616
260515SYWS_11_1.png,04_Over_Saturated,512,512,20.044933319091797,28.332993909814117,10.0,8.8956,858.0744370976317,0.0,0.0206298828125,287,11.857142857142858,0.7941424647709222,9,0.0313588850174216,0.1111111111111111,60.054403647364666,1.1152647681393326,3.0,0.003819357766100294,287,11.784432729051389,10.345360883220266,5.417518268378345,4.887152619297965,0.722897099347999,1.447270780746908,27,0.3379414250107276,0.07407407407407407,0.8888888888888888,14.924689273753621,0,0.11514530603559589,3.647059159861478,0.0045623779296875,0.7542351275709176,0.21526575454751748,0.5386728156174752,0.7777897233461942,0.14651759141156462,0.242432735594675
260515U1R3_10_1.png,04_Over_Saturated,512,512,9.525794982910156,21.29731218942561,4.0,2.9652,410.32800218508055,0.0,0.023395538330078125,213,19.610328638497652,0.7845378085069162,12,0.056338028169014086,0.3310545546472255,42.59724655460316,1.2749866200570426,19.866666666666667,0.008030483878711714,213,11.817331505652211,9.268810150136053,5.034408957528154,3.9740306716424434,0.7651083852735271,1.5530325358770147,5,0.3687451378453285,1.0,0.0,0.0,1,0.7054378081323646,17.623063598809747,0.0075778961181640625,0.6899220624954546,0.17116892549625418,0.5422854803133614,0.8617938549487622,0.13272067046219532,0.8059315441146208
260515UVGY_6_1.png,04_Over_Saturated,512,512,14.055145263671875,23.895803191601857,7.0,5.9304,425.25023264925403,0.0,0.025913238525390625,289,15.437716262975778,0.7957271939696439,19,0.0657439446366782,0.2317324643427585,48.989931031348654,1.243740368119566,17.0,0.003924732592645998,289,11.69404076795147,9.649190348576385,5.353151077728633,4.398011840234031,0.7525499324143705,1.5185217312743047,0,0.0,0.0,0.0,0.0,1,0.528690910657625,9.60501505949717,0.0075626373291015625,0.8404512265572422,0.1420260640346927,0.5178667816261502,0.8947469736074471,0.22220153116585176,0.82914793566759
2605163NVR_1_1.png,04_Over_Saturated,1024,1024,47.954294204711914,35.16291553977364,42.0,23.7216,6799.85470647337,0.0,0.0023202896118164062,16,136.5,0.7774370171762547,1,0.0625,0.0,180.0,1.1997416125541127,2.3333333333333335,0.08650034736329154,16,24.94999966728787,19.643694614540173,10.151821641954085,8.747679455600498,0.35543868833181835,1.070228449650937,1241,0.9970703125,0.0346494762288477,0.9645447219983884,8.27629892090025,0,0.3931176909616627,5.166666317715471,0.03710317611694336,0.6719521638414042,0.6461299778538266,0.2709839062482751,0.008973697695078022,0.22448979591836735,0.46549003749560003
260519OWU3_1_2.png,04_Over_Saturated,1024,1024,101.52942276000977,53.99808783367842,98.0,51.891,44796.92273594155,0.020376205444335938,0.0038366317749023438,55,61.736363636363635,0.7669205639800818,2,0.03636363636363636,1.0,0.0,1.1507427168790805,2.4285714285714284,0.0004278114065219637,55,27.62154692613321,26.07761860310437,14.819032317322634,13.746634795152868,0.35169183993389896,1.068243871644142,1245,0.9990234375,0.017670682730923693,0.980722891566265,6.259470805209182,0,0.13970125062651317,4.067796987260822,0.01596355438232422,0.5824294666179864,0.4234835303849104,0.4799670662107376,0.0,0.22448979591836735,0.29138927706147544
260523C52A_1_2.png,04_Over_Saturated,1024,1024,102.01585292816162,54.35549360686785,100.0,53.373599999999996,44495.573725234935,0.02126789093017578,0.003170013427734375,67,39.17164179104478,0.8018202888843163,2,0.029850746268656716,6.123233995736766e-17,90.0,1.1149975232064784,2.0,0.002750955037499926,67,22.281579728742575,21.163955262327725,12.016335018888233,11.453343081935222,0.3269753853441847,1.0581642685896786,1283,0.998046875,0.00857365549493375,0.9875292283710054,5.26787557413878,0,0.1544748063109307,2.9384616987024925,0.01246023178100586,0.623725934487721,0.27320700621750454,0.43992202729044844,0.0,0.22448979591836735,0.28871492843073737
26061473C1_14_1.png,04_Over_Saturated,512,512,9.798198699951172,21.49333864053454,4.0,2.9652,330.7475048605702,0.0,0.027194976806640625,238,20.584033613445378,0.793855867153154,12,0.05042016806722689,0.3389171903092279,42.14258390561551,1.246756628059149,13.954545454545455,0.004431964787027011,238,12.009939570949786,9.548747521042316,5.325250250732339,4.162879276868615,0.7661319269615441,1.555977629024282,3,0.23478154844084584,1.0,0.0,0.2477865297683345,1,0.7052045674727053,17.72098601091471,0.00800323486328125,0.7672764836915634,0.14416472325353824,0.5151115192067246,0.9145971917486809,0.11376655561313069,0.7966101694915254
26061473C1_16_1.png,04_Over_Saturated,512,512,12.245281219482422,23.721225024401278,5.0,4.4478,471.89720757886244,0.0,0.025959014892578125,316,14.066455696202532,0.7911595523552326,19,0.060126582278481014,0.0737752231140468,65.4117629273704,1.1432244575045207,2.5,0.001950957651350137,316,11.523327318924183,9.488603492136374,5.083707857140502,4.346442203499677,0.7192400204295436,1.43934659252343,1,0.18098314305837726,0.0,1.0,0.0,0,0.08687331068996552,3.8723408852777546,0.0019474029541015625,0.8249038114326606,0.2186747973083056,0.5297104987033924,0.8414031668594011,0.1879595628941681,0.23728813559322035
26061473C1_17_1.png,04_Over_Saturated,512,512,12.999801635742188,24.42215693859585,6.0,5.9304,615.3562514120567,0.0,0.02498626708984375,355,11.471830985915492,0.7880299102203261,14,0.03943661971830986,0.140082954021687,56.79974994983809,1.1439359388655164,3.0,0.001348945735392244,355,11.501756372823193,9.869407910251518,5.242189468348533,4.611775776538947,0.7075299506368541,1.4150609154740739,6,0.21272481358195275,0.0,0.6666666666666666,14.996976061151564,0,0.08683783884858753,3.705882240525279,0.0012378692626953125,0.8267896639325997,0.22225153117677018,0.530248385115479,0.806800950600039,0.12478506213683391,0.23728813559322035
26061473C1_6_1.png,04_Over_Saturated,512,512,9.34572982788086,21.0518957919863,3.0,2.9652,352.6425135759491,0.0,0.025234222412109375,218,20.676605504587155,0.7881939449121688,17,0.0779816513761468,0.30253436235974057,44.29894647100999,1.3361200471292214,35.27272727272727,0.006932830173863322,218,11.934339371532216,9.158844538671062,5.217835143559397,3.899715550460469,0.7561818948090857,1.5282541934962626,4,0.4585145534256519,1.0,0.0,0.0,1,0.7056898041396112,20.271398307281057,0.008306503295898438,0.6640346444756746,0.161066638499006,0.5497076023391814,0.8821617621880072,0.12354809681033874,0.8181036682611053
26061473C1_7_1.png,04_Over_Saturated,512,512,16.01227569580078,23.18025530282124,11.0,5.9304,382.73942980210995,0.0,0.028369903564453125,239,22.744769874476987,0.8186995698450485,5,0.02092050209205021,0.2,51.397825824096444,1.1143108362136924,2.6,0.006602747705638189,239,12.76606739568605,10.070412872359622,5.551095175446713,4.560145151935316,0.7209375777714523,1.4430014295448728,0,0.0,0.0,0.0,0.0,0,0.08338036427784486,2.688311596964975,0.002727508544921875,0.8426850008307438,0.1958502411281506,0.5146198830409358,0.8106673263175546,0.20994605931565335,0.23728813559322035
260614WALM_16_1.png,04_Over_Saturated,512,512,11.740142822265625,22.47412338236519,5.0,4.4478,134.9507611371664,0.0,0.03441619873046875,167,42.224550898203596,0.8181194639866847,16,0.09580838323353294,0.3545025701547017,41.257729314702196,1.2618611743335977,14.642857142857142,0.0203987500849302,167,16.312240864245968,13.302030177996773,7.455364554063842,5.862895309979647,0.7424960937671534,1.4928706596474262,1,0.15615842042780725,1.0,0.0,0.0,1,0.451609213765627,9.909090909090908,0.009309768676757812,0.7077089782338353,0.1995392638386503,0.5470264879821077,0.8347016654589489,0.1457695301427863,0.6503053301124664
260627KRXQ_1_2.png,04_Over_Saturated,1024,1024,115.33540630340576,56.50651808873103,115.0,56.3388,53958.95340286358,0.021905899047851562,0.0011835098266601562,31,29.612903225806452,0.7802002173095125,3,0.0967741935483871,1.0,0.0,1.1633640552995392,2.0,3.92156862538684e-09,31,20.834182436968682,17.90326658782341,11.502152989193428,9.755210298216474,0.36623461898234355,1.0746649901657026,1277,0.9990234375,0.011746280344557557,0.985121378230227,5.507578594008085,0,0.15316911801748745,2.6923074714833706,0.008518695831298828,0.5635176207119943,0.19410078544912987,0.4684158885028721,0.019061212837969,0.22448979591836735,0.28778804012418663
260702AT87_1_2.png,04_Over_Saturated,1024,1024,82.10336208343506,45.9878151999962,79.0,40.0302,25466.694510642992,0.0,0.0017290115356445312,21,81.14285714285714,0.7624518884516039,2,0.09523809523809523,6.123233995736766e-17,90.0,1.219198790627362,2.5,0.03315115254141739,21,26.443398494563894,22.505349592611267,13.09645806404551,11.5309091541223,0.302305751078444,1.0490856564856768,1315,0.9970703125,0.029657794676806085,0.9695817490494296,9.225435104055482,0,0.1268707910989934,3.454545542664494,0.015698909759521484,0.6273092975923363,0.6100458026221061,0.44699076713928654,0.0,0.22448979591836735,0.3050847457627119
260709WSBP_1_2.png,04_Over_Saturated,1024,1024,20.733283042907715,25.113919134157822,15.0,8.8956,751.6023076622066,0.0,0.03373432159423828,819,33.3034188034188,0.8238003926171326,41,0.050061050061050064,0.13046396602165852,57.81848542526312,1.1332908660047207,4.0,0.026033054938777986,819,15.922553573074644,13.641802049078908,6.936027270136854,5.4132161137078825,0.6794151314861914,1.3628543951548002,0,0.0,0.0,0.0,0.0,0,0.04281310589215424,5.142857142857143,0.0013890266418457031,0.8900668392006352,0.29922601078070665,0.523255923329903,0.7446262193518246,0.1831847902328249,0.26053268765133175
2607131ERW_19_1.png,04_Over_Saturated,512,512,9.318130493164062,21.306969890200644,3.0,2.9652,406.02051689563086,0.0,0.024524688720703125,215,20.155813953488373,0.7830159749848494,11,0.05116279069767442,0.4505614565979071,36.17494155179504,1.3938950971509114,47.333333333333336,0.007633595362407789,215,12.01820334759925,9.330381579903733,5.465588730700827,4.057010954105461,0.763477501381252,1.5483844788189969,4,0.5151383386378559,1.0,0.0,1.7535203148668324,1,0.7055714979358412,19.657028322355668,0.007940292358398438,0.6978995717087618,0.1707662257826903,0.5596746783611303,0.8735198974609374,0.1270877206676942,0.8257814696458109
260713EY9C_15_1.png,04_Over_Saturated,512,512,11.474205017089844,23.13937175269846,4.0,2.9652,388.40914741065353,0.0,0.0259246826171875,298,15.03020134228188,0.7972792085137893,17,0.05704697986577181,0.05882352941176467,68.19417407962997,1.1769826137695265,9.6,0.0032577352225004407,298,11.849366579490145,9.954111008434083,5.248211855269852,4.470305455456135,0.7604619136238688,1.5399278638986573,3,0.2168672464617251,1.0,0.0,3.8677411409214733,0,0.30137112457084475,5.073249745291077,0.004352569580078125,0.8006901832944452,0.1576197886375105,0.5247893602353202,0.9468802315848214,0.12010362413194446,0.20136136650943956
260713EY9C_3_1.png,04_Over_Saturated,512,512,14.319908142089844,22.720739462816073,9.0,5.9304,596.1502131351735,0.0,0.021862030029296875,252,15.253968253968255,0.8084607751464126,7,0.027777777777777776,0.14285714285714285,56.51568894506676,1.1064266531528435,2.5,0.0005385558988472321,252,11.37233375582892,9.265674352281419,4.937417135416614,4.156743882647781,0.7406181674389833,1.488266175469524,0,0.0,0.0,0.0,0.0,0,0.1312014535404727,2.7567568415043713,0.0032672882080078125,0.8436338647356106,0.19890197126124276,0.5318911315896974,0.8124736974721074,0.2424116415772038,0.23728813559322035
FILE_CURRENT_FOCUS13108 (10).png,04_Over_Saturated,1024,1024,4.22934627532959,21.486169585078756,1.0,1.4826,84.77145265876516,0.005085945129394531,0.011837959289550781,188,53.648936170212764,0.8527548415371061,9,0.047872340425531915,0.046347284079048715,71.0050830624164,1.1269208264490196,2.8333333333333335,0.03161696825413217,188,12.83271965957643,10.107746465302503,5.25020007446835,3.4094115281850312,0.6196248181733977,1.274053482808171,0,0.0,0.0,0.0,0.0,0,0.04986775076302896,2.0809965190032393,0.0008182525634765625,0.835283308896127,0.3462691107435185,0.5785337450538371,0.42816897327350695,0.2924183436802455,0.23728813559322035
FILE_CURRENT_FOCUS13108 (22).png,04_Over_Saturated,1024,1024,25.159814834594727,23.35146690493859,22.0,10.3782,1652.8618231154237,0.0050754547119140625,0.009367942810058594,97,105.30412371134021,0.6709022769469362,61,0.6288659793814433,0.9241329499120218,11.380053377693864,1.748789068892162,2.7777777777777777,0.12458233673131175,97,25.72132199028028,27.29595278115004,11.389414612398188,10.516243993624702,0.6779697672130086,1.360378035276851,4,0.2197265625,0.25,0.5,25.759349708497364,0,0.07049629395901924,3.23076947478305,0.006253719329833984,0.5024813531353464,0.862848909769954,0.8329525117927152,0.3360839725399633,0.20269960502918616,0.19854721549636803
FILE_CURRENT_FOCUS13458 (54).png,04_Over_Saturated,512,512,7.424457550048828,21.757478154766694,4.0,2.9652,568.169464690014,0.00505828857421875,0.00826263427734375,82,18.50609756097561,0.8193787623181835,2,0.024390243902439025,0.9863939346999603,4.741978861995225,1.0864135694928378,1.6666666666666667,3.92156862538684e-09,82,9.180154281742926,7.363554093554938,3.2862747601560907,2.100057142514251,0.6425920209048719,1.3053151883418446,0,0.0,0.0,0.0,0.0,0,0.03660642400318233,2.0869564481995626,0.0012836456298828125,0.7687614275769582,0.18642427163636166,0.632804461973595,0.4694247347778912,0.31025443217651644,0.23728813559322035
FILE_CURRENT_FOCUS13458 (67).png,04_Over_Saturated,1024,1024,4.231539726257324,21.289703486365294,1.0,1.4826,115.20975202368479,0.005057334899902344,0.010737419128417969,217,40.96082949308756,0.8378027287852878,11,0.05069124423963134,0.35046008404402285,41.485239765112745,1.1621064305896474,3.04,0.0292954211660622,217,10.776977728738203,8.255205497315027,4.22639545721005,2.63098942665402,0.5580398883746942,1.2050891509256407,0,0.0,0.0,0.0,0.0,0,0.06648380861366085,2.590908969589188,0.0008668899536132812,0.8705322384078185,0.31683243168985953,0.5534306991110741,0.4361201298701298,0.2979085667063049,0.23728813559322035
FILE_CURRENT_FOCUS13458 (72).png,04_Over_Saturated,1024,1024,16.385977745056152,23.80739419390622,12.0,5.9304,625.0174536714185,0.005116462707519531,0.014682769775390625,651,15.998463901689709,0.813786078428226,21,0.03225806451612903,0.23656652063769162,48.64283184243078,1.1173634523864937,2.3333333333333335,0.03520913835059566,651,11.541644127300833,9.798208008185183,4.500149613419677,3.5542359221945414,0.6929016217941912,1.3869007340362975,2,0.16275667313403222,0.0,1.0,23.112208559033224,0,0.02722255989113337,3.6736841384723107,0.000301361083984375,0.8439798553017144,0.35584935543444834,0.5714054639125388,0.6814747960842699,0.17618572901165677,0.23728813559322035
FILE_CURRENT_FOCUS13808 (81).png,04_Over_Saturated,1024,1024,19.507156372070312,21.773150440122777,17.0,7.412999999999999,939.8705786308117,0.005057334899902344,0.011458396911621094,258,36.127906976744185,0.823760743689667,4,0.015503875968992248,0.5,33.730312523269966,1.1171117716705952,1.5,0.06502133374828371,258,15.081666932756963,13.782532146995646,4.927342630772103,3.605627948018891,0.45003529563365335,1.1198943950233837,0,0.0,0.0,0.0,0.0,0,0.04281310062379818,2.784313349850403,0.0010418891906738281,0.929083211516557,0.4285714285714286,0.41476289595251553,0.43168477268964994,0.2943118521415728,0.23728813559322035
FILE_CURRENT_FOCUS14158 (5).png,04_Over_Saturated,1024,1024,3.945819854736328,21.421389694172127,1.0,1.4826,65.73146438546246,0.005045890808105469,0.011524200439453125,147,68.41496598639456,0.828227269336794,28,0.19047619047619047,0.6599846422523514,26.11640411224205,1.2870792307717531,2.7083333333333335,0.03782479349880426,147,15.021592619877639,12.313322113247114,6.474042954461302,4.233194378001983,0.7101756661989787,1.4204050757161562,0,0.0,0.0,0.0,0.0,0,0.04729688783427358,2.2987952538390055,0.0007824897766113281,0.650945306491588,0.40863758263194555,0.8117240476846979,0.5991094526966099,0.2939835805741568,0.23728813559322035
FILE_CURRENT_FOCUS14508 (6).png,04_Over_Saturated,1024,1024,3.546128273010254,21.05043528284738,1.0,1.4826,41.67257490841439,0.0050373077392578125,0.010816574096679688,90,108.80555555555556,0.8115709232533213,17,0.18888888888888888,0.673773066692547,25.45835051466729,1.2168008839540485,1.84,0.1860747237921805,90,18.54123912006454,15.680329070566732,8.184816646246867,5.471824314142616,0.7498654257193635,1.5118402858785882,0,0.0,0.0,0.0,0.0,0,0.03133837877232834,2.2,0.0007786750793457031,0.6063558996999243,0.5629373241348844,0.6757855628437023,0.6533817670502683,0.29751368931361605,0.23728813559322035
2026_05_27T08.35.17.466Z_V.png,05_No_Star,1024,1024,124.34776210784912,59.66892203207849,124.0,63.751799999999996,70918.47027185364,0.02181720733642578,0.0,0,0.0,0.0,0,0.0,0.0,180.0,0.0,0.0,0.0,0,0.0,0.0,0.0,0.0,0.0,0.0,1208,0.9970703125,0.011589403973509934,0.9867549668874173,5.615099388081651,0,0.01909859547288761,4.139535428463377,8.916854858398438e-05,0.05,0.18571428571428575,0.36257309941520477,0.18181818181818182,0.7346938775510203,0.290754898782656
2026_05_27T08.36.07.943Z_R.png,05_No_Star,1024,1024,124.75871467590332,59.49412616110521,127.0,57.8214,71530.36917359836,0.02211284637451172,0.0,0,0.0,0.0,0,0.0,0.0,180.0,0.0,0.0,0.0,0,0.0,0.0,0.0,0.0,0.0,0.0,1205,0.99609375,0.008298755186721992,0.9875518672199171,5.195932607694574,0,0.018023021069779755,3.5,0.0001125335693359375,0.05,0.18571428571428575,0.36257309941520477,0.18181818181818182,0.7346938775510203,0.2874873902549467
2026_05_27T08.38.40.684Z_V.png,05_No_Star,1024,1024,129.56797409057617,60.363482488959214,132.0,60.7866,73730.91517676698,0.02796649932861328,0.0,0,0.0,0.0,0,0.0,0.0,180.0,0.0,0.0,0.0,0,0.0,0.0,0.0,0.0,0.0,0.0,1225,0.9990234375,0.012244897959183673,0.986938775510204,5.80498025284268,0,0.02416868881008707,4.52631557394776,0.00011968612670898438,0.05,0.18571428571428575,0.36257309941520477,0.18181818181818182,0.7346938775510203,0.289688017491509
260504MUFN_1_2.png,05_No_Star,1024,1024,125.9869384765625,60.43044872716851,127.0,62.2692,70684.20601341527,0.027666091918945312,1.1444091796875e-05,1,6.0,0.7539822368615503,0,0.0,0.0,180.0,1.3333333333333333,1.3333333333333333,3.92156862538684e-09,1,12.574474492135593,12.574474492135593,7.428055431615859,7.428055431615859,0.49633055693229816,1.1518964126743672,1228,0.9970703125,0.013843648208469055,0.9853420195439739,5.989812065449579,0,0.03355471821647828,4.367232202924938,0.00016689300537109375,0.05,0.1566615677380193,0.5988550532495343,0.10323079026204326,0.7346938775510203,0.286888850734146
260504WJNU_1_1.png,05_No_Star,1024,1024,124.08720779418945,60.01221369862347,124.0,62.2692,71239.66811602283,0.021665573120117188,0.0,0,0.0,0.0,0,0.0,0.0,180.0,0.0,0.0,0.0,0,0.0,0.0,0.0,0.0,0.0,0.0,1219,0.9990234375,0.012305168170631665,0.9868744872846595,6.0972604460996305,0,0.02527255955361393,3.204300959767121,0.000110626220703125,0.05,0.18571428571428575,0.36257309941520477,0.18181818181818182,0.7346938775510203,0.2881371819078201
260505ZCMG_1_1.png,05_No_Star,1024,1024,125.29518413543701,60.365253812727005,127.0,62.2692,72156.50537576382,0.023633956909179688,0.0,0,0.0,0.0,0,0.0,0.0,180.0,0.0,0.0,0.0,0,0.0,0.0,0.0,0.0,0.0,0.0,1210,0.998046875,0.010743801652892562,0.9859504132231405,5.485519254433414,0,0.02689143844416359,3.6293706817804785,0.00011968612670898438,0.05,0.18571428571428575,0.36257309941520477,0.18181818181818182,0.7346938775510203,0.28527754444186976
260506AAMN_1_1.png,05_No_Star,1024,1024,123.65592861175537,59.352093160464115,121.0,57.8214,69938.59823480314,0.020540237426757812,0.0,0,0.0,0.0,0,0.0,0.0,180.0,0.0,0.0,0.0,0,0.0,0.0,0.0,0.0,0.0,0.0,1235,0.998046875,0.009716599190283401,0.988663967611336,5.438556790677232,0,0.020556044031106457,3.3611110660580956,7.915496826171875e-05,0.05,0.18571428571428575,0.36257309941520477,0.18181818181818182,0.7346938775510203,0.2897720521645165
260506ABYO_1_1.png,05_No_Star,1024,1024,125.36729335784912,58.99960622391484,124.0,59.303999999999995,68949.47731349313,0.020389556884765625,0.0,0,0.0,0.0,0,0.0,0.0,180.0,0.0,0.0,0.0,0,0.0,0.0,0.0,0.0,0.0,0.0,1216,0.9970703125,0.013980263157894737,0.9786184210526315,5.95020947709304,0,0.025411649422055944,3.73267310123458,0.00011968612670898438,0.05,0.18571428571428575,0.36257309941520477,0.18181818181818182,0.7346938775510203,0.28999095852092166
260506ABYO_1_2.png,05_No_Star,1024,1024,127.17043209075928,59.856207117566434,124.0,62.2692,70466.98199991538,0.02372455596923828,0.0,0,0.0,0.0,0,0.0,0.0,180.0,0.0,0.0,0.0,0,0.0,0.0,0.0,0.0,0.0,0.0,1225,0.9990234375,0.017142857142857144,0.976326530612245,6.454583289918954,0,0.03191738690881494,3.9694659270749857,0.00014448165893554688,0.05,0.18571428571428575,0.36257309941520477,0.18181818181818182,0.7346938775510203,0.285145923531373
260506ECSQ_1_1.png,05_No_Star,1024,1024,125.89359760284424,60.147025307788624,127.0,62.2692,71608.72367925529,0.02331829071044922,8.58306884765625e-06,1,4.0,0.7853981633974483,0,0.0,0.0,180.0,1.0,1.0,3.92156862538684e-09,1,11.976258275080196,11.976258275080196,6.984399702560624,6.984399702560624,0.3153878078239963,1.053782008213675,1222,0.9990234375,0.014729950900163666,0.9811783960720131,6.085094812149479,0,0.04659303019578558,4.6,0.00022602081298828125,0.05,0.11097352754577337,0.36257309941520477,0.11875220425925677,0.7346938775510203,0.29793952923421424
260506GXR2_1_1.png,05_No_Star,1024,1024,127.7985315322876,59.48364417509778,128.0,60.7866,64312.5083299402,0.024959564208984375,0.0,0,0.0,0.0,0,0.0,0.0,180.0,0.0,0.0,0.0,0,0.0,0.0,0.0,0.0,0.0,0.0,1194,0.9794921875,0.0041876046901172526,0.9932998324958124,4.511947406044641,0,0.07006013202884818,4.999999725837887,0.0016474723815917969,0.05,0.18571428571428575,0.36257309941520477,0.18181818181818182,0.7346938775510203,0.303690700173481
260506GXR2_1_2.png,05_No_Star,1024,1024,131.3429536819458,58.80869860954206,132.0,60.7866,57178.253664878466,0.024211883544921875,0.0,0,0.0,0.0,0,0.0,0.0,180.0,0.0,0.0,0.0,0,0.0,0.0,0.0,0.0,0.0,0.0,1203,0.9677734374999999,0.00914380714879468,0.9883624272651704,5.050047082196149,0,0.12989657657386328,3.7297300960991806,0.0024480819702148438,0.05,0.19288062561300712,0.36257309941520477,0.18181818181818182,0.7346938775510203,0.28443794158122737
260506I5WM_1_1.png,05_No_Star,1024,1024,125.36924839019775,59.09261279824592,124.0,60.7866,69289.75393095205,0.02064228057861328,0.0,0,0.0,0.0,0,0.0,0.0,180.0,0.0,0.0,0.0,0,0.0,0.0,0.0,0.0,0.0,0.0,1210,0.9990234375,0.009917355371900827,0.987603305785124,5.089427391471586,0,0.020526405576980183,3.6666666666666665,8.0108642578125e-05,0.05,0.18571428571428575,0.36257309941520477,0.18181818181818182,0.7346938775510203,0.28962380545479915
260506I5WM_1_2.png,05_No_Star,1024,1024,124.1640100479126,60.321302074404514,124.0,63.751799999999996,71445.19596641672,0.022348403930664062,0.0,0,0.0,0.0,0,0.0,0.0,180.0,0.0,0.0,0.0,0,0.0,0.0,0.0,0.0,0.0,0.0,1200,0.998046875,0.014166666666666666,0.9858333333333333,5.442069455350691,0,0.02554975937627008,5.0,0.00013446807861328125,0.05,0.18571428571428575,0.36257309941520477,0.18181818181818182,0.7346938775510203,0.3074841589385026
260506JLM7_1_1.png,05_No_Star,1024,1024,126.3478422164917,60.11144222200467,125.0,59.303999999999995,71579.85674394859,0.027019500732421875,0.0,0,0.0,0.0,0,0.0,0.0,180.0,0.0,0.0,0.0,0,0.0,0.0,0.0,0.0,0.0,0.0,1210,0.9990234375,0.01652892561983471,0.9809917355371901,6.169395867707957,0,0.032824516163492946,4.086614228958412,0.00017547607421875,0.05,0.18571428571428575,0.36257309941520477,0.18181818181818182,0.7346938775510203,0.28212072417384393
260506JLM7_1_2.png,05_No_Star,1024,1024,124.99853134155273,59.72905031730603,123.0,59.303999999999995,69254.08338631297,0.02535724639892578,8.58306884765625e-06,1,4.0,0.7853981633974483,0,0.0,0.0,180.0,1.0,1.0,3.92156862538684e-09,1,11.685667935377854,11.685667935377854,6.832139038513263,6.832139038513263,0.48901136275305845,1.1464242726782332,1222,0.9970703125,0.018821603927986905,0.9746317512274959,6.7545296605271865,0,0.03533808835423186,3.596154016865087,0.00012731552124023438,0.05,0.11097352754577337,0.47538864598103875,0.12485440425762716,0.7346938775510203,0.2827739761758948
260506N1AS_1_1.png,05_No_Star,1024,1024,125.0261001586914,59.37681083480391,125.0,63.751799999999996,69316.02100459649,0.024961471557617188,0.0,0,0.0,0.0,0,0.0,0.0,180.0,0.0,0.0,0.0,0,0.0,0.0,0.0,0.0,0.0,0.0,1209,0.9990234375,0.010752688172043012,0.9851116625310173,5.843509548135205,0,0.022439927817113445,4.4111108813620685,0.0001125335693359375,0.05,0.18571428571428575,0.36257309941520477,0.18181818181818182,0.7346938775510203,0.29171052898031735
260506NO2C_1_1.png,05_No_Star,1024,1024,126.19957447052002,60.355708373051044,125.0,59.303999999999995,72144.02784426017,0.02772808074951172,0.0,0,0.0,0.0,0,0.0,0.0,180.0,0.0,0.0,0.0,0,0.0,0.0,0.0,0.0,0.0,0.0,1195,0.9990234375,0.008368200836820083,0.9891213389121339,5.0221353314365915,0,0.024164969350705987,3.3333335702756357,0.00014591217041015625,0.05,0.18571428571428575,0.36257309941520477,0.18181818181818182,0.7346938775510203,0.2793296647706852
260506NO2C_1_2.png,05_No_Star,1024,1024,124.55478286743164,59.79924369012371,125.0,63.751799999999996,69363.15540666124,0.024132728576660156,0.0,0,0.0,0.0,0,0.0,0.0,180.0,0.0,0.0,0.0,0,0.0,0.0,0.0,0.0,0.0,0.0,1204,0.998046875,0.014119601328903655,0.9842192691029901,5.843122095531927,0,0.03908751151043147,3.724137816284125,0.000194549560546875,0.05,0.18571428571428575,0.36257309941520477,0.18181818181818182,0.7346938775510203,0.2845529366925034
260506PWQ3_1_1.png,05_No_Star,1024,1024,125.3614616394043,60.29718748850977,127.0,65.2344,71694.01620647416,0.0272369384765625,0.0,0,0.0,0.0,0,0.0,0.0,180.0,0.0,0.0,0.0,0,0.0,0.0,0.0,0.0,0.0,0.0,1202,0.9990234375,0.011647254575707155,0.9866888519134775,5.593843983697496,0,0.02545146765718661,4.0,0.00010919570922851562,0.05,0.18571428571428575,0.36257309941520477,0.18181818181818182,0.7346938775510203,0.2800431886539044
26051002DR_1_1.png,05_No_Star,1024,1024,126.12564086914062,60.196746619521576,127.0,62.2692,68238.93052243604,0.02361011505126953,0.0,0,0.0,0.0,0,0.0,0.0,180.0,0.0,0.0,0.0,0,0.0,0.0,0.0,0.0,0.0,0.0,1192,0.9970703125,0.010067114093959731,0.988255033557047,4.784335589364733,0,0.08525643114054209,4.023809516354979,0.0009212493896484375,0.05,0.18571428571428575,0.36257309941520477,0.18181818181818182,0.7346938775510203,0.28579644287317224
26051002DR_1_2.png,05_No_Star,1024,1024,125.64358425140381,60.59508517339122,127.0,62.2692,64518.025279226786,0.02711009979248047,8.58306884765625e-06,1,4.0,0.7853981633974483,0,0.0,0.0,180.0,1.0,1.0,3.92156862538684e-09,1,11.764671398165572,11.764671398165572,6.538272518428036,6.538272518428036,0.16238091902294227,1.0134503637080357,1245,0.998046875,0.013654618473895583,0.9855421686746988,5.776374015649734,0,0.08589211098320765,3.787610388464906,0.0024809837341308594,0.05,0.11097352754577337,0.36257309941520477,0.13081497550694854,0.7346938775510203,0.2802274579285998
260523769Y_1_2.png,05_No_Star,1024,1024,127.18717956542969,59.858036735408284,124.0,59.303999999999995,71292.57270472834,0.024084091186523438,0.0,0,0.0,0.0,0,0.0,0.0,180.0,0.0,0.0,0.0,0,0.0,0.0,0.0,0.0,0.0,0.0,1215,0.9990234375,0.01316872427983539,0.9851851851851852,6.041769299269522,0,0.02276179012830098,4.410256315736604,8.58306884765625e-05,0.05,0.18571428571428575,0.36257309941520477,0.18181818181818182,0.7346938775510203,0.2929677925914611
260526D8K1_1_2.png,05_No_Star,1024,1024,124.75871467590332,59.49412616110521,127.0,57.8214,71530.36917359836,0.02211284637451172,0.0,0,0.0,0.0,0,0.0,0.0,180.0,0.0,0.0,0.0,0,0.0,0.0,0.0,0.0,0.0,0.0,1205,0.99609375,0.008298755186721992,0.9875518672199171,5.195932607694574,0,0.018023021069779755,3.5,0.0001125335693359375,0.05,0.18571428571428575,0.36257309941520477,0.18181818181818182,0.7346938775510203,0.2874873902549467
260526HU0Q_1_1.png,05_No_Star,1024,1024,124.87803840637207,59.40379785813276,123.0,62.2692,67617.51459517071,0.022899627685546875,0.0,0,0.0,0.0,0,0.0,0.0,180.0,0.0,0.0,0.0,0,0.0,0.0,0.0,0.0,0.0,0.0,1198,0.9990234375,0.011686143572621035,0.9858096828046744,5.409755152601355,0,0.03034316787261863,3.93442661801382,0.00017881393432617188,0.05,0.18571428571428575,0.36257309941520477,0.18181818181818182,0.7346938775510203,0.2863443665585276
260526HU0Q_1_2.png,05_No_Star,1024,1024,125.77952671051025,60.23692722339955,126.0,60.7866,63798.93581850006,0.023075103759765625,0.0,0,0.0,0.0,0,0.0,0.0,180.0,0.0,0.0,0.0,0,0.0,0.0,0.0,0.0,0.0,0.0,1207,0.9990234375,0.014913007456503728,0.9826014913007457,6.078914346991362,0,0.07358935107246853,3.709677434535288,0.001201629638671875,0.05,0.18571428571428575,0.36257309941520477,0.18181818181818182,0.7346938775510203,0.28608943763714445
260526WG4W_1_1.png,05_No_Star,1024,1024,124.34166431427002,60.170444405159444,125.0,60.7866,68975.65355800083,0.023633956909179688,0.0,0,0.0,0.0,0,0.0,0.0,180.0,0.0,0.0,0.0,0,0.0,0.0,0.0,0.0,0.0,0.0,1230,0.9990234375,0.016260162601626018,0.9804878048780488,6.2205631021886205,0,0.03532843409174484,4.666666666666667,0.0002474784851074219,0.05,0.18571428571428575,0.36257309941520477,0.18181818181818182,0.7346938775510203,0.29883686647576807
260526WG4W_1_2.png,05_No_Star,1024,1024,126.63129425048828,59.92637894243391,127.0,62.2692,62875.31818243036,0.02332782745361328,0.0,0,0.0,0.0,0,0.0,0.0,180.0,0.0,0.0,0.0,0,0.0,0.0,0.0,0.0,0.0,0.0,1207,0.9990234375,0.009113504556752278,0.9884009942004971,5.384790851118921,0,0.07069330940238341,4.148148077592877,0.0017399787902832031,0.05,0.18571428571428575,0.36257309941520477,0.18181818181818182,0.7346938775510203,0.28873546581019904
2605290VX9_1_1.png,05_No_Star,1024,1024,129.8529567718506,59.473643756496664,127.0,57.8214,71479.05046235325,0.026571273803710938,2.09808349609375e-05,1,14.5,0.8982491906543908,0,0.0,0.0,180.0,1.0,1.0,3.92156862538684e-09,1,15.555983187030062,15.555983187030062,8.832607888290575,8.832607888290575,0.43087941562322557,1.1081443464081433,1192,0.998046875,0.010067114093959731,0.9874161073825504,4.8966211577952885,0,0.022637430583413526,4.666666508705141,0.0001049041748046875,0.05,0.113316751732356,0.42689463791463456,0.044204519020395454,0.7346938775510203,0.29456957479635987
2605290VX9_1_2.png,05_No_Star,1024,1024,124.78313064575195,61.126458702869,122.0,69.6822,75195.36848251251,0.025514602661132812,0.0,0,0.0,0.0,0,0.0,0.0,180.0,0.0,0.0,0.0,0,0.0,0.0,0.0,0.0,0.0,0.0,1218,0.9970703125,0.009852216748768473,0.9827586206896551,5.862764144679919,0,0.02480773513227744,3.7142857142857144,0.000156402587890625,0.05,0.18571428571428575,0.36257309941520477,0.18181818181818182,0.7346938775510203,0.28254537143661096
2605308JZK_1_1.png,05_No_Star,1024,1024,126.04187297821045,59.918263953337565,125.0,62.2692,62453.54408892197,0.024054527282714844,8.58306884765625e-06,1,4.0,0.7853981633974483,0,0.0,0.0,180.0,1.0,1.0,3.92156862538684e-09,1,11.142223685406321,11.142223685406321,6.000479757407296,6.000479757407296,0.21945717264619832,1.0249869950802046,1220,0.9990234375,0.014754098360655738,0.9827868852459016,6.407739379690149,0,0.13801747349179083,3.84615401544512,0.006428241729736328,0.05,0.11097352754577337,0.36257309941520477,0.14869615382795853,0.7346938775510203,0.28466654632051114
260530NIO7_1_2.png,05_No_Star,1024,1024,124.22372245788574,60.10464438257928,127.0,62.2692,72778.18149976774,0.023088455200195312,2.288818359375e-05,2,6.25,0.8026263494045768,0,0.0,0.0,180.0,1.0,1.0,3.92156862538684e-09,2,12.063084656747437,12.063084656747437,6.842387132186028,6.842387132186028,0.4006394907772188,1.095738084355143,1212,0.998046875,0.013201320132013201,0.9834983498349835,6.201265228783796,0,0.020122462278317682,5.777777690809241,6.628036499023438e-05,0.05,0.09128417210905507,0.40628927645220403,0.12119043193443176,0.7346938775510203,0.32222823119293087
260530WJIM_1_1.png,05_No_Star,1024,1024,129.4161891937256,60.0293519111802,127.0,57.8214,73006.9867522621,0.027669906616210938,0.0,0,0.0,0.0,0,0.0,0.0,180.0,0.0,0.0,0.0,0,0.0,0.0,0.0,0.0,0.0,0.0,1210,0.9990234375,0.009917355371900827,0.9884297520661157,5.300062431104118,0,0.023565757068714478,5.272726873946018,0.000118255615234375,0.05,0.18571428571428575,0.36257309941520477,0.18181818181818182,0.7346938775510203,0.30530014956760293
260530WJIM_1_2.png,05_No_Star,1024,1024,123.37761402130127,60.03384663932761,127.0,68.19959999999999,72559.75690591053,0.021719932556152344,0.0,0,0.0,0.0,0,0.0,0.0,180.0,0.0,0.0,0.0,0,0.0,0.0,0.0,0.0,0.0,0.0,1217,0.998046875,0.01314708299096138,0.9852095316351684,5.7109832289477405,0,0.0242647414778434,3.979999874546188,7.677078247070312e-05,0.05,0.18571428571428575,0.36257309941520477,0.18181818181818182,0.7346938775510203,0.2880582093615221
260531W5F3_1_1.png,05_No_Star,1024,1024,124.51693916320801,59.86149910943457,123.0,62.2692,60607.78712746446,0.02298259735107422,2.193450927734375e-05,2,6.0,0.8213848867426555,0,0.0,0.0,180.0,1.0,1.0,3.92156862538684e-09,2,12.262607510437398,12.262607510437398,7.077067190179131,7.077067190179131,0.36525428563741547,1.0750461793728863,1215,0.9990234375,0.006584362139917695,0.9893004115226337,5.088420649136349,0,0.2476705394042351,3.965517323856147,0.04392528533935547,0.05,0.03830777170258188,0.36340321094780503,0.11404295012831615,0.7346938775510203,0.32962225148666036
260531W5F3_1_2.png,05_No_Star,1024,1024,126.93781185150146,59.38077812407253,128.0,60.7866,44305.018084482595,0.02352428436279297,8.58306884765625e-06,1,4.0,0.7853981633974483,0,0.0,0.0,180.0,1.0,1.0,3.92156862538684e-09,1,11.436892284077246,11.436892284077246,6.42861402109951,6.42861402109951,0.20402051237508442,1.0214852949168125,1195,0.9970703125,0.0066945606694560665,0.9882845188284519,4.832337503266153,0,0.25981287787282964,2.9035712432355973,0.06254196166992188,0.05,0.11161491412266414,0.3449125922203317,0.13628702421067254,0.7346938775510203,0.33662241281982375
2606017E79_1_1.png,05_No_Star,1024,1024,124.18500995635986,59.6662710704258,123.0,62.2692,63105.772307503445,0.024454116821289062,2.47955322265625e-05,2,7.0,0.7744965540067155,0,0.0,0.0,180.0,1.125,1.25,3.92156862538684e-09,2,13.018519549168548,13.018519549168548,7.023535604745155,7.023535604745155,0.46238313876328196,1.1290386271278487,1220,0.9990234375,0.012295081967213115,0.9860655737704918,5.965052103593671,0,0.22049591628492682,3.4576271072029283,0.03560304641723633,0.05,0.09879335342759768,0.44755515629380377,0.10838764944516877,0.7346938775510203,0.31005684092400143
260601RI1U_1_1.png,05_No_Star,1024,1024,124.23931217193604,59.47772601865915,123.0,60.7866,58569.75028881657,0.02346038818359375,0.0,0,0.0,0.0,0,0.0,0.0,180.0,0.0,0.0,0.0,0,0.0,0.0,0.0,0.0,0.0,0.0,1203,0.9970703125,0.014131338320864505,0.9808811305070657,5.911571566995163,0,0.20677895048254105,3.281250021465923,0.03850841522216797,0.05,0.16906846933225678,0.3566476164571587,0.18181818181818182,0.7346938775510203,0.3027035597835954
260601RI1U_1_2.png,05_No_Star,1024,1024,122.13301849365234,59.41564618735014,121.0,60.7866,54688.18300740335,0.02374553680419922,0.0,0,0.0,0.0,0,0.0,0.0,180.0,0.0,0.0,0.0,0,0.0,0.0,0.0,0.0,0.0,0.0,1212,0.998046875,0.01155115511551155,0.9876237623762376,5.528785355619508,0,0.23058005555334035,3.34959330047402,0.047307491302490234,0.05,0.17042602331532236,0.35138105298329764,0.18181818181818182,0.7346938775510203,0.31755340798177567
260603S572_1_1.png,05_No_Star,1024,1024,127.15829753875732,60.09900837607352,127.0,62.2692,60524.898536223365,0.024209022521972656,0.0,0,0.0,0.0,0,0.0,0.0,180.0,0.0,0.0,0.0,0,0.0,0.0,0.0,0.0,0.0,0.0,1232,0.998046875,0.015422077922077922,0.9837662337662337,5.956553262432836,0,0.11157305505964592,4.707547164986024,0.005480289459228516,0.05,0.18571428571428575,0.36257309941520477,0.18181818181818182,0.7346938775510203,0.2988328878273584
2606068CP4_1_2.png,05_No_Star,1024,1024,124.36598110198975,59.17985733830344,124.0,57.8214,69574.03918587987,0.020813941955566406,0.0,0,0.0,0.0,0,0.0,0.0,180.0,0.0,0.0,0.0,0,0.0,0.0,0.0,0.0,0.0,0.0,1212,0.998046875,0.013201320132013201,0.9826732673267327,5.82104235440823,0,0.02949265500638092,3.7500003731840597,0.0002231597900390625,0.05,0.18571428571428575,0.36257309941520477,0.18181818181818182,0.7346938775510203,0.2893744184664895
260606TVIO_1_1.png,05_No_Star,1024,1024,123.95949172973633,59.17953474166412,123.0,60.7866,70134.94621965571,0.021070480346679688,0.0,0,0.0,0.0,0,0.0,0.0,180.0,0.0,0.0,0.0,0,0.0,0.0,0.0,0.0,0.0,0.0,1212,0.9990234375,0.017326732673267328,0.9801980198019802,6.078226856326782,0,0.019216208887835293,3.0,6.961822509765625e-05,0.05,0.18571428571428575,0.36257309941520477,0.18181818181818182,0.7346938775510203,0.28900172346729347
260606TVIO_1_2.png,05_No_Star,1024,1024,123.04190158843994,59.85758177243639,120.0,66.717,71710.90518791815,0.021059036254882812,0.0,0,0.0,0.0,0,0.0,0.0,180.0,0.0,0.0,0.0,0,0.0,0.0,0.0,0.0,0.0,0.0,1225,0.9990234375,0.014693877551020407,0.9820408163265306,6.135362581429195,0,0.028466824421228044,3.3124995821300587,0.00012922286987304688,0.05,0.18571428571428575,0.36257309941520477,0.18181818181818182,0.7346938775510203,0.28901834926651415
2607027VZF_2070.png,05_No_Star,1024,1024,124.22842788696289,59.903969528091814,123.0,62.2692,55376.73416830144,0.02516651153564453,0.0,0,0.0,0.0,0,0.0,0.0,180.0,0.0,0.0,0.0,0,0.0,0.0,0.0,0.0,0.0,0.0,1208,0.9990234375,0.0074503311258278145,0.9925496688741722,4.75911513228598,0,0.2116788377232963,4.0,0.03417015075683594,0.05,0.17542775689361276,0.3555633992709635,0.18181818181818182,0.7346938775510203,0.30336732240016984
2607027VZF_2071.png,05_No_Star,1024,1024,122.82073402404785,59.592953102272176,121.0,62.2692,58072.085825764414,0.022884368896484375,0.0,0,0.0,0.0,0,0.0,0.0,180.0,0.0,0.0,0.0,0,0.0,0.0,0.0,0.0,0.0,0.0,1203,0.998046875,0.014131338320864505,0.9850374064837906,6.025937889688971,0,0.33975952786577984,3.455882347618631,0.054711341857910156,0.05,0.1228393157285341,0.32722248474599475,0.18181818181818182,0.7346938775510203,0.3888234005354813
2607027VZF_2072.png,05_No_Star,1024,1024,125.14252948760986,60.79243509528517,124.0,63.751799999999996,45187.92163785835,0.024138450622558594,0.0,0,0.0,0.0,0,0.0,0.0,180.0,0.0,0.0,0.0,0,0.0,0.0,0.0,0.0,0.0,0.0,1201,0.9990234375,0.009159034138218152,0.9866777685262281,5.290098648328837,0,0.26792717880896527,4.245070340698905,0.06387042999267578,0.05,0.181215412932396,0.34311710916191707,0.18181818181818182,0.7346938775510203,0.3459185007785013
2607027VZF_2075.png,05_No_Star,1024,1024,110.84373664855957,59.98140986159665,105.0,57.8214,37366.06401822009,0.024114608764648438,0.0,0,0.0,0.0,0,0.0,0.0,180.0,0.0,0.0,0.0,0,0.0,0.0,0.0,0.0,0.0,0.0,1211,0.99609375,0.016515276630883566,0.9801816680429397,6.211957056551846,0,0.3882530174128383,2.909090609486204,0.10162162780761719,0.05,0.17176872630293313,0.31649214092334865,0.18181818181818182,0.7346938775510203,0.4181359371815078
2607027VZF_2076.png,05_No_Star,1024,1024,127.58328914642334,60.76831017320927,127.0,63.751799999999996,44455.34924592613,0.024473190307617188,0.0,0,0.0,0.0,0,0.0,0.0,180.0,0.0,0.0,0.0,0,0.0,0.0,0.0,0.0,0.0,0.0,1216,0.998046875,0.009868421052631578,0.9860197368421053,5.787725586793328,0,0.20201998122978196,3.8932040685802978,0.03572797775268555,0.05,0.20661419909494805,0.357700652169797,0.18181818181818182,0.7346938775510203,0.2981801577922101
2607027VZF_2092.png,05_No_Star,1024,1024,130.35788345336914,61.28315279664043,132.0,65.2344,37744.92290130291,0.025170326232910156,0.0,0,0.0,0.0,0,0.0,0.0,180.0,0.0,0.0,0.0,0,0.0,0.0,0.0,0.0,0.0,0.0,1206,0.998046875,0.00912106135986733,0.9850746268656716,5.691356751839147,0,0.4231788463683609,3.3235293732814584,0.08245277404785156,0.05,0.17080654501256406,0.3087639663480789,0.18181818181818182,0.7346938775510203,0.43900081487071085
2607027VZF_2093.png,05_No_Star,1024,1024,125.35365295410156,61.25947661107233,126.0,65.2344,38978.213625493416,0.02634716033935547,0.0,0,0.0,0.0,0,0.0,0.0,180.0,0.0,0.0,0.0,0,0.0,0.0,0.0,0.0,0.0,0.0,1209,0.9970703125,0.014061207609594707,0.9826302729528535,5.9000732176751,0,0.2976201393470722,4.163636712472217,0.07526397705078125,0.05,0.18638147118431636,0.336546831818255,0.18181818181818182,0.7346938775510203,0.36009611257797147
2605064OPV_1_2.png,06_Satellite,1024,1024,110.63201427459717,56.1854173968941,109.0,56.3388,50284.48485639921,0.02184581756591797,0.007411956787109375,47,135.90425531914894,0.7054724287672359,7,0.14893617021276595,0.9973160282064952,2.1003339056465578,1.715019080976528,9.35135135135135,0.002753445713023629,47,29.247194223120395,20.450039354103914,16.64069477995704,11.436955770606295,0.39931227237150957,1.09073261331254,1240,0.998046875,0.00967741935483871,0.9862903225806452,5.5445144682458976,1,0.7094477857402366,56.93652326841715,0.016628742218017578,0.4839873786022128,0.4501675858335189,0.5689679224469353,0.0,0.21245735843165392,0.9827905798073832
2605092ZPI_1_2.png,06_Satellite,1024,1024,113.91136169433594,56.77144682704909,114.0,53.373599999999996,57309.2967848988,0.020954132080078125,0.001537322998046875,35,34.614285714285714,0.7655930540863131,2,0.05714285714285714,1.0,0.0,1.1166669838098409,1.6666666666666667,3.92156862538684e-09,35,21.421376721538117,20.362048495122757,11.57786929650813,10.234650401048764,0.3049624438339607,1.05001827393914,1258,0.998046875,0.015103338632750398,0.9833068362480127,5.8668101548371165,1,0.5381417092334653,24.594343731738626,0.008182525634765625,0.6045186284537053,0.1738793524791769,0.3499923513629128,0.0,0.22448979591836735,0.9764810561030186
2605099O7J_1_2.png,06_Satellite,1024,1024,30.89214324951172,25.127729387834066,27.0,14.825999999999999,3414.354886351115,0.0,0.0237884521484375,283,74.4452296819788,0.8075806177587684,9,0.03180212014134275,0.3698659531678514,40.40499483788957,1.1382198677248851,3.506849315068493,0.022216166707605983,282,18.88155775917083,15.417471474771363,8.474963623311607,6.542747145291673,0.4181941736507196,1.1008938432445772,1205,0.99609375,0.019087136929460582,0.9775933609958506,6.619463853592531,1,0.7351965599009971,24.81514299741996,0.015463829040527344,0.8400973017719908,0.2789540428512697,0.26151202127944995,0.3427380044093473,0.13076055617559526,1.0
2605106HDV_1_2.png,06_Satellite,1024,1024,63.334858894348145,38.72290457258991,60.0,31.1346,15137.363418170153,0.0,0.004765510559082031,46,83.70652173913044,0.749667517659565,7,0.15217391304347827,0.42855164395564715,37.29387582258445,1.4601574666178452,6.3076923076923075,0.007599317996654328,46,27.94126863442875,22.105385347204052,14.527299868779808,10.717417634224871,0.3455648306959414,1.065679840787662,1321,0.9882812499999999,0.014383043149129448,0.9825889477668432,6.126378347071981,1,0.4401598537802486,54.35722019281043,0.016211509704589844,0.5719303529197608,0.42274232912969595,0.5049077177861168,0.0,0.22448979591836735,0.9295573959195365
260520GFOW_1_1.png,06_Satellite,1024,1024,116.48031044006348,56.74720165301598,112.0,56.3388,58316.31328105154,0.021589279174804688,0.0019512176513671875,39,40.705128205128204,0.8022325505292324,0,0.0,0.0,180.0,1.1056304806304809,1.4,3.92156862538684e-09,39,23.09073672735132,21.036498753706347,12.831817013699931,11.58572324428662,0.29854571717361217,1.0477838309960854,1214,0.9990234375,0.011532125205930808,0.985172981878089,5.79854465971048,1,0.47648344081978644,20.759509162884257,0.00994729995727539,0.6073269638853976,0.16916189175408713,0.3393862045496496,0.0,0.22448979591836735,0.9360156876090077
260520GFOW_1_2.png,06_Satellite,1024,1024,114.73487567901611,57.279285766782735,111.0,56.3388,59122.79316611492,0.02141284942626953,0.0020933151245117188,49,34.204081632653065,0.8141995107429125,0,0.0,0.0,180.0,1.0877830785994052,1.4,3.92156862538684e-09,49,21.068278104519685,18.227099816901998,11.66891670641501,10.22429532753526,0.3332876040194899,1.0606419847720405,1214,0.9990234375,0.01400329489291598,0.9818780889621087,6.353012567421504,1,0.38681273315867554,16.61853948962353,0.00827169418334961,0.6364524298982314,0.08552906254804496,0.3720988149183274,0.016117274391800024,0.22448979591836735,0.8787644478562815
260520XBLU_1_2.png,06_Satellite,1024,1024,102.58701133728027,53.265773686908254,98.0,50.4084,42852.239659510196,0.021516799926757812,0.0028133392333984375,113,18.238938053097346,0.7474692099459357,23,0.20353982300884957,0.9047240011090825,12.819753204466004,1.274662652981237,3.5,0.012285271962927797,113,16.256904056247116,11.733045281998248,8.946523526557739,6.52346076826844,0.7147823515951208,1.4299053794135022,1293,0.998046875,0.02165506573859242,0.9752513534416086,6.490084406474575,1,0.7069303544786809,40.098920294932014,0.016162395477294922,0.45590683366528373,0.16575953977407062,0.8545710051169866,0.35373922885396447,0.22448979591836735,0.9832685715349766
260521IVPQ_1_7.png,06_Satellite,1024,1024,125.93798446655273,57.932216146183784,126.0,59.303999999999995,41376.94540608929,0.023507118225097656,0.004894256591796875,155,22.706451612903226,0.7151375724062393,23,0.14838709677419354,0.7035656497763966,24.023065006883197,1.221242065610955,2.064516129032258,0.00953035745212139,155,18.619606778202392,13.741395807590099,10.41300655612573,7.324848211879947,0.696667593092199,1.3939340024207694,1188,0.9951171875,0.0016835016835016834,0.9966329966329966,3.497132317122809,1,0.34665104335949315,24.422961262216706,0.004344940185546875,0.47645851373726295,0.19465306695659548,0.8055559686752792,0.27384392137911095,0.22448979591836735,0.8499654603969548
260521KBNT_1_2.png,06_Satellite,1024,1024,111.6700849533081,55.62704801632926,110.0,51.891,52088.88107216425,0.02049541473388672,0.0021266937255859375,69,23.485507246376812,0.7918054114332729,5,0.07246376811594203,0.2,51.397825824096444,1.141614906832298,1.6666666666666667,0.0010230218203700898,69,17.485892297119634,15.035887303564566,9.483391632460918,8.018533268956208,0.3762962546041142,1.0793315197963933,1233,0.9951171875,0.017842660178426603,0.9805352798053528,6.860759047369643,0,0.12403881790700091,2.166666873991181,0.016225814819335938,0.6247171598141036,0.1470234494056351,0.4796390553977065,0.06743435930949922,0.22448979591836735,0.2898371698781307
260521U870_1_4.png,06_Satellite,1024,1024,116.00295639038086,56.45536838034592,115.0,56.3388,54800.202526309105,0.021910667419433594,0.0044097900390625,111,30.472972972972972,0.6822099009574075,20,0.18018018018018017,0.6985533432376378,24.26608962166761,1.2378182167655856,4.0,0.004804808707531058,111,22.31639051250434,17.650710620131505,12.62632208648899,9.944701331148691,0.7251907834150271,1.4523316047428898,1216,0.99609375,0.015625,0.9802631578947368,6.426944075183259,1,0.8213915855528086,50.743796423891666,0.006098747253417969,0.4492870023013042,0.19479900813721684,0.8031913898381424,0.26964674050512566,0.22448979591836735,0.9826963669451328
2605233165_27.png,06_Satellite,512,512,42.936275482177734,28.90497374201202,39.0,19.273799999999998,5610.503530574599,0.0,0.02211761474609375,165,25.245454545454546,0.750056159992806,8,0.048484848484848485,0.4959698429568446,33.92665347769014,1.1511783383975895,2.0,5.586592188855377e-09,165,17.707662819552706,13.272312504663564,8.619913979296896,6.247755645055711,0.6173967579498241,1.2712102704497887,550,0.9628906249999999,0.06363636363636363,0.9363636363636364,11.056591728666435,1,0.5671976623031786,13.387152906008732,0.0056171417236328125,0.7259782452298819,0.19422153143679322,0.4693685110409083,0.20095073370933797,0.13909579945259357,0.9875353133425505
2605233165_28.png,06_Satellite,1024,1024,108.05119705200195,53.20158219115653,106.0,51.891,38123.58394471953,0.020772933959960938,0.013432502746582031,215,51.330232558139535,0.7970628967145709,14,0.06511627906976744,0.2857142857142857,45.34632415111591,1.1331308390854848,2.3333333333333335,0.0067487499051348725,215,22.670694837658903,17.927737270020266,12.37616984375126,9.844506813273444,0.4543659579912644,1.122567386525007,1225,0.9951171875,0.014693877551020407,0.9844897959183674,5.838252984714994,1,0.668695407859174,38.82117641589418,0.0039997100830078125,0.7132017932412832,0.16860287141762645,0.436172997847891,0.04440693390890667,0.1824228887925613,0.9843492484843184
260525AKJ5_1_2.png,06_Satellite,1024,1024,129.44515705108643,57.44233084026664,132.0,57.8214,47242.14142334575,0.02279949188232422,0.0026216506958007812,46,45.84782608695652,0.784966134198579,5,0.10869565217391304,0.9999807713574735,0.17765769993064273,1.5759575569358175,20.11111111111111,3.92156862538684e-09,46,21.11618385242861,18.176839365389142,11.77334534650195,10.3172442477835,0.33550213707552695,1.0615266769683949,1203,0.9951171875,0.00914380714879468,0.9908561928512053,4.806538894975953,0,0.13291500742366796,20.310069480518717,0.005635738372802734,0.5497946887991915,0.22366406951101292,0.5696761162705068,0.016574187587371433,0.22448979591836735,0.48987967281018274
260525RJGL_1_1.png,06_Satellite,1024,1024,125.35151290893555,58.6927592736091,125.0,59.303999999999995,62845.775027246156,0.023988723754882812,0.0007524490356445312,17,34.44117647058823,0.7462207065724908,2,0.11764705882352941,6.123233995736766e-17,90.0,1.2816760037348274,3.0,3.92156862538684e-09,17,23.639864904260204,26.154457665769264,13.244797741683364,13.678985107135121,0.3312134906062108,1.0598206882504964,1208,0.99609375,0.012417218543046357,0.9850993377483444,5.7052251633678575,0,0.13547214101652094,13.572164869173621,0.007389068603515625,0.45279746312538227,0.3768180428736556,0.5004843505520035,0.0,0.22448979591836735,0.4794502437000696
260526U046_1_2.png,06_Satellite,1024,1024,115.6482343673706,56.67983394372936,115.0,56.3388,37565.66950553602,0.02162456512451172,0.0066738128662109375,16,373.65625,0.661779662021517,5,0.3125,0.5999988413537938,28.956415012961266,1.4692500975800156,2.9285714285714284,0.024019611670511337,16,43.62471439793461,21.073609923493137,24.124919184648697,11.868618150158783,0.4434788740555775,1.1157341521548494,1215,0.9990234375,0.02139917695473251,0.9769547325102881,7.201181994684474,1,0.7459113003168306,62.5983877688848,0.007683753967285156,0.4636772927402246,0.6111539550825171,0.6561024706007991,0.0,0.2161397090574511,0.9831120119256489
260529B1BO_1_3.png,06_Satellite,1024,1024,132.2888889312744,54.21019074601155,133.0,51.891,29916.98942061785,0.022840499877929688,0.0008144378662109375,31,19.080645161290324,0.7887691754697929,2,0.06451612903225806,1.0,0.0,1.1555043522785458,2.0,0.0053130968798600995,31,16.84637115468973,16.883093639949486,9.20478198260934,9.039098441873495,0.46443214991102694,1.1291668594819864,1242,0.9599609375,0.00966183574879227,0.9895330112721417,4.311561112927791,0,0.1642970239892733,8.862068941756103,0.020497798919677734,0.5965141412744891,0.2267138526121853,0.5389708055077598,0.02833551236409558,0.22448979591836735,0.3853198043195967
260529EDNE_1_2.png,06_Satellite,1024,1024,113.96761322021484,56.896901570123596,113.0,59.303999999999995,56474.91351378822,0.021536827087402344,0.0033016204833984375,105,23.80952380952381,0.7980515352865976,5,0.047619047619047616,0.2,51.397825824096444,1.123836322407751,2.75,3.92156862538684e-09,105,18.182022661575292,17.794518571993798,10.059030553731922,9.766390340890753,0.36447510204965,1.0738680158550378,1245,0.998046875,0.013654618473895583,0.9815261044176706,6.067809459978897,0,0.13672572526849258,33.0,0.008398056030273438,0.6689228683994551,0.16869691092129435,0.4733775243952177,0.020049831163692744,0.22448979591836735,0.49171405265752693
260529IQAR_1_1.png,06_Satellite,1024,1024,125.37020111083984,59.7141850110734,124.0,63.751799999999996,70017.13825734082,0.02359771728515625,0.00015926361083984375,5,24.5,0.8206685735066227,0,0.0,0.0,180.0,1.0507936507936508,1.1428571428571428,3.92156862538684e-09,5,19.559306857878532,18.48967879750646,11.109397227377453,10.312249487435583,0.31717577152922466,1.0544443688909957,1203,0.9970703125,0.011637572734829594,0.9866999168744804,5.436604767875039,0,0.1537164264555378,3.665499102219018,0.008159160614013672,0.6061560084620351,0.15222229642222967,0.36257309941520477,0.013730192749941271,0.6071428571428571,0.28533019280606847
260529RQEE_1_2.png,06_Satellite,1024,1024,119.77656269073486,57.717462824997114,118.0,57.8214,58912.13332280932,0.021630287170410156,0.0006866455078125,14,39.464285714285715,0.7808683939081894,2,0.14285714285714285,6.123233995736766e-17,90.0,1.1942176870748298,1.6666666666666667,3.92156862538684e-09,14,23.491068420776806,27.14531675353255,12.965621773903036,14.806829560556336,0.3549548138177543,1.0696719501409593,1206,0.9970703125,0.011608623548922056,0.9859038142620232,5.5120296513722025,0,0.12567216633748,2.461538771905854,0.00820302963256836,0.4243436638534877,0.35295905759722584,0.4735463984309492,0.0,0.25,0.2881884447887504
260530UW9U_1_1.png,06_Satellite,1024,1024,124.96106815338135,59.131212820904665,125.0,59.303999999999995,65597.39884922106,0.024045944213867188,0.0024690628051757812,19,103.07894736842105,0.5387408959826636,7,0.3684210526315789,0.9995019999968991,0.9042247459129501,1.3416794208019218,1.8135593220338984,3.92156862538684e-09,19,39.2520457134709,21.4123257475649,22.592437033901405,12.268796088068603,0.639308162403174,1.3004736054615764,1204,0.9970703125,0.0049833887043189366,0.9916943521594684,4.791141814984976,1,0.8036207040529781,40.54823229654912,0.006047248840332031,0.38222329881594397,0.3867944385423435,0.8374420969370338,0.053454182392018594,0.22448979591836735,0.9795942699072149
260604O3OW_1_1.png,06_Satellite,1024,1024,116.53146171569824,57.933875801433295,115.0,59.303999999999995,61346.54671281576,0.021045684814453125,0.0005407333374023438,16,25.6875,0.8031729065303483,1,0.0625,0.0,180.0,1.1734375000000001,1.6,3.92156862538684e-09,16,19.971988527189634,18.67254813847049,11.04662941098264,10.293452541034755,0.36972965490971876,1.076309117164501,1221,0.9970703125,0.01638001638001638,0.9836199836199836,6.124926771721001,1,0.7061910144621028,7.725226024285918,0.013421058654785156,0.6020969947925712,0.10331705719274789,0.34764770293522423,0.012067744195722822,0.22448979591836735,0.8563304787296123
260604UWOD_1_5.png,06_Satellite,1024,1024,115.21967506408691,56.70489846257451,113.0,56.3388,48592.053454981375,0.021970748901367188,0.007466316223144531,205,27.068292682926828,0.7079384990853211,34,0.16585365853658537,0.7371424875856477,22.37376607253511,1.2039057295711428,2.7142857142857144,0.003156388414212167,205,22.008872133653387,18.008622576917382,12.276845683733747,10.248622109051775,0.46548793639697994,1.1298742741751613,1205,0.9990234375,0.014107883817427386,0.9825726141078838,6.002822444489841,1,0.7933633412371849,44.06191067788904,0.004566192626953125,0.5849091326503819,0.21762541127292664,0.6163805624178879,0.036366418131919896,0.2121861775716146,0.9826090814992244
260604ZQ9Q_1_3.png,06_Satellite,1024,1024,72.31297969818115,42.028516107682336,67.0,34.099799999999995,18458.58293703301,0.0,0.0028867721557617188,64,35.796875,0.7530259237702566,5,0.078125,0.5914898256429766,29.358449019944263,1.1612409292096793,1.8333333333333333,0.02866952221673234,64,20.83155548705184,18.558507009261167,10.632141354987038,9.560840002674656,0.39605010629084225,1.0890711800280504,1308,0.994140625,0.00764525993883792,0.985474006116208,5.4718426507340965,0,0.14009749422278836,2.4,0.022074222564697266,0.7057442064660606,0.44705993109201914,0.5086582968572436,0.013104481733989391,0.22448979591836735,0.3050847457627119
260605U5VZ_212.png,06_Satellite,1024,1024,39.573129653930664,27.765937666401825,35.0,17.7912,5499.806835901771,0.0,0.02428436279296875,133,168.2330827067669,0.7599343568874959,38,0.2857142857142857,0.8869998032289068,14.029308814097957,1.315903631827163,3.8352059925093633,0.07043985070435067,133,30.812154003940144,27.19469794209136,14.846786787859836,12.779889599951122,0.4264686203493592,1.1055803127708208,1207,0.998046875,0.013256006628003313,0.9850869925434963,6.09504799513972,1,0.730425789530655,25.45890792049791,0.014981269836425781,0.5551912562089952,0.8461960651797725,0.5295534965935078,0.08440329811789773,0.1282866255226049,1.0
260605U5VZ_305.png,06_Satellite,1024,1024,73.89180183410645,41.75748064197574,71.0,35.5824,22087.300672818492,0.0,0.01998138427734375,170,104.74117647058823,0.7577113420201133,33,0.19411764705882353,0.5384354199222436,31.877461343911655,1.309554145428766,3.5,0.018588144183533137,170,29.80743202347338,28.66716242538805,15.982661060280064,15.647176004112014,0.465840332555323,1.1301131679057725,1207,0.998046875,0.014913007456503728,0.980115990057995,5.96146411910071,1,0.7376952779618139,20.71126330315254,0.010462284088134766,0.5834992196291373,0.6115681081502716,0.6272974412678457,0.04528531161221591,0.14975273149624435,1.0
260606GCAW_1_5.png,06_Satellite,1024,1024,114.97181224822998,56.82217425454129,114.0,56.3388,51541.604681388875,0.02256011962890625,0.0063629150390625,192,24.513020833333332,0.7219562975148204,35,0.18229166666666666,0.5341812276106722,32.08103514292594,1.266146425912051,2.6666666666666665,0.0017156901893502473,192,20.36314327638603,17.8464304054606,11.314369917633082,9.708153056460947,0.4475293745375656,1.1182594931791385,1199,0.9970703125,0.010008340283569641,0.9883236030025021,5.391154169318541,1,0.7418979931079263,29.142088377665093,0.006846904754638672,0.579454829132887,0.19543222589229328,0.6437975342933671,0.02834413917113739,0.2176906732745181,0.9817528528393614
260606RV5I_1_1.png,06_Satellite,1024,1024,114.0894603729248,55.78434634619261,113.0,54.856199999999994,51411.70929369173,0.021467208862304688,0.0062999725341796875,139,35.74820143884892,0.764265152306881,18,0.12949640287769784,0.24578986766356264,47.993181438023974,1.1845655942778246,2.5,0.0034419562285673165,139,22.375373218039844,20.8336832258779,12.268656035996827,11.514609031605811,0.3773827363791112,1.0798466942173883,1209,0.9921874999999999,0.016542597187758478,0.9793217535153019,6.1563710835754195,1,0.7409637660638337,39.508844804678446,0.007957935333251953,0.5602058757393475,0.2258073208535798,0.4700810397278025,0.0,0.21800467216509,0.9833406166649328
260607WITF_1_1.png,06_Satellite,1024,1024,112.71562671661377,56.21741798764158,114.0,59.303999999999995,55831.90872298814,0.020719528198242188,0.0006799697875976562,20,25.625,0.7109744009338723,3,0.15,0.8594161328481331,15.769461698014984,1.2597655122655123,3.0,0.0027451019500192185,20,19.69445704156076,20.920414657571538,10.467683477828905,10.578039411975489,0.36020466558868747,1.0719947966698622,1201,0.998046875,0.010824313072439634,0.9875104079933389,5.470062402756522,1,0.49854681025305736,10.52935755745834,0.014359474182128906,0.46986416741869047,0.24489862619147815,0.49329823273877815,0.0,0.22448979591836735,0.880839574853546
260608E4T8_1_2.png,06_Satellite,1024,1024,119.42465209960938,59.244623873154254,118.0,62.2692,64349.75557098731,0.024593353271484375,0.00051116943359375,11,37.86363636363637,0.7540567665921436,1,0.09090909090909091,0.0,180.0,1.1623770169224714,2.0,0.010338684807941,11,22.38890300852828,23.53097005812331,12.032440422720889,12.265654786491769,0.37838113811429896,1.080322067178073,1213,0.998046875,0.016488046166529265,0.9818631492168178,6.3048607600835025,1,0.5954894087156923,32.403882341743774,0.007764339447021484,0.505994289758679,0.29089072917487835,0.3404035430623296,0.0,0.32653061224489793,0.9787990025111608
260611908J_1_3.png,06_Satellite,1024,1024,116.13137531280518,57.405219861609844,115.0,57.8214,56002.48733709245,0.02198028564453125,0.0037689208984375,65,45.44615384615385,0.6283613646291137,15,0.23076923076923078,0.7614413140763185,21.150687760335014,1.2705007209984587,2.0588235294117645,3.92156862538684e-09,65,28.436321540347688,23.77472146887417,15.998004987904208,13.310629401716803,0.6160120149902051,1.2694596156293878,1219,0.9970703125,0.011484823625922888,0.9835931091058244,5.793093535075539,1,0.8046582751696194,47.39669060899324,0.007462024688720703,0.41186845505543906,0.3152173747032929,0.8461784606185796,0.011498863781001884,0.22448979591836735,0.9825952266665405
260611DM0H_1_4.png,06_Satellite,1024,1024,116.46685600280762,56.72174299861464,115.0,56.3388,41933.11501609667,0.021669387817382812,0.004675865173339844,96,38.1875,0.7431382878265677,16,0.16666666666666666,0.27538681380429036,46.007807660993564,1.3248174053201227,5.8,0.003480945033495658,96,21.89439089674877,19.276961054835102,11.9296966852352,10.033841466860544,0.39789512081287726,1.0900006669588775,1219,0.9951171875,0.009844134536505332,0.9868744872846595,4.752182007626294,1,0.7133780636575745,32.52061576289758,0.007445335388183594,0.5203756468330568,0.21979316597507625,0.5978118675918497,0.006573081319680888,0.22448979591836735,0.9830468942120347
260624PWME_1_2.png,06_Satellite,1024,1024,114.7520809173584,57.07258117853346,113.0,59.303999999999995,56967.44543575958,0.020661354064941406,0.001422882080078125,38,28.94736842105263,0.7609782279478768,2,0.05263157894736842,1.0,0.0,1.2178365494154968,3.5,0.0017543898796009618,38,19.685374970612955,18.027349325469018,10.768640143814038,9.542009810035541,0.3685861864885118,1.0757603216659897,1247,0.998046875,0.012028869286287089,0.9855653568564555,5.425602030639432,0,0.41254224620966656,13.395905158307764,0.021761417388916016,0.632531560319527,0.13361640695229288,0.462770761096266,0.01793318795028166,0.22448979591836735,0.6298330787131134
260626AQPW_1_1.png,06_Satellite,1024,1024,124.18539714813232,59.559177311913594,125.0,62.2692,67909.30816501385,0.02427387237548828,0.000400543212890625,12,25.125,0.798013821986126,3,0.25,0.3333333333333333,42.46487605916569,1.2225198412698413,1.6666666666666667,3.92156862538684e-09,12,19.657454006023134,19.692423240218606,10.756863102630192,10.757421169735967,0.4037489359138169,1.0931410858136514,1213,0.9990234375,0.014014839241549877,0.9843363561417972,5.644721180626942,0,0.23653283429017052,12.822312862842605,0.008254051208496094,0.4602623596505536,0.17369764608047983,0.6209091846424598,0.0027961523616490355,0.3010204081632653,0.5000403538432899
260626ZX1H_1_2.png,06_Satellite,1024,1024,116.7613296508789,56.83775002985813,113.0,56.3388,57538.36125161123,0.022362709045410156,0.0036411285400390625,71,41.29577464788732,0.7763524808321,6,0.08450704225352113,0.8914410685454822,13.734023489173236,1.1659167743588905,3.0,3.92156862538684e-09,71,21.034044300923533,18.395244465664142,11.64576445034765,10.482570541514006,0.3698169077772857,1.0763050186460097,1205,0.998046875,0.010788381742738589,0.9858921161825727,5.378006981105069,1,0.7724126486046016,31.614403876868792,0.007908821105957031,0.596474154219876,0.14091209275847763,0.4406515875645243,0.014588686675780525,0.22448979591836735,0.9820396478759175
26062863H5_5.png,06_Satellite,1024,1024,105.36799907684326,54.30623715581947,102.0,51.891,36248.46031592105,0.021093368530273438,0.008358955383300781,88,80.00568181818181,0.712816540475531,16,0.18181818181818182,0.6188497770563278,28.06594801471929,1.4172934441400349,6.615384615384615,0.006255067906401893,88,27.804713769465977,24.444226964276194,14.96686854424557,12.905459485941881,0.4101306091285316,1.096466778964496,1207,0.9970703125,0.007456503728251864,0.9875724937862469,5.29905690162985,1,0.7117974725447189,7.12719859080869,0.01204538345336914,0.47755100150329916,0.44848702793193906,0.6400747739712269,0.0,0.20773310239623194,0.8440979347327576
26070186RQ_1_4.png,06_Satellite,1024,1024,109.33072280883789,56.42218287342342,107.0,56.3388,44676.995725631714,0.021727561950683594,0.0014848709106445312,58,18.439655172413794,0.7448460624925474,5,0.08620689655172414,0.5570860049989987,30.98837463674474,1.1706759715380404,2.0,0.004327252045234588,58,16.549843702947385,13.450915027496094,9.215531069086271,7.3794056967920945,0.7934697652075724,1.6432035114876358,1304,0.9990234375,0.00843558282208589,0.99079754601227,4.832342643857605,0,0.7637988442933391,4.875332849449551,0.026122093200683594,0.4972168546288484,0.13347791091771635,0.640502369785853,0.4031870066411242,0.22448979591836735,0.5431386410773997
260702AO04_1_2.png,06_Satellite,1024,1024,111.78554058074951,55.79458229748491,109.0,54.856199999999994,49747.83921894098,0.021358489990234375,0.0022306442260742188,51,34.990196078431374,0.8070918351367888,0,0.0,0.0,180.0,1.071173216761452,1.3333333333333333,0.004613614053418368,51,21.428306762329367,21.14649700930131,11.722767576856844,11.496150722005979,0.3228187459660926,1.0565677877875557,1214,0.998046875,0.012355848434925865,0.985172981878089,5.875267981264524,1,0.830159984504409,16.11528116464232,0.015782833099365234,0.6144199140245652,0.18476270900766406,0.3380896686159845,0.0,0.22448979591836735,0.9834985617575288
260702JM7U_1_2.png,06_Satellite,1024,1024,116.93089389801025,57.67364227526059,115.0,59.303999999999995,54965.36020689562,0.022439956665039062,0.002231597900390625,50,35.19,0.7698776700673988,4,0.08,6.123233995736766e-17,90.0,1.188341491841492,2.0,3.92156862538684e-09,50,22.224218011080076,20.289428083085575,12.061126657041436,10.884632915916683,0.3402877524477879,1.063494243221415,1223,0.9970703125,0.016353229762878167,0.9795584627964022,5.978471368639229,1,0.7170062329647863,17.07523595374797,0.012903690338134766,0.5750629857286664,0.1888412649128509,0.38339949806688606,0.0,0.22448979591836735,0.9819274237311781
260702ZDS5_224.png,06_Satellite,1024,1024,115.42156028747559,57.41691202389281,112.0,57.8214,54755.20868444756,0.022751808166503906,0.008548736572265625,347,17.61527377521614,0.7917980576053424,17,0.04899135446685879,0.7647058823529411,20.98402628992443,1.1486610651596243,3.6666666666666665,0.00023733228137703418,347,16.496411865549593,14.72903673048523,9.132866822855565,8.072687666661508,0.4216844134534785,1.102848737232289,1191,0.9970703125,0.009235936188077247,0.9882451721242653,5.05552806500112,0,0.14108364618424626,11.798434670318764,0.0010857582092285156,0.7713482575766489,0.14149804290311602,0.5581014925415622,0.17126585548055454,0.20678634816556832,0.445171347047882
260703J1JP_1_3.png,06_Satellite,1024,1024,123.59162902832031,58.79189044248035,122.0,60.7866,51938.52146943836,0.023141860961914062,0.0013837814331054688,43,24.511627906976745,0.7796267898283543,2,0.046511627906976744,6.123233995736766e-17,90.0,1.0926157821506661,2.0,3.92156862538684e-09,43,17.74379257751666,14.674932624463196,9.752747901876614,7.907657988485754,0.40474667500337913,1.0935787902997651,1198,0.9970703125,0.007512520868113523,0.9891485809682805,5.224127478612156,1,0.6472385737228233,9.983591361032559,0.008384227752685547,0.6254513951389465,0.08736087620107676,0.37225749905742445,0.07323565822111289,0.22448979591836735,0.8992180408124094
260703Q72N_1_2.png,06_Satellite,1024,1024,110.91142654418945,55.98261455736697,108.0,56.3388,53224.63597732432,0.02175617218017578,0.0008745193481445312,19,36.68421052631579,0.7538654814962691,1,0.05263157894736842,0.0,180.0,1.1134502923976608,2.0,0.003095979141625685,19,22.046797329726832,20.715089983753757,12.213699749094404,11.556163106941268,0.32671362173484764,1.0580629130869055,1244,0.998046875,0.007234726688102894,0.9895498392282959,4.8082210886039665,1,0.5741309453237662,20.822881519722763,0.008536815643310547,0.5948787170777046,0.23248520137284143,0.2981676413255361,0.0,0.22448979591836735,0.9829208152346115
260703QAA4_1_2.png,06_Satellite,1024,1024,112.97146224975586,57.503496909879416,112.0,57.8214,56327.30718849992,0.023797035217285156,0.004695892333984375,32,117.28125,0.5710109473051559,10,0.3125,0.8585964486713505,15.819045110398896,1.3000072929493696,3.0,3.92156862538684e-09,32,38.4233419959411,20.44721126902141,21.88012514126372,11.215869904776266,0.43850650809842373,1.1126844345921105,1232,0.998046875,0.01948051948051948,0.9756493506493507,6.622681855622055,1,0.8338594662793013,39.5611092469111,0.010200977325439453,0.46352374520188605,0.3933244347398075,0.6830187556585693,0.0,0.22448979591836735,0.9799558810402638
260704GVRM_380.png,06_Satellite,1024,1024,107.16731834411621,54.57749389201247,105.0,53.373599999999996,41520.67113190148,0.021643638610839844,0.014792442321777344,324,35.77006172839506,0.7650637067141615,28,0.08641975308641975,0.5368644569636566,31.952598831439005,1.1678284765085019,3.5,0.0029895948079323685,324,21.223513595302066,17.532106968774542,11.546573228400938,9.465096874795137,0.4167428066478966,1.100081031220408,1209,0.9990234375,0.01240694789081886,0.9859387923904053,5.535032938481443,1,0.8217446075559358,54.296529810324515,0.0064239501953125,0.7291499514909452,0.16606103547906562,0.4349165052282021,0.12470811846568598,0.17563860973263004,0.9830843022602811
260705HKTP_1_2.png,06_Satellite,1024,1024,114.92656421661377,57.14887888906239,111.0,59.303999999999995,54981.18196115572,0.022681236267089844,0.00122833251953125,23,43.47826086956522,0.7711222587758565,2,0.08695652173913043,6.123233995736766e-17,90.0,1.1573781291172593,1.6666666666666667,3.92156862538684e-09,23,20.817607855282088,15.463405172894156,11.567486655593553,8.430123955969517,0.36427688261969626,1.073778583545726,1234,0.998046875,0.008914100486223663,0.9902755267423015,4.968806797779525,0,0.6709838974396185,4.9281852733256875,0.02395153045654297,0.567807853469163,0.10129502779284953,0.34204955593522757,0.05419349942892774,0.22448979591836735,0.5428281223624258
260707BCA3_1_202.png,06_Satellite,1024,1024,111.37263107299805,56.185577437045765,109.0,54.856199999999994,51678.964770943596,0.021055221557617188,0.009770393371582031,145,53.30344827586207,0.7544441075985242,9,0.06206896551724138,0.11111111111111109,60.054403647364666,1.1404334514328807,2.5,0.00183908437412666,145,24.651310862816363,17.669424954091127,13.667647439664986,9.587119826779366,0.36858172546379475,1.0757368803387812,1212,0.9951171875,0.014026402640264026,0.9826732673267327,6.199166902819119,1,0.8098052483097697,58.37426364581894,0.004745960235595703,0.6779405582150466,0.17142028014014288,0.39545792102187466,0.02118704587189884,0.2006919151531055,0.9839391454368759
260707ZQM9_14.png,06_Satellite,512,512,24.21099853515625,26.292508048797696,18.0,11.8608,1557.6419633477926,0.0,0.0226593017578125,183,22.62568306010929,0.79451686102819,7,0.03825136612021858,0.3523499549005454,41.378709046222546,1.1194541470872033,2.2557077625570776,0.0018795093333350082,183,13.537942349931475,10.152944216030757,6.218399248112814,4.803967521302506,0.6336628098002031,1.2926420624825214,119,0.6164345312943381,0.15966386554621848,0.7983193277310925,21.196401796298655,1,0.772205454697322,28.948751124034782,0.007785797119140625,0.7203575532684746,0.1434093016820686,0.43879721597601856,0.49362996022874384,0.1363935059700964,0.9713658965256368
260707ZQM9_15.png,06_Satellite,512,512,17.288379669189453,25.882109203481452,9.0,7.412999999999999,1073.8273929557618,0.0,0.0196380615234375,157,23.05095541401274,0.7911849308106591,2,0.012738853503184714,0.8741572805495796,14.858010028462667,1.1033574175293919,1.8,0.0015816764310552737,157,12.920043152008,10.015157393954158,6.128044224308536,4.62556910775725,0.6879776607008647,1.3779193799404388,68,0.7882135942534965,0.1323529411764706,0.8235294117647058,19.711566111703,1,0.8086970390750243,36.3607023712616,0.009624481201171875,0.6871140179436699,0.14721722193067532,0.4915001773735811,0.6078015817919469,0.15146545271754536,0.9984018432886097
260709MDN3_1_267.png,06_Satellite,1024,1024,89.62831211090088,47.92598796264969,88.0,42.9954,32909.96039663619,0.0,0.002895355224609375,62,37.54032258064516,0.7995184522198878,2,0.03225806451612903,1.0,0.0,1.1140902780015685,1.5,0.012146559222548295,62,21.23241944623171,19.50993269492573,11.219235677111316,9.789728434964216,0.3110880631336789,1.0522154292666026,1261,0.9990234375,0.01506740681998414,0.9833465503568596,5.851738112073138,1,0.763879850536177,11.266938156778119,0.019017696380615234,0.734257568715456,0.2143144655878556,0.3810526315789474,0.004455157318856999,0.22448979591836735,0.9444123014937923
260709MDN3_1_50.png,06_Satellite,1024,1024,90.35226631164551,48.37973218708827,89.0,45.9606,33948.115932257264,0.0,0.0031604766845703125,66,39.03787878787879,0.8049558592840323,1,0.015151515151515152,0.0,180.0,1.127549470731289,1.4285714285714286,0.0022354735377830936,66,21.17830812720814,19.713689019014296,11.038349419654756,9.684643031756462,0.36214497781294225,1.0728241504058986,1222,0.9990234375,0.01309328968903437,0.9811783960720131,5.778082480607716,1,0.7071962167990876,35.47845043128739,0.015076160430908203,0.7348584932494548,0.1671612537905493,0.37481114438545055,0.002602827099870031,0.22448979591836735,1.0
260710D62Q_1.png,06_Satellite,1024,1024,16.571093559265137,22.901833730442135,12.0,5.9304,652.0761847704271,0.0,0.031165122985839844,822,29.62226277372263,0.8159856065160837,44,0.0535279805352798,0.34580962270713406,41.748672628021836,1.1383202337898715,3.313915857605178,0.012637526272534637,822,14.538279389074818,11.726501916029253,6.2403288001830575,4.786403996834679,0.7023169624166532,1.4047646556208684,7,0.18031400841886933,0.0,1.0,1.9862004435834688,1,0.7378447306866336,23.123428151399388,0.005948066711425781,0.8394085478705263,0.16009198830958335,0.44465252358016333,0.8242211841401376,0.0939608377123636,0.9322033898305084
