class_a,class_b,feature,fold,auc,strength,direction,n_a,n_b
01_Good,02_Out_of_Focus,axis_aligned_line_ratio,1,0.35,0.30000000000000004,LOW,10,10
01_Good,02_Out_of_Focus,axis_aligned_line_ratio,2,0.31,0.38,LOW,10,10
01_Good,02_Out_of_Focus,axis_aligned_line_ratio,3,0.31,0.38,LOW,10,10
01_Good,02_Out_of_Focus,axis_aligned_line_ratio,4,0.38,0.24,LOW,10,10
01_Good,02_Out_of_Focus,axis_aligned_line_ratio,5,0.35,0.30000000000000004,LOW,10,10
01_Good,02_Out_of_Focus,background_mad,1,0.915,0.8300000000000001,HIGH,10,10
01_Good,02_Out_of_Focus,background_mad,2,0.77,0.54,HIGH,10,10
01_Good,02_Out_of_Focus,background_mad,3,0.835,0.6699999999999999,HIGH,10,10
01_Good,02_Out_of_Focus,background_mad,4,0.635,0.27,HIGH,10,10
01_Good,02_Out_of_Focus,background_mad,5,0.695,0.3899999999999999,HIGH,10,10
01_Good,02_Out_of_Focus,background_median,1,0.885,0.77,HIGH,10,10
01_Good,02_Out_of_Focus,background_median,2,0.79,0.5800000000000001,HIGH,10,10
01_Good,02_Out_of_Focus,background_median,3,0.86,0.72,HIGH,10,10
01_Good,02_Out_of_Focus,background_median,4,0.71,0.41999999999999993,HIGH,10,10
01_Good,02_Out_of_Focus,background_median,5,0.71,0.41999999999999993,HIGH,10,10
01_Good,02_Out_of_Focus,bright_area_ratio,1,0.58,0.15999999999999992,HIGH,10,10
01_Good,02_Out_of_Focus,bright_area_ratio,2,0.39,0.21999999999999997,LOW,10,10
01_Good,02_Out_of_Focus,bright_area_ratio,3,0.5,0.0,NONE,10,10
01_Good,02_Out_of_Focus,bright_area_ratio,4,0.45,0.09999999999999998,LOW,10,10
01_Good,02_Out_of_Focus,bright_area_ratio,5,0.55,0.10000000000000009,HIGH,10,10
01_Good,02_Out_of_Focus,diagonal_line_ratio,1,0.98,0.96,HIGH,10,10
01_Good,02_Out_of_Focus,diagonal_line_ratio,2,0.85,0.7,HIGH,10,10
01_Good,02_Out_of_Focus,diagonal_line_ratio,3,0.82,0.6399999999999999,HIGH,10,10
01_Good,02_Out_of_Focus,diagonal_line_ratio,4,0.69,0.3799999999999999,HIGH,10,10
01_Good,02_Out_of_Focus,diagonal_line_ratio,5,0.83,0.6599999999999999,HIGH,10,10
01_Good,02_Out_of_Focus,elongated_angle_consistency,1,0.45,0.09999999999999998,LOW,10,10
01_Good,02_Out_of_Focus,elongated_angle_consistency,2,0.495,0.010000000000000009,LOW,10,10
01_Good,02_Out_of_Focus,elongated_angle_consistency,3,0.46,0.07999999999999996,LOW,10,10
01_Good,02_Out_of_Focus,elongated_angle_consistency,4,0.35,0.30000000000000004,LOW,10,10
01_Good,02_Out_of_Focus,elongated_angle_consistency,5,0.48,0.040000000000000036,LOW,10,10
01_Good,02_Out_of_Focus,elongated_angle_std,1,0.55,0.10000000000000009,HIGH,10,10
01_Good,02_Out_of_Focus,elongated_angle_std,2,0.505,0.010000000000000009,HIGH,10,10
01_Good,02_Out_of_Focus,elongated_angle_std,3,0.54,0.08000000000000007,HIGH,10,10
01_Good,02_Out_of_Focus,elongated_angle_std,4,0.65,0.30000000000000004,HIGH,10,10
01_Good,02_Out_of_Focus,elongated_angle_std,5,0.52,0.040000000000000036,HIGH,10,10
01_Good,02_Out_of_Focus,elongated_radial_alignment,1,0.53,0.06000000000000005,HIGH,10,10
01_Good,02_Out_of_Focus,elongated_radial_alignment,2,0.445,0.10999999999999999,LOW,10,10
01_Good,02_Out_of_Focus,elongated_radial_alignment,3,0.49,0.020000000000000018,LOW,10,10
01_Good,02_Out_of_Focus,elongated_radial_alignment,4,0.53,0.06000000000000005,HIGH,10,10
01_Good,02_Out_of_Focus,elongated_radial_alignment,5,0.36,0.28,LOW,10,10
01_Good,02_Out_of_Focus,elongated_star_count,1,0.44,0.12,LOW,10,10
01_Good,02_Out_of_Focus,elongated_star_count,2,0.425,0.15000000000000002,LOW,10,10
01_Good,02_Out_of_Focus,elongated_star_count,3,0.54,0.08000000000000007,HIGH,10,10
01_Good,02_Out_of_Focus,elongated_star_count,4,0.425,0.15000000000000002,LOW,10,10
01_Good,02_Out_of_Focus,elongated_star_count,5,0.475,0.050000000000000044,LOW,10,10
01_Good,02_Out_of_Focus,elongated_star_ratio,1,0.21,0.5800000000000001,LOW,10,10
01_Good,02_Out_of_Focus,elongated_star_ratio,2,0.295,0.41000000000000003,LOW,10,10
01_Good,02_Out_of_Focus,elongated_star_ratio,3,0.455,0.08999999999999997,LOW,10,10
01_Good,02_Out_of_Focus,elongated_star_ratio,4,0.34,0.31999999999999995,LOW,10,10
01_Good,02_Out_of_Focus,elongated_star_ratio,5,0.35,0.30000000000000004,LOW,10,10
01_Good,02_Out_of_Focus,line_angle_std,1,0.36,0.28,LOW,10,10
01_Good,02_Out_of_Focus,line_angle_std,2,0.28,0.43999999999999995,LOW,10,10
01_Good,02_Out_of_Focus,line_angle_std,3,0.25,0.5,LOW,10,10
01_Good,02_Out_of_Focus,line_angle_std,4,0.56,0.1200000000000001,HIGH,10,10
01_Good,02_Out_of_Focus,line_angle_std,5,0.46,0.07999999999999996,LOW,10,10
01_Good,02_Out_of_Focus,long_line_count,1,0.4,0.19999999999999996,LOW,10,10
01_Good,02_Out_of_Focus,long_line_count,2,0.575,0.1499999999999999,HIGH,10,10
01_Good,02_Out_of_Focus,long_line_count,3,0.5,0.0,NONE,10,10
01_Good,02_Out_of_Focus,long_line_count,4,0.63,0.26,HIGH,10,10
01_Good,02_Out_of_Focus,long_line_count,5,0.59,0.17999999999999994,HIGH,10,10
01_Good,02_Out_of_Focus,longest_line_ratio,1,0.58,0.15999999999999992,HIGH,10,10
01_Good,02_Out_of_Focus,longest_line_ratio,2,0.655,0.31000000000000005,HIGH,10,10
01_Good,02_Out_of_Focus,longest_line_ratio,3,0.59,0.17999999999999994,HIGH,10,10
01_Good,02_Out_of_Focus,longest_line_ratio,4,0.53,0.06000000000000005,HIGH,10,10
01_Good,02_Out_of_Focus,longest_line_ratio,5,0.76,0.52,HIGH,10,10
01_Good,02_Out_of_Focus,max_aspect_ratio,1,0.445,0.10999999999999999,LOW,10,10
01_Good,02_Out_of_Focus,max_aspect_ratio,2,0.41,0.18000000000000005,LOW,10,10
01_Good,02_Out_of_Focus,max_aspect_ratio,3,0.585,0.16999999999999993,HIGH,10,10
01_Good,02_Out_of_Focus,max_aspect_ratio,4,0.405,0.18999999999999995,LOW,10,10
01_Good,02_Out_of_Focus,max_aspect_ratio,5,0.47,0.06000000000000005,LOW,10,10
01_Good,02_Out_of_Focus,max_streak_area_ratio,1,0.57,0.1399999999999999,HIGH,10,10
01_Good,02_Out_of_Focus,max_streak_area_ratio,2,0.64,0.28,HIGH,10,10
01_Good,02_Out_of_Focus,max_streak_area_ratio,3,0.51,0.020000000000000018,HIGH,10,10
01_Good,02_Out_of_Focus,max_streak_area_ratio,4,0.55,0.10000000000000009,HIGH,10,10
01_Good,02_Out_of_Focus,max_streak_area_ratio,5,0.46,0.07999999999999996,LOW,10,10
01_Good,02_Out_of_Focus,max_streak_aspect_ratio,1,0.5,0.0,NONE,10,10
01_Good,02_Out_of_Focus,max_streak_aspect_ratio,2,0.55,0.10000000000000009,HIGH,10,10
01_Good,02_Out_of_Focus,max_streak_aspect_ratio,3,0.68,0.3600000000000001,HIGH,10,10
01_Good,02_Out_of_Focus,max_streak_aspect_ratio,4,0.7,0.3999999999999999,HIGH,10,10
01_Good,02_Out_of_Focus,max_streak_aspect_ratio,5,0.48,0.040000000000000036,LOW,10,10
01_Good,02_Out_of_Focus,max_streak_length_ratio,1,0.65,0.30000000000000004,HIGH,10,10
01_Good,02_Out_of_Focus,max_streak_length_ratio,2,0.65,0.30000000000000004,HIGH,10,10
01_Good,02_Out_of_Focus,max_streak_length_ratio,3,0.55,0.10000000000000009,HIGH,10,10
01_Good,02_Out_of_Focus,max_streak_length_ratio,4,0.63,0.26,HIGH,10,10
01_Good,02_Out_of_Focus,max_streak_length_ratio,5,0.61,0.21999999999999997,HIGH,10,10
01_Good,02_Out_of_Focus,mean_aspect_ratio,1,0.19,0.62,LOW,10,10
01_Good,02_Out_of_Focus,mean_aspect_ratio,2,0.26,0.48,LOW,10,10
01_Good,02_Out_of_Focus,mean_aspect_ratio,3,0.57,0.1399999999999999,HIGH,10,10
01_Good,02_Out_of_Focus,mean_aspect_ratio,4,0.28,0.43999999999999995,LOW,10,10
01_Good,02_Out_of_Focus,mean_aspect_ratio,5,0.45,0.09999999999999998,LOW,10,10
01_Good,02_Out_of_Focus,mean_circularity,1,0.97,0.94,HIGH,10,10
01_Good,02_Out_of_Focus,mean_circularity,2,0.72,0.43999999999999995,HIGH,10,10
01_Good,02_Out_of_Focus,mean_circularity,3,0.79,0.5800000000000001,HIGH,10,10
01_Good,02_Out_of_Focus,mean_circularity,4,0.85,0.7,HIGH,10,10
01_Good,02_Out_of_Focus,mean_circularity,5,0.74,0.48,HIGH,10,10
01_Good,02_Out_of_Focus,mean_fwhm,1,0.51,0.020000000000000018,HIGH,10,10
01_Good,02_Out_of_Focus,mean_fwhm,2,0.43,0.14,LOW,10,10
01_Good,02_Out_of_Focus,mean_fwhm,3,0.51,0.020000000000000018,HIGH,10,10
01_Good,02_Out_of_Focus,mean_fwhm,4,0.48,0.040000000000000036,LOW,10,10
01_Good,02_Out_of_Focus,mean_fwhm,5,0.69,0.3799999999999999,HIGH,10,10
01_Good,02_Out_of_Focus,mean_hfr,1,0.7,0.3999999999999999,HIGH,10,10
01_Good,02_Out_of_Focus,mean_hfr,2,0.61,0.21999999999999997,HIGH,10,10
01_Good,02_Out_of_Focus,mean_hfr,3,0.67,0.3400000000000001,HIGH,10,10
01_Good,02_Out_of_Focus,mean_hfr,4,0.56,0.1200000000000001,HIGH,10,10
01_Good,02_Out_of_Focus,mean_hfr,5,0.74,0.48,HIGH,10,10
01_Good,02_Out_of_Focus,mean_hollowness,1,0.295,0.41000000000000003,LOW,10,10
01_Good,02_Out_of_Focus,mean_hollowness,2,0.175,0.65,LOW,10,10
01_Good,02_Out_of_Focus,mean_hollowness,3,0.315,0.37,LOW,10,10
01_Good,02_Out_of_Focus,mean_hollowness,4,0.36,0.28,LOW,10,10
01_Good,02_Out_of_Focus,mean_hollowness,5,0.375,0.25,LOW,10,10
01_Good,02_Out_of_Focus,mean_intensity,1,0.9,0.8,HIGH,10,10
01_Good,02_Out_of_Focus,mean_intensity,2,0.77,0.54,HIGH,10,10
01_Good,02_Out_of_Focus,mean_intensity,3,0.86,0.72,HIGH,10,10
01_Good,02_Out_of_Focus,mean_intensity,4,0.7,0.3999999999999999,HIGH,10,10
01_Good,02_Out_of_Focus,mean_intensity,5,0.71,0.41999999999999993,HIGH,10,10
01_Good,02_Out_of_Focus,mean_star_area,1,0.42,0.16000000000000003,LOW,10,10
01_Good,02_Out_of_Focus,mean_star_area,2,0.38,0.24,LOW,10,10
01_Good,02_Out_of_Focus,mean_star_area,3,0.52,0.040000000000000036,HIGH,10,10
01_Good,02_Out_of_Focus,mean_star_area,4,0.47,0.06000000000000005,LOW,10,10
01_Good,02_Out_of_Focus,mean_star_area,5,0.57,0.1399999999999999,HIGH,10,10
01_Good,02_Out_of_Focus,median_eccentricity,1,0.2,0.6,LOW,10,10
01_Good,02_Out_of_Focus,median_eccentricity,2,0.19,0.62,LOW,10,10
01_Good,02_Out_of_Focus,median_eccentricity,3,0.51,0.020000000000000018,HIGH,10,10
01_Good,02_Out_of_Focus,median_eccentricity,4,0.3,0.4,LOW,10,10
01_Good,02_Out_of_Focus,median_eccentricity,5,0.32,0.36,LOW,10,10
01_Good,02_Out_of_Focus,median_fwhm,1,0.51,0.020000000000000018,HIGH,10,10
01_Good,02_Out_of_Focus,median_fwhm,2,0.43,0.14,LOW,10,10
01_Good,02_Out_of_Focus,median_fwhm,3,0.56,0.1200000000000001,HIGH,10,10
01_Good,02_Out_of_Focus,median_fwhm,4,0.45,0.09999999999999998,LOW,10,10
01_Good,02_Out_of_Focus,median_fwhm,5,0.67,0.3400000000000001,HIGH,10,10
01_Good,02_Out_of_Focus,median_fwhm_ratio,1,0.2,0.6,LOW,10,10
01_Good,02_Out_of_Focus,median_fwhm_ratio,2,0.19,0.62,LOW,10,10
01_Good,02_Out_of_Focus,median_fwhm_ratio,3,0.51,0.020000000000000018,HIGH,10,10
01_Good,02_Out_of_Focus,median_fwhm_ratio,4,0.3,0.4,LOW,10,10
01_Good,02_Out_of_Focus,median_fwhm_ratio,5,0.31,0.38,LOW,10,10
01_Good,02_Out_of_Focus,median_hfr,1,0.67,0.3400000000000001,HIGH,10,10
01_Good,02_Out_of_Focus,median_hfr,2,0.65,0.30000000000000004,HIGH,10,10
01_Good,02_Out_of_Focus,median_hfr,3,0.72,0.43999999999999995,HIGH,10,10
01_Good,02_Out_of_Focus,median_hfr,4,0.58,0.15999999999999992,HIGH,10,10
01_Good,02_Out_of_Focus,median_hfr,5,0.71,0.41999999999999993,HIGH,10,10
01_Good,02_Out_of_Focus,saturated_ratio,1,0.8,0.6000000000000001,HIGH,10,10
01_Good,02_Out_of_Focus,saturated_ratio,2,0.56,0.1200000000000001,HIGH,10,10
01_Good,02_Out_of_Focus,saturated_ratio,3,0.75,0.5,HIGH,10,10
01_Good,02_Out_of_Focus,saturated_ratio,4,0.62,0.24,HIGH,10,10
01_Good,02_Out_of_Focus,saturated_ratio,5,0.535,0.07000000000000006,HIGH,10,10
01_Good,02_Out_of_Focus,sharpness,1,0.85,0.7,HIGH,10,10
01_Good,02_Out_of_Focus,sharpness,2,0.79,0.5800000000000001,HIGH,10,10
01_Good,02_Out_of_Focus,sharpness,3,0.74,0.48,HIGH,10,10
01_Good,02_Out_of_Focus,sharpness,4,0.68,0.3600000000000001,HIGH,10,10
01_Good,02_Out_of_Focus,sharpness,5,0.72,0.43999999999999995,HIGH,10,10
01_Good,02_Out_of_Focus,star_count,1,0.7,0.3999999999999999,HIGH,10,10
01_Good,02_Out_of_Focus,star_count,2,0.545,0.09000000000000008,HIGH,10,10
01_Good,02_Out_of_Focus,star_count,3,0.605,0.20999999999999996,HIGH,10,10
01_Good,02_Out_of_Focus,star_count,4,0.57,0.1399999999999999,HIGH,10,10
01_Good,02_Out_of_Focus,star_count,5,0.635,0.27,HIGH,10,10
01_Good,02_Out_of_Focus,std_intensity,1,0.91,0.8200000000000001,HIGH,10,10
01_Good,02_Out_of_Focus,std_intensity,2,0.73,0.45999999999999996,HIGH,10,10
01_Good,02_Out_of_Focus,std_intensity,3,0.84,0.6799999999999999,HIGH,10,10
01_Good,02_Out_of_Focus,std_intensity,4,0.7,0.3999999999999999,HIGH,10,10
01_Good,02_Out_of_Focus,std_intensity,5,0.72,0.43999999999999995,HIGH,10,10
01_Good,02_Out_of_Focus,streak_count,1,0.5,0.0,NONE,10,10
01_Good,02_Out_of_Focus,streak_count,2,0.5,0.0,NONE,10,10
01_Good,02_Out_of_Focus,streak_count,3,0.5,0.0,NONE,10,10
01_Good,02_Out_of_Focus,streak_count,4,0.5,0.0,NONE,10,10
01_Good,02_Out_of_Focus,streak_count,5,0.5,0.0,NONE,10,10
01_Good,02_Out_of_Focus,valid_profile_count,1,0.7,0.3999999999999999,HIGH,10,10
01_Good,02_Out_of_Focus,valid_profile_count,2,0.545,0.09000000000000008,HIGH,10,10
01_Good,02_Out_of_Focus,valid_profile_count,3,0.605,0.20999999999999996,HIGH,10,10
01_Good,02_Out_of_Focus,valid_profile_count,4,0.57,0.1399999999999999,HIGH,10,10
01_Good,02_Out_of_Focus,valid_profile_count,5,0.635,0.27,HIGH,10,10
01_Good,03_Tracking_Error,axis_aligned_line_ratio,1,0.53,0.06000000000000005,HIGH,10,10
01_Good,03_Tracking_Error,axis_aligned_line_ratio,2,0.43,0.14,LOW,10,10
01_Good,03_Tracking_Error,axis_aligned_line_ratio,3,0.41,0.18000000000000005,LOW,10,10
01_Good,03_Tracking_Error,axis_aligned_line_ratio,4,0.61,0.21999999999999997,HIGH,10,10
01_Good,03_Tracking_Error,axis_aligned_line_ratio,5,0.56,0.1200000000000001,HIGH,10,10
01_Good,03_Tracking_Error,background_mad,1,0.655,0.31000000000000005,HIGH,10,10
01_Good,03_Tracking_Error,background_mad,2,0.49,0.020000000000000018,LOW,10,10
01_Good,03_Tracking_Error,background_mad,3,0.66,0.32000000000000006,HIGH,10,10
01_Good,03_Tracking_Error,background_mad,4,0.355,0.29000000000000004,LOW,10,10
01_Good,03_Tracking_Error,background_mad,5,0.33,0.33999999999999997,LOW,10,10
01_Good,03_Tracking_Error,background_median,1,0.705,0.4099999999999999,HIGH,10,10
01_Good,03_Tracking_Error,background_median,2,0.46,0.07999999999999996,LOW,10,10
01_Good,03_Tracking_Error,background_median,3,0.68,0.3600000000000001,HIGH,10,10
01_Good,03_Tracking_Error,background_median,4,0.435,0.13,LOW,10,10
01_Good,03_Tracking_Error,background_median,5,0.385,0.22999999999999998,LOW,10,10
01_Good,03_Tracking_Error,bright_area_ratio,1,0.42,0.16000000000000003,LOW,10,10
01_Good,03_Tracking_Error,bright_area_ratio,2,0.54,0.08000000000000007,HIGH,10,10
01_Good,03_Tracking_Error,bright_area_ratio,3,0.36,0.28,LOW,10,10
01_Good,03_Tracking_Error,bright_area_ratio,4,0.69,0.3799999999999999,HIGH,10,10
01_Good,03_Tracking_Error,bright_area_ratio,5,0.5,0.0,NONE,10,10
01_Good,03_Tracking_Error,diagonal_line_ratio,1,0.61,0.21999999999999997,HIGH,10,10
01_Good,03_Tracking_Error,diagonal_line_ratio,2,0.56,0.1200000000000001,HIGH,10,10
01_Good,03_Tracking_Error,diagonal_line_ratio,3,0.65,0.30000000000000004,HIGH,10,10
01_Good,03_Tracking_Error,diagonal_line_ratio,4,0.48,0.040000000000000036,LOW,10,10
01_Good,03_Tracking_Error,diagonal_line_ratio,5,0.44,0.12,LOW,10,10
01_Good,03_Tracking_Error,elongated_angle_consistency,1,0.395,0.20999999999999996,LOW,10,10
01_Good,03_Tracking_Error,elongated_angle_consistency,2,0.4,0.19999999999999996,LOW,10,10
01_Good,03_Tracking_Error,elongated_angle_consistency,3,0.35,0.30000000000000004,LOW,10,10
01_Good,03_Tracking_Error,elongated_angle_consistency,4,0.45,0.09999999999999998,LOW,10,10
01_Good,03_Tracking_Error,elongated_angle_consistency,5,0.435,0.13,LOW,10,10
01_Good,03_Tracking_Error,elongated_angle_std,1,0.605,0.20999999999999996,HIGH,10,10
01_Good,03_Tracking_Error,elongated_angle_std,2,0.6,0.19999999999999996,HIGH,10,10
01_Good,03_Tracking_Error,elongated_angle_std,3,0.65,0.30000000000000004,HIGH,10,10
01_Good,03_Tracking_Error,elongated_angle_std,4,0.55,0.10000000000000009,HIGH,10,10
01_Good,03_Tracking_Error,elongated_angle_std,5,0.565,0.1299999999999999,HIGH,10,10
01_Good,03_Tracking_Error,elongated_radial_alignment,1,0.42,0.16000000000000003,LOW,10,10
01_Good,03_Tracking_Error,elongated_radial_alignment,2,0.58,0.15999999999999992,HIGH,10,10
01_Good,03_Tracking_Error,elongated_radial_alignment,3,0.37,0.26,LOW,10,10
01_Good,03_Tracking_Error,elongated_radial_alignment,4,0.51,0.020000000000000018,HIGH,10,10
01_Good,03_Tracking_Error,elongated_radial_alignment,5,0.38,0.24,LOW,10,10
01_Good,03_Tracking_Error,elongated_star_count,1,0.365,0.27,LOW,10,10
01_Good,03_Tracking_Error,elongated_star_count,2,0.495,0.010000000000000009,LOW,10,10
01_Good,03_Tracking_Error,elongated_star_count,3,0.405,0.18999999999999995,LOW,10,10
01_Good,03_Tracking_Error,elongated_star_count,4,0.54,0.08000000000000007,HIGH,10,10
01_Good,03_Tracking_Error,elongated_star_count,5,0.46,0.07999999999999996,LOW,10,10
01_Good,03_Tracking_Error,elongated_star_ratio,1,0.31,0.38,LOW,10,10
01_Good,03_Tracking_Error,elongated_star_ratio,2,0.44,0.12,LOW,10,10
01_Good,03_Tracking_Error,elongated_star_ratio,3,0.51,0.020000000000000018,HIGH,10,10
01_Good,03_Tracking_Error,elongated_star_ratio,4,0.4,0.19999999999999996,LOW,10,10
01_Good,03_Tracking_Error,elongated_star_ratio,5,0.48,0.040000000000000036,LOW,10,10
01_Good,03_Tracking_Error,line_angle_std,1,0.49,0.020000000000000018,LOW,10,10
01_Good,03_Tracking_Error,line_angle_std,2,0.38,0.24,LOW,10,10
01_Good,03_Tracking_Error,line_angle_std,3,0.43,0.14,LOW,10,10
01_Good,03_Tracking_Error,line_angle_std,4,0.59,0.17999999999999994,HIGH,10,10
01_Good,03_Tracking_Error,line_angle_std,5,0.72,0.43999999999999995,HIGH,10,10
01_Good,03_Tracking_Error,long_line_count,1,0.585,0.16999999999999993,HIGH,10,10
01_Good,03_Tracking_Error,long_line_count,2,0.545,0.09000000000000008,HIGH,10,10
01_Good,03_Tracking_Error,long_line_count,3,0.77,0.54,HIGH,10,10
01_Good,03_Tracking_Error,long_line_count,4,0.715,0.42999999999999994,HIGH,10,10
01_Good,03_Tracking_Error,long_line_count,5,0.675,0.3500000000000001,HIGH,10,10
01_Good,03_Tracking_Error,longest_line_ratio,1,0.575,0.1499999999999999,HIGH,10,10
01_Good,03_Tracking_Error,longest_line_ratio,2,0.455,0.08999999999999997,LOW,10,10
01_Good,03_Tracking_Error,longest_line_ratio,3,0.56,0.1200000000000001,HIGH,10,10
01_Good,03_Tracking_Error,longest_line_ratio,4,0.545,0.09000000000000008,HIGH,10,10
01_Good,03_Tracking_Error,longest_line_ratio,5,0.575,0.1499999999999999,HIGH,10,10
01_Good,03_Tracking_Error,max_aspect_ratio,1,0.42,0.16000000000000003,LOW,10,10
01_Good,03_Tracking_Error,max_aspect_ratio,2,0.65,0.30000000000000004,HIGH,10,10
01_Good,03_Tracking_Error,max_aspect_ratio,3,0.5,0.0,NONE,10,10
01_Good,03_Tracking_Error,max_aspect_ratio,4,0.52,0.040000000000000036,HIGH,10,10
01_Good,03_Tracking_Error,max_aspect_ratio,5,0.525,0.050000000000000044,HIGH,10,10
01_Good,03_Tracking_Error,max_streak_area_ratio,1,0.46,0.07999999999999996,LOW,10,10
01_Good,03_Tracking_Error,max_streak_area_ratio,2,0.67,0.3400000000000001,HIGH,10,10
01_Good,03_Tracking_Error,max_streak_area_ratio,3,0.52,0.040000000000000036,HIGH,10,10
01_Good,03_Tracking_Error,max_streak_area_ratio,4,0.5,0.0,NONE,10,10
01_Good,03_Tracking_Error,max_streak_area_ratio,5,0.43,0.14,LOW,10,10
01_Good,03_Tracking_Error,max_streak_aspect_ratio,1,0.14,0.72,LOW,10,10
01_Good,03_Tracking_Error,max_streak_aspect_ratio,2,0.1,0.8,LOW,10,10
01_Good,03_Tracking_Error,max_streak_aspect_ratio,3,0.355,0.29000000000000004,LOW,10,10
01_Good,03_Tracking_Error,max_streak_aspect_ratio,4,0.31,0.38,LOW,10,10
01_Good,03_Tracking_Error,max_streak_aspect_ratio,5,0.4,0.19999999999999996,LOW,10,10
01_Good,03_Tracking_Error,max_streak_length_ratio,1,0.29,0.42000000000000004,LOW,10,10
01_Good,03_Tracking_Error,max_streak_length_ratio,2,0.35,0.30000000000000004,LOW,10,10
01_Good,03_Tracking_Error,max_streak_length_ratio,3,0.41,0.18000000000000005,LOW,10,10
01_Good,03_Tracking_Error,max_streak_length_ratio,4,0.38,0.24,LOW,10,10
01_Good,03_Tracking_Error,max_streak_length_ratio,5,0.45,0.09999999999999998,LOW,10,10
01_Good,03_Tracking_Error,mean_aspect_ratio,1,0.29,0.42000000000000004,LOW,10,10
01_Good,03_Tracking_Error,mean_aspect_ratio,2,0.37,0.26,LOW,10,10
01_Good,03_Tracking_Error,mean_aspect_ratio,3,0.6,0.19999999999999996,HIGH,10,10
01_Good,03_Tracking_Error,mean_aspect_ratio,4,0.35,0.30000000000000004,LOW,10,10
01_Good,03_Tracking_Error,mean_aspect_ratio,5,0.46,0.07999999999999996,LOW,10,10
01_Good,03_Tracking_Error,mean_circularity,1,0.81,0.6200000000000001,HIGH,10,10
01_Good,03_Tracking_Error,mean_circularity,2,0.91,0.8200000000000001,HIGH,10,10
01_Good,03_Tracking_Error,mean_circularity,3,0.7,0.3999999999999999,HIGH,10,10
01_Good,03_Tracking_Error,mean_circularity,4,0.87,0.74,HIGH,10,10
01_Good,03_Tracking_Error,mean_circularity,5,0.64,0.28,HIGH,10,10
01_Good,03_Tracking_Error,mean_fwhm,1,0.36,0.28,LOW,10,10
01_Good,03_Tracking_Error,mean_fwhm,2,0.37,0.26,LOW,10,10
01_Good,03_Tracking_Error,mean_fwhm,3,0.6,0.19999999999999996,HIGH,10,10
01_Good,03_Tracking_Error,mean_fwhm,4,0.66,0.32000000000000006,HIGH,10,10
01_Good,03_Tracking_Error,mean_fwhm,5,0.53,0.06000000000000005,HIGH,10,10
01_Good,03_Tracking_Error,mean_hfr,1,0.53,0.06000000000000005,HIGH,10,10
01_Good,03_Tracking_Error,mean_hfr,2,0.36,0.28,LOW,10,10
01_Good,03_Tracking_Error,mean_hfr,3,0.65,0.30000000000000004,HIGH,10,10
01_Good,03_Tracking_Error,mean_hfr,4,0.67,0.3400000000000001,HIGH,10,10
01_Good,03_Tracking_Error,mean_hfr,5,0.42,0.16000000000000003,LOW,10,10
01_Good,03_Tracking_Error,mean_hollowness,1,0.345,0.31000000000000005,LOW,10,10
01_Good,03_Tracking_Error,mean_hollowness,2,0.55,0.10000000000000009,HIGH,10,10
01_Good,03_Tracking_Error,mean_hollowness,3,0.36,0.28,LOW,10,10
01_Good,03_Tracking_Error,mean_hollowness,4,0.63,0.26,HIGH,10,10
01_Good,03_Tracking_Error,mean_hollowness,5,0.635,0.27,HIGH,10,10
01_Good,03_Tracking_Error,mean_intensity,1,0.73,0.45999999999999996,HIGH,10,10
01_Good,03_Tracking_Error,mean_intensity,2,0.49,0.020000000000000018,LOW,10,10
01_Good,03_Tracking_Error,mean_intensity,3,0.68,0.3600000000000001,HIGH,10,10
01_Good,03_Tracking_Error,mean_intensity,4,0.44,0.12,LOW,10,10
01_Good,03_Tracking_Error,mean_intensity,5,0.39,0.21999999999999997,LOW,10,10
01_Good,03_Tracking_Error,mean_star_area,1,0.37,0.26,LOW,10,10
01_Good,03_Tracking_Error,mean_star_area,2,0.56,0.1200000000000001,HIGH,10,10
01_Good,03_Tracking_Error,mean_star_area,3,0.61,0.21999999999999997,HIGH,10,10
01_Good,03_Tracking_Error,mean_star_area,4,0.72,0.43999999999999995,HIGH,10,10
01_Good,03_Tracking_Error,mean_star_area,5,0.63,0.26,HIGH,10,10
01_Good,03_Tracking_Error,median_eccentricity,1,0.22,0.56,LOW,10,10
01_Good,03_Tracking_Error,median_eccentricity,2,0.24,0.52,LOW,10,10
01_Good,03_Tracking_Error,median_eccentricity,3,0.36,0.28,LOW,10,10
01_Good,03_Tracking_Error,median_eccentricity,4,0.49,0.020000000000000018,LOW,10,10
01_Good,03_Tracking_Error,median_eccentricity,5,0.57,0.1399999999999999,HIGH,10,10
01_Good,03_Tracking_Error,median_fwhm,1,0.39,0.21999999999999997,LOW,10,10
01_Good,03_Tracking_Error,median_fwhm,2,0.58,0.15999999999999992,HIGH,10,10
01_Good,03_Tracking_Error,median_fwhm,3,0.66,0.32000000000000006,HIGH,10,10
01_Good,03_Tracking_Error,median_fwhm,4,0.66,0.32000000000000006,HIGH,10,10
01_Good,03_Tracking_Error,median_fwhm,5,0.53,0.06000000000000005,HIGH,10,10
01_Good,03_Tracking_Error,median_fwhm_ratio,1,0.22,0.56,LOW,10,10
01_Good,03_Tracking_Error,median_fwhm_ratio,2,0.26,0.48,LOW,10,10
01_Good,03_Tracking_Error,median_fwhm_ratio,3,0.36,0.28,LOW,10,10
01_Good,03_Tracking_Error,median_fwhm_ratio,4,0.49,0.020000000000000018,LOW,10,10
01_Good,03_Tracking_Error,median_fwhm_ratio,5,0.57,0.1399999999999999,HIGH,10,10
01_Good,03_Tracking_Error,median_hfr,1,0.51,0.020000000000000018,HIGH,10,10
01_Good,03_Tracking_Error,median_hfr,2,0.51,0.020000000000000018,HIGH,10,10
01_Good,03_Tracking_Error,median_hfr,3,0.67,0.3400000000000001,HIGH,10,10
01_Good,03_Tracking_Error,median_hfr,4,0.68,0.3600000000000001,HIGH,10,10
01_Good,03_Tracking_Error,median_hfr,5,0.39,0.21999999999999997,LOW,10,10
01_Good,03_Tracking_Error,saturated_ratio,1,0.63,0.26,HIGH,10,10
01_Good,03_Tracking_Error,saturated_ratio,2,0.57,0.1399999999999999,HIGH,10,10
01_Good,03_Tracking_Error,saturated_ratio,3,0.58,0.15999999999999992,HIGH,10,10
01_Good,03_Tracking_Error,saturated_ratio,4,0.43,0.14,LOW,10,10
01_Good,03_Tracking_Error,saturated_ratio,5,0.38,0.24,LOW,10,10
01_Good,03_Tracking_Error,sharpness,1,0.71,0.41999999999999993,HIGH,10,10
01_Good,03_Tracking_Error,sharpness,2,0.42,0.16000000000000003,LOW,10,10
01_Good,03_Tracking_Error,sharpness,3,0.63,0.26,HIGH,10,10
01_Good,03_Tracking_Error,sharpness,4,0.42,0.16000000000000003,LOW,10,10
01_Good,03_Tracking_Error,sharpness,5,0.39,0.21999999999999997,LOW,10,10
01_Good,03_Tracking_Error,star_count,1,0.515,0.030000000000000027,HIGH,10,10
01_Good,03_Tracking_Error,star_count,2,0.59,0.17999999999999994,HIGH,10,10
01_Good,03_Tracking_Error,star_count,3,0.345,0.31000000000000005,LOW,10,10
01_Good,03_Tracking_Error,star_count,4,0.66,0.32000000000000006,HIGH,10,10
01_Good,03_Tracking_Error,star_count,5,0.5,0.0,NONE,10,10
01_Good,03_Tracking_Error,std_intensity,1,0.65,0.30000000000000004,HIGH,10,10
01_Good,03_Tracking_Error,std_intensity,2,0.5,0.0,NONE,10,10
01_Good,03_Tracking_Error,std_intensity,3,0.62,0.24,HIGH,10,10
01_Good,03_Tracking_Error,std_intensity,4,0.35,0.30000000000000004,LOW,10,10
01_Good,03_Tracking_Error,std_intensity,5,0.39,0.21999999999999997,LOW,10,10
01_Good,03_Tracking_Error,streak_count,1,0.4,0.19999999999999996,LOW,10,10
01_Good,03_Tracking_Error,streak_count,2,0.45,0.09999999999999998,LOW,10,10
01_Good,03_Tracking_Error,streak_count,3,0.45,0.09999999999999998,LOW,10,10
01_Good,03_Tracking_Error,streak_count,4,0.45,0.09999999999999998,LOW,10,10
01_Good,03_Tracking_Error,streak_count,5,0.5,0.0,NONE,10,10
01_Good,03_Tracking_Error,valid_profile_count,1,0.515,0.030000000000000027,HIGH,10,10
01_Good,03_Tracking_Error,valid_profile_count,2,0.59,0.17999999999999994,HIGH,10,10
01_Good,03_Tracking_Error,valid_profile_count,3,0.345,0.31000000000000005,LOW,10,10
01_Good,03_Tracking_Error,valid_profile_count,4,0.66,0.32000000000000006,HIGH,10,10
01_Good,03_Tracking_Error,valid_profile_count,5,0.5,0.0,NONE,10,10
01_Good,04_Over_Saturated,axis_aligned_line_ratio,1,0.5,0.0,NONE,10,10
01_Good,04_Over_Saturated,axis_aligned_line_ratio,2,0.6,0.19999999999999996,HIGH,10,10
01_Good,04_Over_Saturated,axis_aligned_line_ratio,3,0.52,0.040000000000000036,HIGH,10,10
01_Good,04_Over_Saturated,axis_aligned_line_ratio,4,0.41,0.18000000000000005,LOW,10,10
01_Good,04_Over_Saturated,axis_aligned_line_ratio,5,0.86,0.72,HIGH,10,10
01_Good,04_Over_Saturated,background_mad,1,1.0,1.0,HIGH,10,10
01_Good,04_Over_Saturated,background_mad,2,0.95,0.8999999999999999,HIGH,10,10
01_Good,04_Over_Saturated,background_mad,3,0.98,0.96,HIGH,10,10
01_Good,04_Over_Saturated,background_mad,4,0.91,0.8200000000000001,HIGH,10,10
01_Good,04_Over_Saturated,background_mad,5,0.9,0.8,HIGH,10,10
01_Good,04_Over_Saturated,background_median,1,1.0,1.0,HIGH,10,10
01_Good,04_Over_Saturated,background_median,2,0.96,0.9199999999999999,HIGH,10,10
01_Good,04_Over_Saturated,background_median,3,0.98,0.96,HIGH,10,10
01_Good,04_Over_Saturated,background_median,4,0.92,0.8400000000000001,HIGH,10,10
01_Good,04_Over_Saturated,background_median,5,0.9,0.8,HIGH,10,10
01_Good,04_Over_Saturated,bright_area_ratio,1,0.07,0.86,LOW,10,10
01_Good,04_Over_Saturated,bright_area_ratio,2,0.14,0.72,LOW,10,10
01_Good,04_Over_Saturated,bright_area_ratio,3,0.16,0.6799999999999999,LOW,10,10
01_Good,04_Over_Saturated,bright_area_ratio,4,0.22,0.56,LOW,10,10
01_Good,04_Over_Saturated,bright_area_ratio,5,0.25,0.5,LOW,10,10
01_Good,04_Over_Saturated,diagonal_line_ratio,1,0.8,0.6000000000000001,HIGH,10,10
01_Good,04_Over_Saturated,diagonal_line_ratio,2,0.5,0.0,NONE,10,10
01_Good,04_Over_Saturated,diagonal_line_ratio,3,0.86,0.72,HIGH,10,10
01_Good,04_Over_Saturated,diagonal_line_ratio,4,0.89,0.78,HIGH,10,10
01_Good,04_Over_Saturated,diagonal_line_ratio,5,0.75,0.5,HIGH,10,10
01_Good,04_Over_Saturated,elongated_angle_consistency,1,0.32,0.36,LOW,10,10
01_Good,04_Over_Saturated,elongated_angle_consistency,2,0.455,0.08999999999999997,LOW,10,10
01_Good,04_Over_Saturated,elongated_angle_consistency,3,0.35,0.30000000000000004,LOW,10,10
01_Good,04_Over_Saturated,elongated_angle_consistency,4,0.415,0.17000000000000004,LOW,10,10
01_Good,04_Over_Saturated,elongated_angle_consistency,5,0.36,0.28,LOW,10,10
01_Good,04_Over_Saturated,elongated_angle_std,1,0.68,0.3600000000000001,HIGH,10,10
01_Good,04_Over_Saturated,elongated_angle_std,2,0.545,0.09000000000000008,HIGH,10,10
01_Good,04_Over_Saturated,elongated_angle_std,3,0.65,0.30000000000000004,HIGH,10,10
01_Good,04_Over_Saturated,elongated_angle_std,4,0.585,0.16999999999999993,HIGH,10,10
01_Good,04_Over_Saturated,elongated_angle_std,5,0.64,0.28,HIGH,10,10
01_Good,04_Over_Saturated,elongated_radial_alignment,1,0.32,0.36,LOW,10,10
01_Good,04_Over_Saturated,elongated_radial_alignment,2,0.52,0.040000000000000036,HIGH,10,10
01_Good,04_Over_Saturated,elongated_radial_alignment,3,0.51,0.020000000000000018,HIGH,10,10
01_Good,04_Over_Saturated,elongated_radial_alignment,4,0.41,0.18000000000000005,LOW,10,10
01_Good,04_Over_Saturated,elongated_radial_alignment,5,0.09,0.8200000000000001,LOW,10,10
01_Good,04_Over_Saturated,elongated_star_count,1,0.27,0.45999999999999996,LOW,10,10
01_Good,04_Over_Saturated,elongated_star_count,2,0.33,0.33999999999999997,LOW,10,10
01_Good,04_Over_Saturated,elongated_star_count,3,0.38,0.24,LOW,10,10
01_Good,04_Over_Saturated,elongated_star_count,4,0.415,0.17000000000000004,LOW,10,10
01_Good,04_Over_Saturated,elongated_star_count,5,0.355,0.29000000000000004,LOW,10,10
01_Good,04_Over_Saturated,elongated_star_ratio,1,0.39,0.21999999999999997,LOW,10,10
01_Good,04_Over_Saturated,elongated_star_ratio,2,0.64,0.28,HIGH,10,10
01_Good,04_Over_Saturated,elongated_star_ratio,3,0.78,0.56,HIGH,10,10
01_Good,04_Over_Saturated,elongated_star_ratio,4,0.64,0.28,HIGH,10,10
01_Good,04_Over_Saturated,elongated_star_ratio,5,0.445,0.10999999999999999,LOW,10,10
01_Good,04_Over_Saturated,line_angle_std,1,0.6,0.19999999999999996,HIGH,10,10
01_Good,04_Over_Saturated,line_angle_std,2,0.81,0.6200000000000001,HIGH,10,10
01_Good,04_Over_Saturated,line_angle_std,3,0.83,0.6599999999999999,HIGH,10,10
01_Good,04_Over_Saturated,line_angle_std,4,0.81,0.6200000000000001,HIGH,10,10
01_Good,04_Over_Saturated,line_angle_std,5,0.59,0.17999999999999994,HIGH,10,10
01_Good,04_Over_Saturated,long_line_count,1,1.0,1.0,HIGH,10,10
01_Good,04_Over_Saturated,long_line_count,2,0.91,0.8200000000000001,HIGH,10,10
01_Good,04_Over_Saturated,long_line_count,3,0.92,0.8400000000000001,HIGH,10,10
01_Good,04_Over_Saturated,long_line_count,4,0.8,0.6000000000000001,HIGH,10,10
01_Good,04_Over_Saturated,long_line_count,5,0.83,0.6599999999999999,HIGH,10,10
01_Good,04_Over_Saturated,longest_line_ratio,1,1.0,1.0,HIGH,10,10
01_Good,04_Over_Saturated,longest_line_ratio,2,0.91,0.8200000000000001,HIGH,10,10
01_Good,04_Over_Saturated,longest_line_ratio,3,0.975,0.95,HIGH,10,10
01_Good,04_Over_Saturated,longest_line_ratio,4,0.82,0.6399999999999999,HIGH,10,10
01_Good,04_Over_Saturated,longest_line_ratio,5,0.875,0.75,HIGH,10,10
01_Good,04_Over_Saturated,max_aspect_ratio,1,0.155,0.69,LOW,10,10
01_Good,04_Over_Saturated,max_aspect_ratio,2,0.215,0.5700000000000001,LOW,10,10
01_Good,04_Over_Saturated,max_aspect_ratio,3,0.33,0.33999999999999997,LOW,10,10
01_Good,04_Over_Saturated,max_aspect_ratio,4,0.185,0.63,LOW,10,10
01_Good,04_Over_Saturated,max_aspect_ratio,5,0.39,0.21999999999999997,LOW,10,10
01_Good,04_Over_Saturated,max_streak_area_ratio,1,0.62,0.24,HIGH,10,10
01_Good,04_Over_Saturated,max_streak_area_ratio,2,0.66,0.32000000000000006,HIGH,10,10
01_Good,04_Over_Saturated,max_streak_area_ratio,3,0.48,0.040000000000000036,LOW,10,10
01_Good,04_Over_Saturated,max_streak_area_ratio,4,0.5,0.0,NONE,10,10
01_Good,04_Over_Saturated,max_streak_area_ratio,5,0.56,0.1200000000000001,HIGH,10,10
01_Good,04_Over_Saturated,max_streak_aspect_ratio,1,0.25,0.5,LOW,10,10
01_Good,04_Over_Saturated,max_streak_aspect_ratio,2,0.095,0.81,LOW,10,10
01_Good,04_Over_Saturated,max_streak_aspect_ratio,3,0.43,0.14,LOW,10,10
01_Good,04_Over_Saturated,max_streak_aspect_ratio,4,0.455,0.08999999999999997,LOW,10,10
01_Good,04_Over_Saturated,max_streak_aspect_ratio,5,0.64,0.28,HIGH,10,10
01_Good,04_Over_Saturated,max_streak_length_ratio,1,0.36,0.28,LOW,10,10
01_Good,04_Over_Saturated,max_streak_length_ratio,2,0.51,0.020000000000000018,HIGH,10,10
01_Good,04_Over_Saturated,max_streak_length_ratio,3,0.36,0.28,LOW,10,10
01_Good,04_Over_Saturated,max_streak_length_ratio,4,0.31,0.38,LOW,10,10
01_Good,04_Over_Saturated,max_streak_length_ratio,5,0.5,0.0,NONE,10,10
01_Good,04_Over_Saturated,mean_aspect_ratio,1,0.35,0.30000000000000004,LOW,10,10
01_Good,04_Over_Saturated,mean_aspect_ratio,2,0.56,0.1200000000000001,HIGH,10,10
01_Good,04_Over_Saturated,mean_aspect_ratio,3,0.61,0.21999999999999997,HIGH,10,10
01_Good,04_Over_Saturated,mean_aspect_ratio,4,0.39,0.21999999999999997,LOW,10,10
01_Good,04_Over_Saturated,mean_aspect_ratio,5,0.59,0.17999999999999994,HIGH,10,10
01_Good,04_Over_Saturated,mean_circularity,1,0.39,0.21999999999999997,LOW,10,10
01_Good,04_Over_Saturated,mean_circularity,2,0.3,0.4,LOW,10,10
01_Good,04_Over_Saturated,mean_circularity,3,0.27,0.45999999999999996,LOW,10,10
01_Good,04_Over_Saturated,mean_circularity,4,0.26,0.48,LOW,10,10
01_Good,04_Over_Saturated,mean_circularity,5,0.27,0.45999999999999996,LOW,10,10
01_Good,04_Over_Saturated,mean_fwhm,1,0.98,0.96,HIGH,10,10
01_Good,04_Over_Saturated,mean_fwhm,2,0.9,0.8,HIGH,10,10
01_Good,04_Over_Saturated,mean_fwhm,3,0.85,0.7,HIGH,10,10
01_Good,04_Over_Saturated,mean_fwhm,4,0.72,0.43999999999999995,HIGH,10,10
01_Good,04_Over_Saturated,mean_fwhm,5,0.78,0.56,HIGH,10,10
01_Good,04_Over_Saturated,mean_hfr,1,1.0,1.0,HIGH,10,10
01_Good,04_Over_Saturated,mean_hfr,2,0.89,0.78,HIGH,10,10
01_Good,04_Over_Saturated,mean_hfr,3,0.92,0.8400000000000001,HIGH,10,10
01_Good,04_Over_Saturated,mean_hfr,4,0.81,0.6200000000000001,HIGH,10,10
01_Good,04_Over_Saturated,mean_hfr,5,0.81,0.6200000000000001,HIGH,10,10
01_Good,04_Over_Saturated,mean_hollowness,1,0.29,0.42000000000000004,LOW,10,10
01_Good,04_Over_Saturated,mean_hollowness,2,0.57,0.1399999999999999,HIGH,10,10
01_Good,04_Over_Saturated,mean_hollowness,3,0.395,0.20999999999999996,LOW,10,10
01_Good,04_Over_Saturated,mean_hollowness,4,0.37,0.26,LOW,10,10
01_Good,04_Over_Saturated,mean_hollowness,5,0.445,0.10999999999999999,LOW,10,10
01_Good,04_Over_Saturated,mean_intensity,1,1.0,1.0,HIGH,10,10
01_Good,04_Over_Saturated,mean_intensity,2,0.96,0.9199999999999999,HIGH,10,10
01_Good,04_Over_Saturated,mean_intensity,3,0.98,0.96,HIGH,10,10
01_Good,04_Over_Saturated,mean_intensity,4,0.92,0.8400000000000001,HIGH,10,10
01_Good,04_Over_Saturated,mean_intensity,5,0.9,0.8,HIGH,10,10
01_Good,04_Over_Saturated,mean_star_area,1,0.79,0.5800000000000001,HIGH,10,10
01_Good,04_Over_Saturated,mean_star_area,2,0.82,0.6399999999999999,HIGH,10,10
01_Good,04_Over_Saturated,mean_star_area,3,0.66,0.32000000000000006,HIGH,10,10
01_Good,04_Over_Saturated,mean_star_area,4,0.65,0.30000000000000004,HIGH,10,10
01_Good,04_Over_Saturated,mean_star_area,5,0.54,0.08000000000000007,HIGH,10,10
01_Good,04_Over_Saturated,median_eccentricity,1,0.01,0.98,LOW,10,10
01_Good,04_Over_Saturated,median_eccentricity,2,0.08,0.84,LOW,10,10
01_Good,04_Over_Saturated,median_eccentricity,3,0.12,0.76,LOW,10,10
01_Good,04_Over_Saturated,median_eccentricity,4,0.24,0.52,LOW,10,10
01_Good,04_Over_Saturated,median_eccentricity,5,0.15,0.7,LOW,10,10
01_Good,04_Over_Saturated,median_fwhm,1,0.99,0.98,HIGH,10,10
01_Good,04_Over_Saturated,median_fwhm,2,0.9,0.8,HIGH,10,10
01_Good,04_Over_Saturated,median_fwhm,3,0.86,0.72,HIGH,10,10
01_Good,04_Over_Saturated,median_fwhm,4,0.77,0.54,HIGH,10,10
01_Good,04_Over_Saturated,median_fwhm,5,0.79,0.5800000000000001,HIGH,10,10
01_Good,04_Over_Saturated,median_fwhm_ratio,1,0.01,0.98,LOW,10,10
01_Good,04_Over_Saturated,median_fwhm_ratio,2,0.08,0.84,LOW,10,10
01_Good,04_Over_Saturated,median_fwhm_ratio,3,0.12,0.76,LOW,10,10
01_Good,04_Over_Saturated,median_fwhm_ratio,4,0.24,0.52,LOW,10,10
01_Good,04_Over_Saturated,median_fwhm_ratio,5,0.15,0.7,LOW,10,10
01_Good,04_Over_Saturated,median_hfr,1,0.99,0.98,HIGH,10,10
01_Good,04_Over_Saturated,median_hfr,2,0.9,0.8,HIGH,10,10
01_Good,04_Over_Saturated,median_hfr,3,0.94,0.8799999999999999,HIGH,10,10
01_Good,04_Over_Saturated,median_hfr,4,0.8,0.6000000000000001,HIGH,10,10
01_Good,04_Over_Saturated,median_hfr,5,0.83,0.6599999999999999,HIGH,10,10
01_Good,04_Over_Saturated,saturated_ratio,1,0.89,0.78,HIGH,10,10
01_Good,04_Over_Saturated,saturated_ratio,2,0.76,0.52,HIGH,10,10
01_Good,04_Over_Saturated,saturated_ratio,3,0.84,0.6799999999999999,HIGH,10,10
01_Good,04_Over_Saturated,saturated_ratio,4,0.745,0.49,HIGH,10,10
01_Good,04_Over_Saturated,saturated_ratio,5,0.645,0.29000000000000004,HIGH,10,10
01_Good,04_Over_Saturated,sharpness,1,1.0,1.0,HIGH,10,10
01_Good,04_Over_Saturated,sharpness,2,0.96,0.9199999999999999,HIGH,10,10
01_Good,04_Over_Saturated,sharpness,3,0.97,0.94,HIGH,10,10
01_Good,04_Over_Saturated,sharpness,4,0.91,0.8200000000000001,HIGH,10,10
01_Good,04_Over_Saturated,sharpness,5,0.9,0.8,HIGH,10,10
01_Good,04_Over_Saturated,star_count,1,0.22,0.56,LOW,10,10
01_Good,04_Over_Saturated,star_count,2,0.32,0.36,LOW,10,10
01_Good,04_Over_Saturated,star_count,3,0.25,0.5,LOW,10,10
01_Good,04_Over_Saturated,star_count,4,0.37,0.26,LOW,10,10
01_Good,04_Over_Saturated,star_count,5,0.32,0.36,LOW,10,10
01_Good,04_Over_Saturated,std_intensity,1,1.0,1.0,HIGH,10,10
01_Good,04_Over_Saturated,std_intensity,2,0.95,0.8999999999999999,HIGH,10,10
01_Good,04_Over_Saturated,std_intensity,3,0.98,0.96,HIGH,10,10
01_Good,04_Over_Saturated,std_intensity,4,0.9,0.8,HIGH,10,10
01_Good,04_Over_Saturated,std_intensity,5,0.9,0.8,HIGH,10,10
01_Good,04_Over_Saturated,streak_count,1,0.4,0.19999999999999996,LOW,10,10
01_Good,04_Over_Saturated,streak_count,2,0.35,0.30000000000000004,LOW,10,10
01_Good,04_Over_Saturated,streak_count,3,0.35,0.30000000000000004,LOW,10,10
01_Good,04_Over_Saturated,streak_count,4,0.35,0.30000000000000004,LOW,10,10
01_Good,04_Over_Saturated,streak_count,5,0.5,0.0,NONE,10,10
01_Good,04_Over_Saturated,valid_profile_count,1,0.22,0.56,LOW,10,10
01_Good,04_Over_Saturated,valid_profile_count,2,0.32,0.36,LOW,10,10
01_Good,04_Over_Saturated,valid_profile_count,3,0.25,0.5,LOW,10,10
01_Good,04_Over_Saturated,valid_profile_count,4,0.37,0.26,LOW,10,10
01_Good,04_Over_Saturated,valid_profile_count,5,0.32,0.36,LOW,10,10
01_Good,05_No_Star,axis_aligned_line_ratio,1,0.395,0.20999999999999996,LOW,10,10
01_Good,05_No_Star,axis_aligned_line_ratio,2,0.45,0.09999999999999998,LOW,10,10
01_Good,05_No_Star,axis_aligned_line_ratio,3,0.23,0.54,LOW,10,10
01_Good,05_No_Star,axis_aligned_line_ratio,4,0.43,0.14,LOW,10,10
01_Good,05_No_Star,axis_aligned_line_ratio,5,0.47,0.06000000000000005,LOW,10,10
01_Good,05_No_Star,background_mad,1,0.31,0.38,LOW,10,10
01_Good,05_No_Star,background_mad,2,0.245,0.51,LOW,10,10
01_Good,05_No_Star,background_mad,3,0.155,0.69,LOW,10,10
01_Good,05_No_Star,background_mad,4,0.0,1.0,LOW,10,10
01_Good,05_No_Star,background_mad,5,0.175,0.65,LOW,10,10
01_Good,05_No_Star,background_median,1,0.095,0.81,LOW,10,10
01_Good,05_No_Star,background_median,2,0.125,0.75,LOW,10,10
01_Good,05_No_Star,background_median,3,0.175,0.65,LOW,10,10
01_Good,05_No_Star,background_median,4,0.01,0.98,LOW,10,10
01_Good,05_No_Star,background_median,5,0.14,0.72,LOW,10,10
01_Good,05_No_Star,bright_area_ratio,1,1.0,1.0,HIGH,10,10
01_Good,05_No_Star,bright_area_ratio,2,1.0,1.0,HIGH,10,10
01_Good,05_No_Star,bright_area_ratio,3,0.99,0.98,HIGH,10,10
01_Good,05_No_Star,bright_area_ratio,4,1.0,1.0,HIGH,10,10
01_Good,05_No_Star,bright_area_ratio,5,1.0,1.0,HIGH,10,10
01_Good,05_No_Star,diagonal_line_ratio,1,0.72,0.43999999999999995,HIGH,10,10
01_Good,05_No_Star,diagonal_line_ratio,2,0.51,0.020000000000000018,HIGH,10,10
01_Good,05_No_Star,diagonal_line_ratio,3,0.72,0.43999999999999995,HIGH,10,10
01_Good,05_No_Star,diagonal_line_ratio,4,0.41,0.18000000000000005,LOW,10,10
01_Good,05_No_Star,diagonal_line_ratio,5,0.39,0.21999999999999997,LOW,10,10
01_Good,05_No_Star,elongated_angle_consistency,1,0.85,0.7,HIGH,10,10
01_Good,05_No_Star,elongated_angle_consistency,2,0.9,0.8,HIGH,10,10
01_Good,05_No_Star,elongated_angle_consistency,3,0.8,0.6000000000000001,HIGH,10,10
01_Good,05_No_Star,elongated_angle_consistency,4,0.8,0.6000000000000001,HIGH,10,10
01_Good,05_No_Star,elongated_angle_consistency,5,0.8,0.6000000000000001,HIGH,10,10
01_Good,05_No_Star,elongated_angle_std,1,0.15,0.7,LOW,10,10
01_Good,05_No_Star,elongated_angle_std,2,0.1,0.8,LOW,10,10
01_Good,05_No_Star,elongated_angle_std,3,0.2,0.6,LOW,10,10
01_Good,05_No_Star,elongated_angle_std,4,0.2,0.6,LOW,10,10
01_Good,05_No_Star,elongated_angle_std,5,0.2,0.6,LOW,10,10
01_Good,05_No_Star,elongated_radial_alignment,1,0.9,0.8,HIGH,10,10
01_Good,05_No_Star,elongated_radial_alignment,2,0.95,0.8999999999999999,HIGH,10,10
01_Good,05_No_Star,elongated_radial_alignment,3,0.95,0.8999999999999999,HIGH,10,10
01_Good,05_No_Star,elongated_radial_alignment,4,0.9,0.8,HIGH,10,10
01_Good,05_No_Star,elongated_radial_alignment,5,0.9,0.8,HIGH,10,10
01_Good,05_No_Star,elongated_star_count,1,0.9,0.8,HIGH,10,10
01_Good,05_No_Star,elongated_star_count,2,0.95,0.8999999999999999,HIGH,10,10
01_Good,05_No_Star,elongated_star_count,3,0.95,0.8999999999999999,HIGH,10,10
01_Good,05_No_Star,elongated_star_count,4,0.9,0.8,HIGH,10,10
01_Good,05_No_Star,elongated_star_count,5,0.9,0.8,HIGH,10,10
01_Good,05_No_Star,elongated_star_ratio,1,0.9,0.8,HIGH,10,10
01_Good,05_No_Star,elongated_star_ratio,2,0.95,0.8999999999999999,HIGH,10,10
01_Good,05_No_Star,elongated_star_ratio,3,0.95,0.8999999999999999,HIGH,10,10
01_Good,05_No_Star,elongated_star_ratio,4,0.9,0.8,HIGH,10,10
01_Good,05_No_Star,elongated_star_ratio,5,0.9,0.8,HIGH,10,10
01_Good,05_No_Star,line_angle_std,1,0.19,0.62,LOW,10,10
01_Good,05_No_Star,line_angle_std,2,0.43,0.14,LOW,10,10
01_Good,05_No_Star,line_angle_std,3,0.16,0.6799999999999999,LOW,10,10
01_Good,05_No_Star,line_angle_std,4,0.43,0.14,LOW,10,10
01_Good,05_No_Star,line_angle_std,5,0.67,0.3400000000000001,HIGH,10,10
01_Good,05_No_Star,long_line_count,1,0.605,0.20999999999999996,HIGH,10,10
01_Good,05_No_Star,long_line_count,2,0.48,0.040000000000000036,LOW,10,10
01_Good,05_No_Star,long_line_count,3,0.525,0.050000000000000044,HIGH,10,10
01_Good,05_No_Star,long_line_count,4,0.83,0.6599999999999999,HIGH,10,10
01_Good,05_No_Star,long_line_count,5,0.9,0.8,HIGH,10,10
01_Good,05_No_Star,longest_line_ratio,1,0.46,0.07999999999999996,LOW,10,10
01_Good,05_No_Star,longest_line_ratio,2,0.22,0.56,LOW,10,10
01_Good,05_No_Star,longest_line_ratio,3,0.29,0.42000000000000004,LOW,10,10
01_Good,05_No_Star,longest_line_ratio,4,0.375,0.25,LOW,10,10
01_Good,05_No_Star,longest_line_ratio,5,0.335,0.32999999999999996,LOW,10,10
01_Good,05_No_Star,max_aspect_ratio,1,1.0,1.0,HIGH,10,10
01_Good,05_No_Star,max_aspect_ratio,2,1.0,1.0,HIGH,10,10
01_Good,05_No_Star,max_aspect_ratio,3,0.995,0.99,HIGH,10,10
01_Good,05_No_Star,max_aspect_ratio,4,0.99,0.98,HIGH,10,10
01_Good,05_No_Star,max_aspect_ratio,5,1.0,1.0,HIGH,10,10
01_Good,05_No_Star,max_streak_area_ratio,1,0.75,0.5,HIGH,10,10
01_Good,05_No_Star,max_streak_area_ratio,2,0.63,0.26,HIGH,10,10
01_Good,05_No_Star,max_streak_area_ratio,3,0.63,0.26,HIGH,10,10
01_Good,05_No_Star,max_streak_area_ratio,4,0.89,0.78,HIGH,10,10
01_Good,05_No_Star,max_streak_area_ratio,5,0.64,0.28,HIGH,10,10
01_Good,05_No_Star,max_streak_aspect_ratio,1,0.225,0.55,LOW,10,10
01_Good,05_No_Star,max_streak_aspect_ratio,2,0.16,0.6799999999999999,LOW,10,10
01_Good,05_No_Star,max_streak_aspect_ratio,3,0.26,0.48,LOW,10,10
01_Good,05_No_Star,max_streak_aspect_ratio,4,0.26,0.48,LOW,10,10
01_Good,05_No_Star,max_streak_aspect_ratio,5,0.535,0.07000000000000006,HIGH,10,10
01_Good,05_No_Star,max_streak_length_ratio,1,0.71,0.41999999999999993,HIGH,10,10
01_Good,05_No_Star,max_streak_length_ratio,2,0.66,0.32000000000000006,HIGH,10,10
01_Good,05_No_Star,max_streak_length_ratio,3,0.57,0.1399999999999999,HIGH,10,10
01_Good,05_No_Star,max_streak_length_ratio,4,0.85,0.7,HIGH,10,10
01_Good,05_No_Star,max_streak_length_ratio,5,0.63,0.26,HIGH,10,10
01_Good,05_No_Star,mean_aspect_ratio,1,1.0,1.0,HIGH,10,10
01_Good,05_No_Star,mean_aspect_ratio,2,1.0,1.0,HIGH,10,10
01_Good,05_No_Star,mean_aspect_ratio,3,0.98,0.96,HIGH,10,10
01_Good,05_No_Star,mean_aspect_ratio,4,0.9,0.8,HIGH,10,10
01_Good,05_No_Star,mean_aspect_ratio,5,1.0,1.0,HIGH,10,10
01_Good,05_No_Star,mean_circularity,1,0.96,0.9199999999999999,HIGH,10,10
01_Good,05_No_Star,mean_circularity,2,0.84,0.6799999999999999,HIGH,10,10
01_Good,05_No_Star,mean_circularity,3,0.83,0.6599999999999999,HIGH,10,10
01_Good,05_No_Star,mean_circularity,4,0.88,0.76,HIGH,10,10
01_Good,05_No_Star,mean_circularity,5,0.86,0.72,HIGH,10,10
01_Good,05_No_Star,mean_fwhm,1,1.0,1.0,HIGH,10,10
01_Good,05_No_Star,mean_fwhm,2,1.0,1.0,HIGH,10,10
01_Good,05_No_Star,mean_fwhm,3,0.99,0.98,HIGH,10,10
01_Good,05_No_Star,mean_fwhm,4,1.0,1.0,HIGH,10,10
01_Good,05_No_Star,mean_fwhm,5,1.0,1.0,HIGH,10,10
01_Good,05_No_Star,mean_hfr,1,1.0,1.0,HIGH,10,10
01_Good,05_No_Star,mean_hfr,2,1.0,1.0,HIGH,10,10
01_Good,05_No_Star,mean_hfr,3,0.97,0.94,HIGH,10,10
01_Good,05_No_Star,mean_hfr,4,1.0,1.0,HIGH,10,10
01_Good,05_No_Star,mean_hfr,5,0.99,0.98,HIGH,10,10
01_Good,05_No_Star,mean_hollowness,1,0.975,0.95,HIGH,10,10
01_Good,05_No_Star,mean_hollowness,2,0.97,0.94,HIGH,10,10
01_Good,05_No_Star,mean_hollowness,3,0.955,0.9099999999999999,HIGH,10,10
01_Good,05_No_Star,mean_hollowness,4,0.97,0.94,HIGH,10,10
01_Good,05_No_Star,mean_hollowness,5,0.97,0.94,HIGH,10,10
01_Good,05_No_Star,mean_intensity,1,0.1,0.8,LOW,10,10
01_Good,05_No_Star,mean_intensity,2,0.12,0.76,LOW,10,10
01_Good,05_No_Star,mean_intensity,3,0.18,0.64,LOW,10,10
01_Good,05_No_Star,mean_intensity,4,0.02,0.96,LOW,10,10
01_Good,05_No_Star,mean_intensity,5,0.11,0.78,LOW,10,10
01_Good,05_No_Star,mean_star_area,1,1.0,1.0,HIGH,10,10
01_Good,05_No_Star,mean_star_area,2,1.0,1.0,HIGH,10,10
01_Good,05_No_Star,mean_star_area,3,1.0,1.0,HIGH,10,10
01_Good,05_No_Star,mean_star_area,4,1.0,1.0,HIGH,10,10
01_Good,05_No_Star,mean_star_area,5,0.995,0.99,HIGH,10,10
01_Good,05_No_Star,median_eccentricity,1,0.9,0.8,HIGH,10,10
01_Good,05_No_Star,median_eccentricity,2,0.96,0.9199999999999999,HIGH,10,10
01_Good,05_No_Star,median_eccentricity,3,0.93,0.8600000000000001,HIGH,10,10
01_Good,05_No_Star,median_eccentricity,4,0.85,0.7,HIGH,10,10
01_Good,05_No_Star,median_eccentricity,5,0.93,0.8600000000000001,HIGH,10,10
01_Good,05_No_Star,median_fwhm,1,1.0,1.0,HIGH,10,10
01_Good,05_No_Star,median_fwhm,2,1.0,1.0,HIGH,10,10
01_Good,05_No_Star,median_fwhm,3,0.99,0.98,HIGH,10,10
01_Good,05_No_Star,median_fwhm,4,1.0,1.0,HIGH,10,10
01_Good,05_No_Star,median_fwhm,5,0.98,0.96,HIGH,10,10
01_Good,05_No_Star,median_fwhm_ratio,1,0.9,0.8,HIGH,10,10
01_Good,05_No_Star,median_fwhm_ratio,2,0.97,0.94,HIGH,10,10
01_Good,05_No_Star,median_fwhm_ratio,3,0.93,0.8600000000000001,HIGH,10,10
01_Good,05_No_Star,median_fwhm_ratio,4,0.85,0.7,HIGH,10,10
01_Good,05_No_Star,median_fwhm_ratio,5,0.93,0.8600000000000001,HIGH,10,10
01_Good,05_No_Star,median_hfr,1,0.99,0.98,HIGH,10,10
01_Good,05_No_Star,median_hfr,2,0.99,0.98,HIGH,10,10
01_Good,05_No_Star,median_hfr,3,0.97,0.94,HIGH,10,10
01_Good,05_No_Star,median_hfr,4,1.0,1.0,HIGH,10,10
01_Good,05_No_Star,median_hfr,5,0.96,0.9199999999999999,HIGH,10,10
01_Good,05_No_Star,saturated_ratio,1,0.27,0.45999999999999996,LOW,10,10
01_Good,05_No_Star,saturated_ratio,2,0.18,0.64,LOW,10,10
01_Good,05_No_Star,saturated_ratio,3,0.2,0.6,LOW,10,10
01_Good,05_No_Star,saturated_ratio,4,0.18,0.64,LOW,10,10
01_Good,05_No_Star,saturated_ratio,5,0.08,0.84,LOW,10,10
01_Good,05_No_Star,sharpness,1,0.21,0.5800000000000001,LOW,10,10
01_Good,05_No_Star,sharpness,2,0.16,0.6799999999999999,LOW,10,10
01_Good,05_No_Star,sharpness,3,0.18,0.64,LOW,10,10
01_Good,05_No_Star,sharpness,4,0.04,0.92,LOW,10,10
01_Good,05_No_Star,sharpness,5,0.23,0.54,LOW,10,10
01_Good,05_No_Star,star_count,1,1.0,1.0,HIGH,10,10
01_Good,05_No_Star,star_count,2,0.99,0.98,HIGH,10,10
01_Good,05_No_Star,star_count,3,0.98,0.96,HIGH,10,10
01_Good,05_No_Star,star_count,4,1.0,1.0,HIGH,10,10
01_Good,05_No_Star,star_count,5,0.99,0.98,HIGH,10,10
01_Good,05_No_Star,std_intensity,1,0.13,0.74,LOW,10,10
01_Good,05_No_Star,std_intensity,2,0.19,0.62,LOW,10,10
01_Good,05_No_Star,std_intensity,3,0.04,0.92,LOW,10,10
01_Good,05_No_Star,std_intensity,4,0.04,0.92,LOW,10,10
01_Good,05_No_Star,std_intensity,5,0.11,0.78,LOW,10,10
01_Good,05_No_Star,streak_count,1,0.5,0.0,NONE,10,10
01_Good,05_No_Star,streak_count,2,0.5,0.0,NONE,10,10
01_Good,05_No_Star,streak_count,3,0.5,0.0,NONE,10,10
01_Good,05_No_Star,streak_count,4,0.5,0.0,NONE,10,10
01_Good,05_No_Star,streak_count,5,0.5,0.0,NONE,10,10
01_Good,05_No_Star,valid_profile_count,1,1.0,1.0,HIGH,10,10
01_Good,05_No_Star,valid_profile_count,2,0.99,0.98,HIGH,10,10
01_Good,05_No_Star,valid_profile_count,3,0.98,0.96,HIGH,10,10
01_Good,05_No_Star,valid_profile_count,4,1.0,1.0,HIGH,10,10
01_Good,05_No_Star,valid_profile_count,5,0.99,0.98,HIGH,10,10
01_Good,06_Satellite,axis_aligned_line_ratio,1,0.3,0.4,LOW,10,10
01_Good,06_Satellite,axis_aligned_line_ratio,2,0.52,0.040000000000000036,HIGH,10,10
01_Good,06_Satellite,axis_aligned_line_ratio,3,0.245,0.51,LOW,10,10
01_Good,06_Satellite,axis_aligned_line_ratio,4,0.49,0.020000000000000018,LOW,10,10
01_Good,06_Satellite,axis_aligned_line_ratio,5,0.31,0.38,LOW,10,10
01_Good,06_Satellite,background_mad,1,0.67,0.3400000000000001,HIGH,10,10
01_Good,06_Satellite,background_mad,2,0.51,0.020000000000000018,HIGH,10,10
01_Good,06_Satellite,background_mad,3,0.51,0.020000000000000018,HIGH,10,10
01_Good,06_Satellite,background_mad,4,0.43,0.14,LOW,10,10
01_Good,06_Satellite,background_mad,5,0.51,0.020000000000000018,HIGH,10,10
01_Good,06_Satellite,background_median,1,0.525,0.050000000000000044,HIGH,10,10
01_Good,06_Satellite,background_median,2,0.425,0.15000000000000002,LOW,10,10
01_Good,06_Satellite,background_median,3,0.64,0.28,HIGH,10,10
01_Good,06_Satellite,background_median,4,0.435,0.13,LOW,10,10
01_Good,06_Satellite,background_median,5,0.5,0.0,NONE,10,10
01_Good,06_Satellite,bright_area_ratio,1,0.39,0.21999999999999997,LOW,10,10
01_Good,06_Satellite,bright_area_ratio,2,0.48,0.040000000000000036,LOW,10,10
01_Good,06_Satellite,bright_area_ratio,3,0.51,0.020000000000000018,HIGH,10,10
01_Good,06_Satellite,bright_area_ratio,4,0.47,0.06000000000000005,LOW,10,10
01_Good,06_Satellite,bright_area_ratio,5,0.4,0.19999999999999996,LOW,10,10
01_Good,06_Satellite,diagonal_line_ratio,1,0.73,0.45999999999999996,HIGH,10,10
01_Good,06_Satellite,diagonal_line_ratio,2,0.44,0.12,LOW,10,10
01_Good,06_Satellite,diagonal_line_ratio,3,0.77,0.54,HIGH,10,10
01_Good,06_Satellite,diagonal_line_ratio,4,0.49,0.020000000000000018,LOW,10,10
01_Good,06_Satellite,diagonal_line_ratio,5,0.6,0.19999999999999996,HIGH,10,10
01_Good,06_Satellite,elongated_angle_consistency,1,0.24,0.52,LOW,10,10
01_Good,06_Satellite,elongated_angle_consistency,2,0.24,0.52,LOW,10,10
01_Good,06_Satellite,elongated_angle_consistency,3,0.48,0.040000000000000036,LOW,10,10
01_Good,06_Satellite,elongated_angle_consistency,4,0.28,0.43999999999999995,LOW,10,10
01_Good,06_Satellite,elongated_angle_consistency,5,0.325,0.35,LOW,10,10
01_Good,06_Satellite,elongated_angle_std,1,0.76,0.52,HIGH,10,10
01_Good,06_Satellite,elongated_angle_std,2,0.76,0.52,HIGH,10,10
01_Good,06_Satellite,elongated_angle_std,3,0.52,0.040000000000000036,HIGH,10,10
01_Good,06_Satellite,elongated_angle_std,4,0.72,0.43999999999999995,HIGH,10,10
01_Good,06_Satellite,elongated_angle_std,5,0.675,0.3500000000000001,HIGH,10,10
01_Good,06_Satellite,elongated_radial_alignment,1,0.36,0.28,LOW,10,10
01_Good,06_Satellite,elongated_radial_alignment,2,0.43,0.14,LOW,10,10
01_Good,06_Satellite,elongated_radial_alignment,3,0.47,0.06000000000000005,LOW,10,10
01_Good,06_Satellite,elongated_radial_alignment,4,0.38,0.24,LOW,10,10
01_Good,06_Satellite,elongated_radial_alignment,5,0.22,0.56,LOW,10,10
01_Good,06_Satellite,elongated_star_count,1,0.43,0.14,LOW,10,10
01_Good,06_Satellite,elongated_star_count,2,0.485,0.030000000000000027,LOW,10,10
01_Good,06_Satellite,elongated_star_count,3,0.495,0.010000000000000009,LOW,10,10
01_Good,06_Satellite,elongated_star_count,4,0.43,0.14,LOW,10,10
01_Good,06_Satellite,elongated_star_count,5,0.445,0.10999999999999999,LOW,10,10
01_Good,06_Satellite,elongated_star_ratio,1,0.34,0.31999999999999995,LOW,10,10
01_Good,06_Satellite,elongated_star_ratio,2,0.4,0.19999999999999996,LOW,10,10
01_Good,06_Satellite,elongated_star_ratio,3,0.44,0.12,LOW,10,10
01_Good,06_Satellite,elongated_star_ratio,4,0.3,0.4,LOW,10,10
01_Good,06_Satellite,elongated_star_ratio,5,0.48,0.040000000000000036,LOW,10,10
01_Good,06_Satellite,line_angle_std,1,0.25,0.5,LOW,10,10
01_Good,06_Satellite,line_angle_std,2,0.52,0.040000000000000036,HIGH,10,10
01_Good,06_Satellite,line_angle_std,3,0.22,0.56,LOW,10,10
01_Good,06_Satellite,line_angle_std,4,0.55,0.10000000000000009,HIGH,10,10
01_Good,06_Satellite,line_angle_std,5,0.53,0.06000000000000005,HIGH,10,10
01_Good,06_Satellite,long_line_count,1,0.725,0.44999999999999996,HIGH,10,10
01_Good,06_Satellite,long_line_count,2,0.515,0.030000000000000027,HIGH,10,10
01_Good,06_Satellite,long_line_count,3,0.345,0.31000000000000005,LOW,10,10
01_Good,06_Satellite,long_line_count,4,0.8,0.6000000000000001,HIGH,10,10
01_Good,06_Satellite,long_line_count,5,0.6,0.19999999999999996,HIGH,10,10
01_Good,06_Satellite,longest_line_ratio,1,0.555,0.1100000000000001,HIGH,10,10
01_Good,06_Satellite,longest_line_ratio,2,0.605,0.20999999999999996,HIGH,10,10
01_Good,06_Satellite,longest_line_ratio,3,0.385,0.22999999999999998,LOW,10,10
01_Good,06_Satellite,longest_line_ratio,4,0.51,0.020000000000000018,HIGH,10,10
01_Good,06_Satellite,longest_line_ratio,5,0.605,0.20999999999999996,HIGH,10,10
01_Good,06_Satellite,max_aspect_ratio,1,0.305,0.39,LOW,10,10
01_Good,06_Satellite,max_aspect_ratio,2,0.44,0.12,LOW,10,10
01_Good,06_Satellite,max_aspect_ratio,3,0.49,0.020000000000000018,LOW,10,10
01_Good,06_Satellite,max_aspect_ratio,4,0.425,0.15000000000000002,LOW,10,10
01_Good,06_Satellite,max_aspect_ratio,5,0.465,0.06999999999999995,LOW,10,10
01_Good,06_Satellite,max_streak_area_ratio,1,0.41,0.18000000000000005,LOW,10,10
01_Good,06_Satellite,max_streak_area_ratio,2,0.43,0.14,LOW,10,10
01_Good,06_Satellite,max_streak_area_ratio,3,0.3,0.4,LOW,10,10
01_Good,06_Satellite,max_streak_area_ratio,4,0.36,0.28,LOW,10,10
01_Good,06_Satellite,max_streak_area_ratio,5,0.28,0.43999999999999995,LOW,10,10
01_Good,06_Satellite,max_streak_aspect_ratio,1,0.0,1.0,LOW,10,10
01_Good,06_Satellite,max_streak_aspect_ratio,2,0.1,0.8,LOW,10,10
01_Good,06_Satellite,max_streak_aspect_ratio,3,0.01,0.98,LOW,10,10
01_Good,06_Satellite,max_streak_aspect_ratio,4,0.24,0.52,LOW,10,10
01_Good,06_Satellite,max_streak_aspect_ratio,5,0.01,0.98,LOW,10,10
01_Good,06_Satellite,max_streak_length_ratio,1,0.06,0.88,LOW,10,10
01_Good,06_Satellite,max_streak_length_ratio,2,0.09,0.8200000000000001,LOW,10,10
01_Good,06_Satellite,max_streak_length_ratio,3,0.03,0.94,LOW,10,10
01_Good,06_Satellite,max_streak_length_ratio,4,0.08,0.84,LOW,10,10
01_Good,06_Satellite,max_streak_length_ratio,5,0.02,0.96,LOW,10,10
01_Good,06_Satellite,mean_aspect_ratio,1,0.32,0.36,LOW,10,10
01_Good,06_Satellite,mean_aspect_ratio,2,0.33,0.33999999999999997,LOW,10,10
01_Good,06_Satellite,mean_aspect_ratio,3,0.49,0.020000000000000018,LOW,10,10
01_Good,06_Satellite,mean_aspect_ratio,4,0.3,0.4,LOW,10,10
01_Good,06_Satellite,mean_aspect_ratio,5,0.54,0.08000000000000007,HIGH,10,10
01_Good,06_Satellite,mean_circularity,1,0.57,0.1399999999999999,HIGH,10,10
01_Good,06_Satellite,mean_circularity,2,0.67,0.3400000000000001,HIGH,10,10
01_Good,06_Satellite,mean_circularity,3,0.6,0.19999999999999996,HIGH,10,10
01_Good,06_Satellite,mean_circularity,4,0.64,0.28,HIGH,10,10
01_Good,06_Satellite,mean_circularity,5,0.72,0.43999999999999995,HIGH,10,10
01_Good,06_Satellite,mean_fwhm,1,0.34,0.31999999999999995,LOW,10,10
01_Good,06_Satellite,mean_fwhm,2,0.53,0.06000000000000005,HIGH,10,10
01_Good,06_Satellite,mean_fwhm,3,0.52,0.040000000000000036,HIGH,10,10
01_Good,06_Satellite,mean_fwhm,4,0.3,0.4,LOW,10,10
01_Good,06_Satellite,mean_fwhm,5,0.44,0.12,LOW,10,10
01_Good,06_Satellite,mean_hfr,1,0.33,0.33999999999999997,LOW,10,10
01_Good,06_Satellite,mean_hfr,2,0.46,0.07999999999999996,LOW,10,10
01_Good,06_Satellite,mean_hfr,3,0.43,0.14,LOW,10,10
01_Good,06_Satellite,mean_hfr,4,0.25,0.5,LOW,10,10
01_Good,06_Satellite,mean_hfr,5,0.34,0.31999999999999995,LOW,10,10
01_Good,06_Satellite,mean_hollowness,1,0.5,0.0,NONE,10,10
01_Good,06_Satellite,mean_hollowness,2,0.63,0.26,HIGH,10,10
01_Good,06_Satellite,mean_hollowness,3,0.535,0.07000000000000006,HIGH,10,10
01_Good,06_Satellite,mean_hollowness,4,0.525,0.050000000000000044,HIGH,10,10
01_Good,06_Satellite,mean_hollowness,5,0.695,0.3899999999999999,HIGH,10,10
01_Good,06_Satellite,mean_intensity,1,0.54,0.08000000000000007,HIGH,10,10
01_Good,06_Satellite,mean_intensity,2,0.43,0.14,LOW,10,10
01_Good,06_Satellite,mean_intensity,3,0.64,0.28,HIGH,10,10
01_Good,06_Satellite,mean_intensity,4,0.44,0.12,LOW,10,10
01_Good,06_Satellite,mean_intensity,5,0.51,0.020000000000000018,HIGH,10,10
01_Good,06_Satellite,mean_star_area,1,0.3,0.4,LOW,10,10
01_Good,06_Satellite,mean_star_area,2,0.51,0.020000000000000018,HIGH,10,10
01_Good,06_Satellite,mean_star_area,3,0.47,0.06000000000000005,LOW,10,10
01_Good,06_Satellite,mean_star_area,4,0.45,0.09999999999999998,LOW,10,10
01_Good,06_Satellite,mean_star_area,5,0.46,0.07999999999999996,LOW,10,10
01_Good,06_Satellite,median_eccentricity,1,0.43,0.14,LOW,10,10
01_Good,06_Satellite,median_eccentricity,2,0.27,0.45999999999999996,LOW,10,10
01_Good,06_Satellite,median_eccentricity,3,0.52,0.040000000000000036,HIGH,10,10
01_Good,06_Satellite,median_eccentricity,4,0.51,0.020000000000000018,HIGH,10,10
01_Good,06_Satellite,median_eccentricity,5,0.39,0.21999999999999997,LOW,10,10
01_Good,06_Satellite,median_fwhm,1,0.4,0.19999999999999996,LOW,10,10
01_Good,06_Satellite,median_fwhm,2,0.63,0.26,HIGH,10,10
01_Good,06_Satellite,median_fwhm,3,0.54,0.08000000000000007,HIGH,10,10
01_Good,06_Satellite,median_fwhm,4,0.36,0.28,LOW,10,10
01_Good,06_Satellite,median_fwhm,5,0.49,0.020000000000000018,LOW,10,10
01_Good,06_Satellite,median_fwhm_ratio,1,0.43,0.14,LOW,10,10
01_Good,06_Satellite,median_fwhm_ratio,2,0.3,0.4,LOW,10,10
01_Good,06_Satellite,median_fwhm_ratio,3,0.52,0.040000000000000036,HIGH,10,10
01_Good,06_Satellite,median_fwhm_ratio,4,0.51,0.020000000000000018,HIGH,10,10
01_Good,06_Satellite,median_fwhm_ratio,5,0.39,0.21999999999999997,LOW,10,10
01_Good,06_Satellite,median_hfr,1,0.37,0.26,LOW,10,10
01_Good,06_Satellite,median_hfr,2,0.55,0.10000000000000009,HIGH,10,10
01_Good,06_Satellite,median_hfr,3,0.52,0.040000000000000036,HIGH,10,10
01_Good,06_Satellite,median_hfr,4,0.31,0.38,LOW,10,10
01_Good,06_Satellite,median_hfr,5,0.42,0.16000000000000003,LOW,10,10
01_Good,06_Satellite,saturated_ratio,1,0.66,0.32000000000000006,HIGH,10,10
01_Good,06_Satellite,saturated_ratio,2,0.46,0.07999999999999996,LOW,10,10
01_Good,06_Satellite,saturated_ratio,3,0.51,0.020000000000000018,HIGH,10,10
01_Good,06_Satellite,saturated_ratio,4,0.455,0.08999999999999997,LOW,10,10
01_Good,06_Satellite,saturated_ratio,5,0.355,0.29000000000000004,LOW,10,10
01_Good,06_Satellite,sharpness,1,0.61,0.21999999999999997,HIGH,10,10
01_Good,06_Satellite,sharpness,2,0.49,0.020000000000000018,LOW,10,10
01_Good,06_Satellite,sharpness,3,0.44,0.12,LOW,10,10
01_Good,06_Satellite,sharpness,4,0.48,0.040000000000000036,LOW,10,10
01_Good,06_Satellite,sharpness,5,0.56,0.1200000000000001,HIGH,10,10
01_Good,06_Satellite,star_count,1,0.56,0.1200000000000001,HIGH,10,10
01_Good,06_Satellite,star_count,2,0.5,0.0,NONE,10,10
01_Good,06_Satellite,star_count,3,0.55,0.10000000000000009,HIGH,10,10
01_Good,06_Satellite,star_count,4,0.53,0.06000000000000005,HIGH,10,10
01_Good,06_Satellite,star_count,5,0.41,0.18000000000000005,LOW,10,10
01_Good,06_Satellite,std_intensity,1,0.67,0.3400000000000001,HIGH,10,10
01_Good,06_Satellite,std_intensity,2,0.52,0.040000000000000036,HIGH,10,10
01_Good,06_Satellite,std_intensity,3,0.56,0.1200000000000001,HIGH,10,10
01_Good,06_Satellite,std_intensity,4,0.46,0.07999999999999996,LOW,10,10
01_Good,06_Satellite,std_intensity,5,0.53,0.06000000000000005,HIGH,10,10
01_Good,06_Satellite,streak_count,1,0.15,0.7,LOW,10,10
01_Good,06_Satellite,streak_count,2,0.15,0.7,LOW,10,10
01_Good,06_Satellite,streak_count,3,0.1,0.8,LOW,10,10
01_Good,06_Satellite,streak_count,4,0.15,0.7,LOW,10,10
01_Good,06_Satellite,streak_count,5,0.1,0.8,LOW,10,10
01_Good,06_Satellite,valid_profile_count,1,0.56,0.1200000000000001,HIGH,10,10
01_Good,06_Satellite,valid_profile_count,2,0.5,0.0,NONE,10,10
01_Good,06_Satellite,valid_profile_count,3,0.55,0.10000000000000009,HIGH,10,10
01_Good,06_Satellite,valid_profile_count,4,0.53,0.06000000000000005,HIGH,10,10
01_Good,06_Satellite,valid_profile_count,5,0.41,0.18000000000000005,LOW,10,10
02_Out_of_Focus,03_Tracking_Error,axis_aligned_line_ratio,1,0.52,0.040000000000000036,HIGH,10,10
02_Out_of_Focus,03_Tracking_Error,axis_aligned_line_ratio,2,0.66,0.32000000000000006,HIGH,10,10
02_Out_of_Focus,03_Tracking_Error,axis_aligned_line_ratio,3,0.595,0.18999999999999995,HIGH,10,10
02_Out_of_Focus,03_Tracking_Error,axis_aligned_line_ratio,4,0.68,0.3600000000000001,HIGH,10,10
02_Out_of_Focus,03_Tracking_Error,axis_aligned_line_ratio,5,0.67,0.3400000000000001,HIGH,10,10
02_Out_of_Focus,03_Tracking_Error,background_mad,1,0.195,0.61,LOW,10,10
02_Out_of_Focus,03_Tracking_Error,background_mad,2,0.245,0.51,LOW,10,10
02_Out_of_Focus,03_Tracking_Error,background_mad,3,0.36,0.28,LOW,10,10
02_Out_of_Focus,03_Tracking_Error,background_mad,4,0.255,0.49,LOW,10,10
02_Out_of_Focus,03_Tracking_Error,background_mad,5,0.155,0.69,LOW,10,10
02_Out_of_Focus,03_Tracking_Error,background_median,1,0.225,0.55,LOW,10,10
02_Out_of_Focus,03_Tracking_Error,background_median,2,0.22,0.56,LOW,10,10
02_Out_of_Focus,03_Tracking_Error,background_median,3,0.28,0.43999999999999995,LOW,10,10
02_Out_of_Focus,03_Tracking_Error,background_median,4,0.225,0.55,LOW,10,10
02_Out_of_Focus,03_Tracking_Error,background_median,5,0.16,0.6799999999999999,LOW,10,10
02_Out_of_Focus,03_Tracking_Error,bright_area_ratio,1,0.435,0.13,LOW,10,10
02_Out_of_Focus,03_Tracking_Error,bright_area_ratio,2,0.69,0.3799999999999999,HIGH,10,10
02_Out_of_Focus,03_Tracking_Error,bright_area_ratio,3,0.38,0.24,LOW,10,10
02_Out_of_Focus,03_Tracking_Error,bright_area_ratio,4,0.71,0.41999999999999993,HIGH,10,10
02_Out_of_Focus,03_Tracking_Error,bright_area_ratio,5,0.545,0.09000000000000008,HIGH,10,10
02_Out_of_Focus,03_Tracking_Error,diagonal_line_ratio,1,0.2,0.6,LOW,10,10
02_Out_of_Focus,03_Tracking_Error,diagonal_line_ratio,2,0.18,0.64,LOW,10,10
02_Out_of_Focus,03_Tracking_Error,diagonal_line_ratio,3,0.385,0.22999999999999998,LOW,10,10
02_Out_of_Focus,03_Tracking_Error,diagonal_line_ratio,4,0.31,0.38,LOW,10,10
02_Out_of_Focus,03_Tracking_Error,diagonal_line_ratio,5,0.15,0.7,LOW,10,10
02_Out_of_Focus,03_Tracking_Error,elongated_angle_consistency,1,0.42,0.16000000000000003,LOW,10,10
02_Out_of_Focus,03_Tracking_Error,elongated_angle_consistency,2,0.385,0.22999999999999998,LOW,10,10
02_Out_of_Focus,03_Tracking_Error,elongated_angle_consistency,3,0.39,0.21999999999999997,LOW,10,10
02_Out_of_Focus,03_Tracking_Error,elongated_angle_consistency,4,0.58,0.15999999999999992,HIGH,10,10
02_Out_of_Focus,03_Tracking_Error,elongated_angle_consistency,5,0.48,0.040000000000000036,LOW,10,10
02_Out_of_Focus,03_Tracking_Error,elongated_angle_std,1,0.58,0.15999999999999992,HIGH,10,10
02_Out_of_Focus,03_Tracking_Error,elongated_angle_std,2,0.615,0.22999999999999998,HIGH,10,10
02_Out_of_Focus,03_Tracking_Error,elongated_angle_std,3,0.61,0.21999999999999997,HIGH,10,10
02_Out_of_Focus,03_Tracking_Error,elongated_angle_std,4,0.42,0.16000000000000003,LOW,10,10
02_Out_of_Focus,03_Tracking_Error,elongated_angle_std,5,0.52,0.040000000000000036,HIGH,10,10
02_Out_of_Focus,03_Tracking_Error,elongated_radial_alignment,1,0.4,0.19999999999999996,LOW,10,10
02_Out_of_Focus,03_Tracking_Error,elongated_radial_alignment,2,0.59,0.17999999999999994,HIGH,10,10
02_Out_of_Focus,03_Tracking_Error,elongated_radial_alignment,3,0.4,0.19999999999999996,LOW,10,10
02_Out_of_Focus,03_Tracking_Error,elongated_radial_alignment,4,0.49,0.020000000000000018,LOW,10,10
02_Out_of_Focus,03_Tracking_Error,elongated_radial_alignment,5,0.57,0.1399999999999999,HIGH,10,10
02_Out_of_Focus,03_Tracking_Error,elongated_star_count,1,0.415,0.17000000000000004,LOW,10,10
02_Out_of_Focus,03_Tracking_Error,elongated_star_count,2,0.565,0.1299999999999999,HIGH,10,10
02_Out_of_Focus,03_Tracking_Error,elongated_star_count,3,0.355,0.29000000000000004,LOW,10,10
02_Out_of_Focus,03_Tracking_Error,elongated_star_count,4,0.645,0.29000000000000004,HIGH,10,10
02_Out_of_Focus,03_Tracking_Error,elongated_star_count,5,0.495,0.010000000000000009,LOW,10,10
02_Out_of_Focus,03_Tracking_Error,elongated_star_ratio,1,0.68,0.3600000000000001,HIGH,10,10
02_Out_of_Focus,03_Tracking_Error,elongated_star_ratio,2,0.565,0.1299999999999999,HIGH,10,10
02_Out_of_Focus,03_Tracking_Error,elongated_star_ratio,3,0.525,0.050000000000000044,HIGH,10,10
02_Out_of_Focus,03_Tracking_Error,elongated_star_ratio,4,0.6,0.19999999999999996,HIGH,10,10
02_Out_of_Focus,03_Tracking_Error,elongated_star_ratio,5,0.63,0.26,HIGH,10,10
02_Out_of_Focus,03_Tracking_Error,line_angle_std,1,0.54,0.08000000000000007,HIGH,10,10
02_Out_of_Focus,03_Tracking_Error,line_angle_std,2,0.62,0.24,HIGH,10,10
02_Out_of_Focus,03_Tracking_Error,line_angle_std,3,0.605,0.20999999999999996,HIGH,10,10
02_Out_of_Focus,03_Tracking_Error,line_angle_std,4,0.47,0.06000000000000005,LOW,10,10
02_Out_of_Focus,03_Tracking_Error,line_angle_std,5,0.62,0.24,HIGH,10,10
02_Out_of_Focus,03_Tracking_Error,long_line_count,1,0.57,0.1399999999999999,HIGH,10,10
02_Out_of_Focus,03_Tracking_Error,long_line_count,2,0.475,0.050000000000000044,LOW,10,10
02_Out_of_Focus,03_Tracking_Error,long_line_count,3,0.635,0.27,HIGH,10,10
02_Out_of_Focus,03_Tracking_Error,long_line_count,4,0.595,0.18999999999999995,HIGH,10,10
02_Out_of_Focus,03_Tracking_Error,long_line_count,5,0.475,0.050000000000000044,LOW,10,10
02_Out_of_Focus,03_Tracking_Error,longest_line_ratio,1,0.445,0.10999999999999999,LOW,10,10
02_Out_of_Focus,03_Tracking_Error,longest_line_ratio,2,0.33,0.33999999999999997,LOW,10,10
02_Out_of_Focus,03_Tracking_Error,longest_line_ratio,3,0.435,0.13,LOW,10,10
02_Out_of_Focus,03_Tracking_Error,longest_line_ratio,4,0.495,0.010000000000000009,LOW,10,10
02_Out_of_Focus,03_Tracking_Error,longest_line_ratio,5,0.29,0.42000000000000004,LOW,10,10
02_Out_of_Focus,03_Tracking_Error,max_aspect_ratio,1,0.495,0.010000000000000009,LOW,10,10
02_Out_of_Focus,03_Tracking_Error,max_aspect_ratio,2,0.725,0.44999999999999996,HIGH,10,10
02_Out_of_Focus,03_Tracking_Error,max_aspect_ratio,3,0.45,0.09999999999999998,LOW,10,10
02_Out_of_Focus,03_Tracking_Error,max_aspect_ratio,4,0.635,0.27,HIGH,10,10
02_Out_of_Focus,03_Tracking_Error,max_aspect_ratio,5,0.515,0.030000000000000027,HIGH,10,10
02_Out_of_Focus,03_Tracking_Error,max_streak_area_ratio,1,0.44,0.12,LOW,10,10
02_Out_of_Focus,03_Tracking_Error,max_streak_area_ratio,2,0.49,0.020000000000000018,LOW,10,10
02_Out_of_Focus,03_Tracking_Error,max_streak_area_ratio,3,0.55,0.10000000000000009,HIGH,10,10
02_Out_of_Focus,03_Tracking_Error,max_streak_area_ratio,4,0.36,0.28,LOW,10,10
02_Out_of_Focus,03_Tracking_Error,max_streak_area_ratio,5,0.49,0.020000000000000018,LOW,10,10
02_Out_of_Focus,03_Tracking_Error,max_streak_aspect_ratio,1,0.25,0.5,LOW,10,10
02_Out_of_Focus,03_Tracking_Error,max_streak_aspect_ratio,2,0.07,0.86,LOW,10,10
02_Out_of_Focus,03_Tracking_Error,max_streak_aspect_ratio,3,0.27,0.45999999999999996,LOW,10,10
02_Out_of_Focus,03_Tracking_Error,max_streak_aspect_ratio,4,0.21,0.5800000000000001,LOW,10,10
02_Out_of_Focus,03_Tracking_Error,max_streak_aspect_ratio,5,0.43,0.14,LOW,10,10
02_Out_of_Focus,03_Tracking_Error,max_streak_length_ratio,1,0.28,0.43999999999999995,LOW,10,10
02_Out_of_Focus,03_Tracking_Error,max_streak_length_ratio,2,0.26,0.48,LOW,10,10
02_Out_of_Focus,03_Tracking_Error,max_streak_length_ratio,3,0.4,0.19999999999999996,LOW,10,10
02_Out_of_Focus,03_Tracking_Error,max_streak_length_ratio,4,0.23,0.54,LOW,10,10
02_Out_of_Focus,03_Tracking_Error,max_streak_length_ratio,5,0.33,0.33999999999999997,LOW,10,10
02_Out_of_Focus,03_Tracking_Error,mean_aspect_ratio,1,0.655,0.31000000000000005,HIGH,10,10
02_Out_of_Focus,03_Tracking_Error,mean_aspect_ratio,2,0.6,0.19999999999999996,HIGH,10,10
02_Out_of_Focus,03_Tracking_Error,mean_aspect_ratio,3,0.51,0.020000000000000018,HIGH,10,10
02_Out_of_Focus,03_Tracking_Error,mean_aspect_ratio,4,0.54,0.08000000000000007,HIGH,10,10
02_Out_of_Focus,03_Tracking_Error,mean_aspect_ratio,5,0.495,0.010000000000000009,LOW,10,10
02_Out_of_Focus,03_Tracking_Error,mean_circularity,1,0.295,0.41000000000000003,LOW,10,10
02_Out_of_Focus,03_Tracking_Error,mean_circularity,2,0.58,0.15999999999999992,HIGH,10,10
02_Out_of_Focus,03_Tracking_Error,mean_circularity,3,0.35,0.30000000000000004,LOW,10,10
02_Out_of_Focus,03_Tracking_Error,mean_circularity,4,0.46,0.07999999999999996,LOW,10,10
02_Out_of_Focus,03_Tracking_Error,mean_circularity,5,0.375,0.25,LOW,10,10
02_Out_of_Focus,03_Tracking_Error,mean_fwhm,1,0.495,0.010000000000000009,LOW,10,10
02_Out_of_Focus,03_Tracking_Error,mean_fwhm,2,0.53,0.06000000000000005,HIGH,10,10
02_Out_of_Focus,03_Tracking_Error,mean_fwhm,3,0.41,0.18000000000000005,LOW,10,10
02_Out_of_Focus,03_Tracking_Error,mean_fwhm,4,0.6,0.19999999999999996,HIGH,10,10
02_Out_of_Focus,03_Tracking_Error,mean_fwhm,5,0.3,0.4,LOW,10,10
02_Out_of_Focus,03_Tracking_Error,mean_hfr,1,0.375,0.25,LOW,10,10
02_Out_of_Focus,03_Tracking_Error,mean_hfr,2,0.37,0.26,LOW,10,10
02_Out_of_Focus,03_Tracking_Error,mean_hfr,3,0.37,0.26,LOW,10,10
02_Out_of_Focus,03_Tracking_Error,mean_hfr,4,0.6,0.19999999999999996,HIGH,10,10
02_Out_of_Focus,03_Tracking_Error,mean_hfr,5,0.21,0.5800000000000001,LOW,10,10
02_Out_of_Focus,03_Tracking_Error,mean_hollowness,1,0.6,0.19999999999999996,HIGH,10,10
02_Out_of_Focus,03_Tracking_Error,mean_hollowness,2,0.82,0.6399999999999999,HIGH,10,10
02_Out_of_Focus,03_Tracking_Error,mean_hollowness,3,0.63,0.26,HIGH,10,10
02_Out_of_Focus,03_Tracking_Error,mean_hollowness,4,0.69,0.3799999999999999,HIGH,10,10
02_Out_of_Focus,03_Tracking_Error,mean_hollowness,5,0.695,0.3899999999999999,HIGH,10,10
02_Out_of_Focus,03_Tracking_Error,mean_intensity,1,0.2,0.6,LOW,10,10
02_Out_of_Focus,03_Tracking_Error,mean_intensity,2,0.21,0.5800000000000001,LOW,10,10
02_Out_of_Focus,03_Tracking_Error,mean_intensity,3,0.28,0.43999999999999995,LOW,10,10
02_Out_of_Focus,03_Tracking_Error,mean_intensity,4,0.23,0.54,LOW,10,10
02_Out_of_Focus,03_Tracking_Error,mean_intensity,5,0.16,0.6799999999999999,LOW,10,10
02_Out_of_Focus,03_Tracking_Error,mean_star_area,1,0.545,0.09000000000000008,HIGH,10,10
02_Out_of_Focus,03_Tracking_Error,mean_star_area,2,0.61,0.21999999999999997,HIGH,10,10
02_Out_of_Focus,03_Tracking_Error,mean_star_area,3,0.49,0.020000000000000018,LOW,10,10
02_Out_of_Focus,03_Tracking_Error,mean_star_area,4,0.64,0.28,HIGH,10,10
02_Out_of_Focus,03_Tracking_Error,mean_star_area,5,0.445,0.10999999999999999,LOW,10,10
02_Out_of_Focus,03_Tracking_Error,median_eccentricity,1,0.545,0.09000000000000008,HIGH,10,10
02_Out_of_Focus,03_Tracking_Error,median_eccentricity,2,0.49,0.020000000000000018,LOW,10,10
02_Out_of_Focus,03_Tracking_Error,median_eccentricity,3,0.37,0.26,LOW,10,10
02_Out_of_Focus,03_Tracking_Error,median_eccentricity,4,0.62,0.24,HIGH,10,10
02_Out_of_Focus,03_Tracking_Error,median_eccentricity,5,0.73,0.45999999999999996,HIGH,10,10
02_Out_of_Focus,03_Tracking_Error,median_fwhm,1,0.495,0.010000000000000009,LOW,10,10
02_Out_of_Focus,03_Tracking_Error,median_fwhm,2,0.65,0.30000000000000004,HIGH,10,10
02_Out_of_Focus,03_Tracking_Error,median_fwhm,3,0.47,0.06000000000000005,LOW,10,10
02_Out_of_Focus,03_Tracking_Error,median_fwhm,4,0.65,0.30000000000000004,HIGH,10,10
02_Out_of_Focus,03_Tracking_Error,median_fwhm,5,0.33,0.33999999999999997,LOW,10,10
02_Out_of_Focus,03_Tracking_Error,median_fwhm_ratio,1,0.585,0.16999999999999993,HIGH,10,10
02_Out_of_Focus,03_Tracking_Error,median_fwhm_ratio,2,0.49,0.020000000000000018,LOW,10,10
02_Out_of_Focus,03_Tracking_Error,median_fwhm_ratio,3,0.37,0.26,LOW,10,10
02_Out_of_Focus,03_Tracking_Error,median_fwhm_ratio,4,0.62,0.24,HIGH,10,10
02_Out_of_Focus,03_Tracking_Error,median_fwhm_ratio,5,0.73,0.45999999999999996,HIGH,10,10
02_Out_of_Focus,03_Tracking_Error,median_hfr,1,0.375,0.25,LOW,10,10
02_Out_of_Focus,03_Tracking_Error,median_hfr,2,0.47,0.06000000000000005,LOW,10,10
02_Out_of_Focus,03_Tracking_Error,median_hfr,3,0.4,0.19999999999999996,LOW,10,10
02_Out_of_Focus,03_Tracking_Error,median_hfr,4,0.59,0.17999999999999994,HIGH,10,10
02_Out_of_Focus,03_Tracking_Error,median_hfr,5,0.23,0.54,LOW,10,10
02_Out_of_Focus,03_Tracking_Error,saturated_ratio,1,0.235,0.53,LOW,10,10
02_Out_of_Focus,03_Tracking_Error,saturated_ratio,2,0.4,0.19999999999999996,LOW,10,10
02_Out_of_Focus,03_Tracking_Error,saturated_ratio,3,0.35,0.30000000000000004,LOW,10,10
02_Out_of_Focus,03_Tracking_Error,saturated_ratio,4,0.28,0.43999999999999995,LOW,10,10
02_Out_of_Focus,03_Tracking_Error,saturated_ratio,5,0.3,0.4,LOW,10,10
02_Out_of_Focus,03_Tracking_Error,sharpness,1,0.3,0.4,LOW,10,10
02_Out_of_Focus,03_Tracking_Error,sharpness,2,0.17,0.6599999999999999,LOW,10,10
02_Out_of_Focus,03_Tracking_Error,sharpness,3,0.43,0.14,LOW,10,10
02_Out_of_Focus,03_Tracking_Error,sharpness,4,0.26,0.48,LOW,10,10
02_Out_of_Focus,03_Tracking_Error,sharpness,5,0.16,0.6799999999999999,LOW,10,10
02_Out_of_Focus,03_Tracking_Error,star_count,1,0.305,0.39,LOW,10,10
02_Out_of_Focus,03_Tracking_Error,star_count,2,0.61,0.21999999999999997,HIGH,10,10
02_Out_of_Focus,03_Tracking_Error,star_count,3,0.25,0.5,LOW,10,10
02_Out_of_Focus,03_Tracking_Error,star_count,4,0.6,0.19999999999999996,HIGH,10,10
02_Out_of_Focus,03_Tracking_Error,star_count,5,0.44,0.12,LOW,10,10
02_Out_of_Focus,03_Tracking_Error,std_intensity,1,0.2,0.6,LOW,10,10
02_Out_of_Focus,03_Tracking_Error,std_intensity,2,0.24,0.52,LOW,10,10
02_Out_of_Focus,03_Tracking_Error,std_intensity,3,0.33,0.33999999999999997,LOW,10,10
02_Out_of_Focus,03_Tracking_Error,std_intensity,4,0.21,0.5800000000000001,LOW,10,10
02_Out_of_Focus,03_Tracking_Error,std_intensity,5,0.17,0.6599999999999999,LOW,10,10
02_Out_of_Focus,03_Tracking_Error,streak_count,1,0.4,0.19999999999999996,LOW,10,10
02_Out_of_Focus,03_Tracking_Error,streak_count,2,0.45,0.09999999999999998,LOW,10,10
02_Out_of_Focus,03_Tracking_Error,streak_count,3,0.45,0.09999999999999998,LOW,10,10
02_Out_of_Focus,03_Tracking_Error,streak_count,4,0.45,0.09999999999999998,LOW,10,10
02_Out_of_Focus,03_Tracking_Error,streak_count,5,0.5,0.0,NONE,10,10
02_Out_of_Focus,03_Tracking_Error,valid_profile_count,1,0.305,0.39,LOW,10,10
02_Out_of_Focus,03_Tracking_Error,valid_profile_count,2,0.61,0.21999999999999997,HIGH,10,10
02_Out_of_Focus,03_Tracking_Error,valid_profile_count,3,0.25,0.5,LOW,10,10
02_Out_of_Focus,03_Tracking_Error,valid_profile_count,4,0.6,0.19999999999999996,HIGH,10,10
02_Out_of_Focus,03_Tracking_Error,valid_profile_count,5,0.44,0.12,LOW,10,10
02_Out_of_Focus,04_Over_Saturated,axis_aligned_line_ratio,1,0.445,0.10999999999999999,LOW,10,10
02_Out_of_Focus,04_Over_Saturated,axis_aligned_line_ratio,2,0.58,0.15999999999999992,HIGH,10,10
02_Out_of_Focus,04_Over_Saturated,axis_aligned_line_ratio,3,0.525,0.050000000000000044,HIGH,10,10
02_Out_of_Focus,04_Over_Saturated,axis_aligned_line_ratio,4,0.415,0.17000000000000004,LOW,10,10
02_Out_of_Focus,04_Over_Saturated,axis_aligned_line_ratio,5,0.81,0.6200000000000001,HIGH,10,10
02_Out_of_Focus,04_Over_Saturated,background_mad,1,0.805,0.6100000000000001,HIGH,10,10
02_Out_of_Focus,04_Over_Saturated,background_mad,2,0.93,0.8600000000000001,HIGH,10,10
02_Out_of_Focus,04_Over_Saturated,background_mad,3,0.895,0.79,HIGH,10,10
02_Out_of_Focus,04_Over_Saturated,background_mad,4,0.795,0.5900000000000001,HIGH,10,10
02_Out_of_Focus,04_Over_Saturated,background_mad,5,0.77,0.54,HIGH,10,10
02_Out_of_Focus,04_Over_Saturated,background_median,1,0.86,0.72,HIGH,10,10
02_Out_of_Focus,04_Over_Saturated,background_median,2,0.92,0.8400000000000001,HIGH,10,10
02_Out_of_Focus,04_Over_Saturated,background_median,3,0.89,0.78,HIGH,10,10
02_Out_of_Focus,04_Over_Saturated,background_median,4,0.83,0.6599999999999999,HIGH,10,10
02_Out_of_Focus,04_Over_Saturated,background_median,5,0.77,0.54,HIGH,10,10
02_Out_of_Focus,04_Over_Saturated,bright_area_ratio,1,0.06,0.88,LOW,10,10
02_Out_of_Focus,04_Over_Saturated,bright_area_ratio,2,0.34,0.31999999999999995,LOW,10,10
02_Out_of_Focus,04_Over_Saturated,bright_area_ratio,3,0.22,0.56,LOW,10,10
02_Out_of_Focus,04_Over_Saturated,bright_area_ratio,4,0.28,0.43999999999999995,LOW,10,10
02_Out_of_Focus,04_Over_Saturated,bright_area_ratio,5,0.36,0.28,LOW,10,10
02_Out_of_Focus,04_Over_Saturated,diagonal_line_ratio,1,0.63,0.26,HIGH,10,10
02_Out_of_Focus,04_Over_Saturated,diagonal_line_ratio,2,0.4,0.19999999999999996,LOW,10,10
02_Out_of_Focus,04_Over_Saturated,diagonal_line_ratio,3,0.775,0.55,HIGH,10,10
02_Out_of_Focus,04_Over_Saturated,diagonal_line_ratio,4,0.78,0.56,HIGH,10,10
02_Out_of_Focus,04_Over_Saturated,diagonal_line_ratio,5,0.6,0.19999999999999996,HIGH,10,10
02_Out_of_Focus,04_Over_Saturated,elongated_angle_consistency,1,0.4,0.19999999999999996,LOW,10,10
02_Out_of_Focus,04_Over_Saturated,elongated_angle_consistency,2,0.49,0.020000000000000018,LOW,10,10
02_Out_of_Focus,04_Over_Saturated,elongated_angle_consistency,3,0.41,0.18000000000000005,LOW,10,10
02_Out_of_Focus,04_Over_Saturated,elongated_angle_consistency,4,0.66,0.32000000000000006,HIGH,10,10
02_Out_of_Focus,04_Over_Saturated,elongated_angle_consistency,5,0.38,0.24,LOW,10,10
02_Out_of_Focus,04_Over_Saturated,elongated_angle_std,1,0.6,0.19999999999999996,HIGH,10,10
02_Out_of_Focus,04_Over_Saturated,elongated_angle_std,2,0.51,0.020000000000000018,HIGH,10,10
02_Out_of_Focus,04_Over_Saturated,elongated_angle_std,3,0.59,0.17999999999999994,HIGH,10,10
02_Out_of_Focus,04_Over_Saturated,elongated_angle_std,4,0.34,0.31999999999999995,LOW,10,10
02_Out_of_Focus,04_Over_Saturated,elongated_angle_std,5,0.62,0.24,HIGH,10,10
02_Out_of_Focus,04_Over_Saturated,elongated_radial_alignment,1,0.27,0.45999999999999996,LOW,10,10
02_Out_of_Focus,04_Over_Saturated,elongated_radial_alignment,2,0.54,0.08000000000000007,HIGH,10,10
02_Out_of_Focus,04_Over_Saturated,elongated_radial_alignment,3,0.5,0.0,NONE,10,10
02_Out_of_Focus,04_Over_Saturated,elongated_radial_alignment,4,0.39,0.21999999999999997,LOW,10,10
02_Out_of_Focus,04_Over_Saturated,elongated_radial_alignment,5,0.27,0.45999999999999996,LOW,10,10
02_Out_of_Focus,04_Over_Saturated,elongated_star_count,1,0.345,0.31000000000000005,LOW,10,10
02_Out_of_Focus,04_Over_Saturated,elongated_star_count,2,0.37,0.26,LOW,10,10
02_Out_of_Focus,04_Over_Saturated,elongated_star_count,3,0.37,0.26,LOW,10,10
02_Out_of_Focus,04_Over_Saturated,elongated_star_count,4,0.625,0.25,HIGH,10,10
02_Out_of_Focus,04_Over_Saturated,elongated_star_count,5,0.365,0.27,LOW,10,10
02_Out_of_Focus,04_Over_Saturated,elongated_star_ratio,1,0.78,0.56,HIGH,10,10
02_Out_of_Focus,04_Over_Saturated,elongated_star_ratio,2,0.85,0.7,HIGH,10,10
02_Out_of_Focus,04_Over_Saturated,elongated_star_ratio,3,0.71,0.41999999999999993,HIGH,10,10
02_Out_of_Focus,04_Over_Saturated,elongated_star_ratio,4,0.77,0.54,HIGH,10,10
02_Out_of_Focus,04_Over_Saturated,elongated_star_ratio,5,0.74,0.48,HIGH,10,10
02_Out_of_Focus,04_Over_Saturated,line_angle_std,1,0.535,0.07000000000000006,HIGH,10,10
02_Out_of_Focus,04_Over_Saturated,line_angle_std,2,0.77,0.54,HIGH,10,10
02_Out_of_Focus,04_Over_Saturated,line_angle_std,3,0.805,0.6100000000000001,HIGH,10,10
02_Out_of_Focus,04_Over_Saturated,line_angle_std,4,0.72,0.43999999999999995,HIGH,10,10
02_Out_of_Focus,04_Over_Saturated,line_angle_std,5,0.6,0.19999999999999996,HIGH,10,10
02_Out_of_Focus,04_Over_Saturated,long_line_count,1,0.735,0.47,HIGH,10,10
02_Out_of_Focus,04_Over_Saturated,long_line_count,2,0.76,0.52,HIGH,10,10
02_Out_of_Focus,04_Over_Saturated,long_line_count,3,0.875,0.75,HIGH,10,10
02_Out_of_Focus,04_Over_Saturated,long_line_count,4,0.67,0.3400000000000001,HIGH,10,10
02_Out_of_Focus,04_Over_Saturated,long_line_count,5,0.7,0.3999999999999999,HIGH,10,10
02_Out_of_Focus,04_Over_Saturated,longest_line_ratio,1,0.735,0.47,HIGH,10,10
02_Out_of_Focus,04_Over_Saturated,longest_line_ratio,2,0.725,0.44999999999999996,HIGH,10,10
02_Out_of_Focus,04_Over_Saturated,longest_line_ratio,3,0.88,0.76,HIGH,10,10
02_Out_of_Focus,04_Over_Saturated,longest_line_ratio,4,0.71,0.41999999999999993,HIGH,10,10
02_Out_of_Focus,04_Over_Saturated,longest_line_ratio,5,0.72,0.43999999999999995,HIGH,10,10
02_Out_of_Focus,04_Over_Saturated,max_aspect_ratio,1,0.13,0.74,LOW,10,10
02_Out_of_Focus,04_Over_Saturated,max_aspect_ratio,2,0.315,0.37,LOW,10,10
02_Out_of_Focus,04_Over_Saturated,max_aspect_ratio,3,0.275,0.44999999999999996,LOW,10,10
02_Out_of_Focus,04_Over_Saturated,max_aspect_ratio,4,0.26,0.48,LOW,10,10
02_Out_of_Focus,04_Over_Saturated,max_aspect_ratio,5,0.395,0.20999999999999996,LOW,10,10
02_Out_of_Focus,04_Over_Saturated,max_streak_area_ratio,1,0.6,0.19999999999999996,HIGH,10,10
02_Out_of_Focus,04_Over_Saturated,max_streak_area_ratio,2,0.52,0.040000000000000036,HIGH,10,10
02_Out_of_Focus,04_Over_Saturated,max_streak_area_ratio,3,0.5,0.0,NONE,10,10
02_Out_of_Focus,04_Over_Saturated,max_streak_area_ratio,4,0.47,0.06000000000000005,LOW,10,10
02_Out_of_Focus,04_Over_Saturated,max_streak_area_ratio,5,0.61,0.21999999999999997,HIGH,10,10
02_Out_of_Focus,04_Over_Saturated,max_streak_aspect_ratio,1,0.365,0.27,LOW,10,10
02_Out_of_Focus,04_Over_Saturated,max_streak_aspect_ratio,2,0.1,0.8,LOW,10,10
02_Out_of_Focus,04_Over_Saturated,max_streak_aspect_ratio,3,0.33,0.33999999999999997,LOW,10,10
02_Out_of_Focus,04_Over_Saturated,max_streak_aspect_ratio,4,0.31,0.38,LOW,10,10
02_Out_of_Focus,04_Over_Saturated,max_streak_aspect_ratio,5,0.64,0.28,HIGH,10,10
02_Out_of_Focus,04_Over_Saturated,max_streak_length_ratio,1,0.31,0.38,LOW,10,10
02_Out_of_Focus,04_Over_Saturated,max_streak_length_ratio,2,0.32,0.36,LOW,10,10
02_Out_of_Focus,04_Over_Saturated,max_streak_length_ratio,3,0.35,0.30000000000000004,LOW,10,10
02_Out_of_Focus,04_Over_Saturated,max_streak_length_ratio,4,0.22,0.56,LOW,10,10
02_Out_of_Focus,04_Over_Saturated,max_streak_length_ratio,5,0.4,0.19999999999999996,LOW,10,10
02_Out_of_Focus,04_Over_Saturated,mean_aspect_ratio,1,0.71,0.41999999999999993,HIGH,10,10
02_Out_of_Focus,04_Over_Saturated,mean_aspect_ratio,2,0.74,0.48,HIGH,10,10
02_Out_of_Focus,04_Over_Saturated,mean_aspect_ratio,3,0.5,0.0,NONE,10,10
02_Out_of_Focus,04_Over_Saturated,mean_aspect_ratio,4,0.58,0.15999999999999992,HIGH,10,10
02_Out_of_Focus,04_Over_Saturated,mean_aspect_ratio,5,0.68,0.3600000000000001,HIGH,10,10
02_Out_of_Focus,04_Over_Saturated,mean_circularity,1,0.01,0.98,LOW,10,10
02_Out_of_Focus,04_Over_Saturated,mean_circularity,2,0.26,0.48,LOW,10,10
02_Out_of_Focus,04_Over_Saturated,mean_circularity,3,0.12,0.76,LOW,10,10
02_Out_of_Focus,04_Over_Saturated,mean_circularity,4,0.1,0.8,LOW,10,10
02_Out_of_Focus,04_Over_Saturated,mean_circularity,5,0.14,0.72,LOW,10,10
02_Out_of_Focus,04_Over_Saturated,mean_fwhm,1,0.72,0.43999999999999995,HIGH,10,10
02_Out_of_Focus,04_Over_Saturated,mean_fwhm,2,0.85,0.7,HIGH,10,10
02_Out_of_Focus,04_Over_Saturated,mean_fwhm,3,0.69,0.3799999999999999,HIGH,10,10
02_Out_of_Focus,04_Over_Saturated,mean_fwhm,4,0.73,0.45999999999999996,HIGH,10,10
02_Out_of_Focus,04_Over_Saturated,mean_fwhm,5,0.47,0.06000000000000005,LOW,10,10
02_Out_of_Focus,04_Over_Saturated,mean_hfr,1,0.84,0.6799999999999999,HIGH,10,10
02_Out_of_Focus,04_Over_Saturated,mean_hfr,2,0.87,0.74,HIGH,10,10
02_Out_of_Focus,04_Over_Saturated,mean_hfr,3,0.75,0.5,HIGH,10,10
02_Out_of_Focus,04_Over_Saturated,mean_hfr,4,0.75,0.5,HIGH,10,10
02_Out_of_Focus,04_Over_Saturated,mean_hfr,5,0.6,0.19999999999999996,HIGH,10,10
02_Out_of_Focus,04_Over_Saturated,mean_hollowness,1,0.55,0.10000000000000009,HIGH,10,10
02_Out_of_Focus,04_Over_Saturated,mean_hollowness,2,0.83,0.6599999999999999,HIGH,10,10
02_Out_of_Focus,04_Over_Saturated,mean_hollowness,3,0.605,0.20999999999999996,HIGH,10,10
02_Out_of_Focus,04_Over_Saturated,mean_hollowness,4,0.58,0.15999999999999992,HIGH,10,10
02_Out_of_Focus,04_Over_Saturated,mean_hollowness,5,0.545,0.09000000000000008,HIGH,10,10
02_Out_of_Focus,04_Over_Saturated,mean_intensity,1,0.81,0.6200000000000001,HIGH,10,10
02_Out_of_Focus,04_Over_Saturated,mean_intensity,2,0.93,0.8600000000000001,HIGH,10,10
02_Out_of_Focus,04_Over_Saturated,mean_intensity,3,0.9,0.8,HIGH,10,10
02_Out_of_Focus,04_Over_Saturated,mean_intensity,4,0.82,0.6399999999999999,HIGH,10,10
02_Out_of_Focus,04_Over_Saturated,mean_intensity,5,0.78,0.56,HIGH,10,10
02_Out_of_Focus,04_Over_Saturated,mean_star_area,1,0.59,0.17999999999999994,HIGH,10,10
02_Out_of_Focus,04_Over_Saturated,mean_star_area,2,0.76,0.52,HIGH,10,10
02_Out_of_Focus,04_Over_Saturated,mean_star_area,3,0.51,0.020000000000000018,HIGH,10,10
02_Out_of_Focus,04_Over_Saturated,mean_star_area,4,0.56,0.1200000000000001,HIGH,10,10
02_Out_of_Focus,04_Over_Saturated,mean_star_area,5,0.42,0.16000000000000003,LOW,10,10
02_Out_of_Focus,04_Over_Saturated,median_eccentricity,1,0.16,0.6799999999999999,LOW,10,10
02_Out_of_Focus,04_Over_Saturated,median_eccentricity,2,0.17,0.6599999999999999,LOW,10,10
02_Out_of_Focus,04_Over_Saturated,median_eccentricity,3,0.14,0.72,LOW,10,10
02_Out_of_Focus,04_Over_Saturated,median_eccentricity,4,0.29,0.42000000000000004,LOW,10,10
02_Out_of_Focus,04_Over_Saturated,median_eccentricity,5,0.28,0.43999999999999995,LOW,10,10
02_Out_of_Focus,04_Over_Saturated,median_fwhm,1,0.81,0.6200000000000001,HIGH,10,10
02_Out_of_Focus,04_Over_Saturated,median_fwhm,2,0.9,0.8,HIGH,10,10
02_Out_of_Focus,04_Over_Saturated,median_fwhm,3,0.71,0.41999999999999993,HIGH,10,10
02_Out_of_Focus,04_Over_Saturated,median_fwhm,4,0.78,0.56,HIGH,10,10
02_Out_of_Focus,04_Over_Saturated,median_fwhm,5,0.64,0.28,HIGH,10,10
02_Out_of_Focus,04_Over_Saturated,median_fwhm_ratio,1,0.25,0.5,LOW,10,10
02_Out_of_Focus,04_Over_Saturated,median_fwhm_ratio,2,0.17,0.6599999999999999,LOW,10,10
02_Out_of_Focus,04_Over_Saturated,median_fwhm_ratio,3,0.14,0.72,LOW,10,10
02_Out_of_Focus,04_Over_Saturated,median_fwhm_ratio,4,0.29,0.42000000000000004,LOW,10,10
02_Out_of_Focus,04_Over_Saturated,median_fwhm_ratio,5,0.29,0.42000000000000004,LOW,10,10
02_Out_of_Focus,04_Over_Saturated,median_hfr,1,0.87,0.74,HIGH,10,10
02_Out_of_Focus,04_Over_Saturated,median_hfr,2,0.9,0.8,HIGH,10,10
02_Out_of_Focus,04_Over_Saturated,median_hfr,3,0.75,0.5,HIGH,10,10
02_Out_of_Focus,04_Over_Saturated,median_hfr,4,0.74,0.48,HIGH,10,10
02_Out_of_Focus,04_Over_Saturated,median_hfr,5,0.72,0.43999999999999995,HIGH,10,10
02_Out_of_Focus,04_Over_Saturated,saturated_ratio,1,0.815,0.6299999999999999,HIGH,10,10
02_Out_of_Focus,04_Over_Saturated,saturated_ratio,2,0.7,0.3999999999999999,HIGH,10,10
02_Out_of_Focus,04_Over_Saturated,saturated_ratio,3,0.7,0.3999999999999999,HIGH,10,10
02_Out_of_Focus,04_Over_Saturated,saturated_ratio,4,0.67,0.3400000000000001,HIGH,10,10
02_Out_of_Focus,04_Over_Saturated,saturated_ratio,5,0.635,0.27,HIGH,10,10
02_Out_of_Focus,04_Over_Saturated,sharpness,1,0.83,0.6599999999999999,HIGH,10,10
02_Out_of_Focus,04_Over_Saturated,sharpness,2,0.74,0.48,HIGH,10,10
02_Out_of_Focus,04_Over_Saturated,sharpness,3,0.87,0.74,HIGH,10,10
02_Out_of_Focus,04_Over_Saturated,sharpness,4,0.79,0.5800000000000001,HIGH,10,10
02_Out_of_Focus,04_Over_Saturated,sharpness,5,0.72,0.43999999999999995,HIGH,10,10
02_Out_of_Focus,04_Over_Saturated,star_count,1,0.04,0.92,LOW,10,10
02_Out_of_Focus,04_Over_Saturated,star_count,2,0.185,0.63,LOW,10,10
02_Out_of_Focus,04_Over_Saturated,star_count,3,0.18,0.64,LOW,10,10
02_Out_of_Focus,04_Over_Saturated,star_count,4,0.24,0.52,LOW,10,10
02_Out_of_Focus,04_Over_Saturated,star_count,5,0.21,0.5800000000000001,LOW,10,10
02_Out_of_Focus,04_Over_Saturated,std_intensity,1,0.67,0.3400000000000001,HIGH,10,10
02_Out_of_Focus,04_Over_Saturated,std_intensity,2,0.69,0.3799999999999999,HIGH,10,10
02_Out_of_Focus,04_Over_Saturated,std_intensity,3,0.8,0.6000000000000001,HIGH,10,10
02_Out_of_Focus,04_Over_Saturated,std_intensity,4,0.76,0.52,HIGH,10,10
02_Out_of_Focus,04_Over_Saturated,std_intensity,5,0.8,0.6000000000000001,HIGH,10,10
02_Out_of_Focus,04_Over_Saturated,streak_count,1,0.4,0.19999999999999996,LOW,10,10
02_Out_of_Focus,04_Over_Saturated,streak_count,2,0.35,0.30000000000000004,LOW,10,10
02_Out_of_Focus,04_Over_Saturated,streak_count,3,0.35,0.30000000000000004,LOW,10,10
02_Out_of_Focus,04_Over_Saturated,streak_count,4,0.35,0.30000000000000004,LOW,10,10
02_Out_of_Focus,04_Over_Saturated,streak_count,5,0.5,0.0,NONE,10,10
02_Out_of_Focus,04_Over_Saturated,valid_profile_count,1,0.04,0.92,LOW,10,10
02_Out_of_Focus,04_Over_Saturated,valid_profile_count,2,0.185,0.63,LOW,10,10
02_Out_of_Focus,04_Over_Saturated,valid_profile_count,3,0.18,0.64,LOW,10,10
02_Out_of_Focus,04_Over_Saturated,valid_profile_count,4,0.24,0.52,LOW,10,10
02_Out_of_Focus,04_Over_Saturated,valid_profile_count,5,0.21,0.5800000000000001,LOW,10,10
02_Out_of_Focus,05_No_Star,axis_aligned_line_ratio,1,0.53,0.06000000000000005,HIGH,10,10
02_Out_of_Focus,05_No_Star,axis_aligned_line_ratio,2,0.69,0.3799999999999999,HIGH,10,10
02_Out_of_Focus,05_No_Star,axis_aligned_line_ratio,3,0.6,0.19999999999999996,HIGH,10,10
02_Out_of_Focus,05_No_Star,axis_aligned_line_ratio,4,0.59,0.17999999999999994,HIGH,10,10
02_Out_of_Focus,05_No_Star,axis_aligned_line_ratio,5,0.57,0.1399999999999999,HIGH,10,10
02_Out_of_Focus,05_No_Star,background_mad,1,0.0,1.0,LOW,10,10
02_Out_of_Focus,05_No_Star,background_mad,2,0.05,0.9,LOW,10,10
02_Out_of_Focus,05_No_Star,background_mad,3,0.0,1.0,LOW,10,10
02_Out_of_Focus,05_No_Star,background_mad,4,0.04,0.92,LOW,10,10
02_Out_of_Focus,05_No_Star,background_mad,5,0.055,0.89,LOW,10,10
02_Out_of_Focus,05_No_Star,background_median,1,0.0,1.0,LOW,10,10
02_Out_of_Focus,05_No_Star,background_median,2,0.0,1.0,LOW,10,10
02_Out_of_Focus,05_No_Star,background_median,3,0.0,1.0,LOW,10,10
02_Out_of_Focus,05_No_Star,background_median,4,0.0,1.0,LOW,10,10
02_Out_of_Focus,05_No_Star,background_median,5,0.02,0.96,LOW,10,10
02_Out_of_Focus,05_No_Star,bright_area_ratio,1,0.945,0.8899999999999999,HIGH,10,10
02_Out_of_Focus,05_No_Star,bright_area_ratio,2,1.0,1.0,HIGH,10,10
02_Out_of_Focus,05_No_Star,bright_area_ratio,3,0.97,0.94,HIGH,10,10
02_Out_of_Focus,05_No_Star,bright_area_ratio,4,0.92,0.8400000000000001,HIGH,10,10
02_Out_of_Focus,05_No_Star,bright_area_ratio,5,0.925,0.8500000000000001,HIGH,10,10
02_Out_of_Focus,05_No_Star,diagonal_line_ratio,1,0.2,0.6,LOW,10,10
02_Out_of_Focus,05_No_Star,diagonal_line_ratio,2,0.11,0.78,LOW,10,10
02_Out_of_Focus,05_No_Star,diagonal_line_ratio,3,0.325,0.35,LOW,10,10
02_Out_of_Focus,05_No_Star,diagonal_line_ratio,4,0.24,0.52,LOW,10,10
02_Out_of_Focus,05_No_Star,diagonal_line_ratio,5,0.18,0.64,LOW,10,10
02_Out_of_Focus,05_No_Star,elongated_angle_consistency,1,0.8,0.6000000000000001,HIGH,10,10
02_Out_of_Focus,05_No_Star,elongated_angle_consistency,2,0.95,0.8999999999999999,HIGH,10,10
02_Out_of_Focus,05_No_Star,elongated_angle_consistency,3,0.8,0.6000000000000001,HIGH,10,10
02_Out_of_Focus,05_No_Star,elongated_angle_consistency,4,0.9,0.8,HIGH,10,10
02_Out_of_Focus,05_No_Star,elongated_angle_consistency,5,0.8,0.6000000000000001,HIGH,10,10
02_Out_of_Focus,05_No_Star,elongated_angle_std,1,0.2,0.6,LOW,10,10
02_Out_of_Focus,05_No_Star,elongated_angle_std,2,0.05,0.9,LOW,10,10
02_Out_of_Focus,05_No_Star,elongated_angle_std,3,0.2,0.6,LOW,10,10
02_Out_of_Focus,05_No_Star,elongated_angle_std,4,0.1,0.8,LOW,10,10
02_Out_of_Focus,05_No_Star,elongated_angle_std,5,0.2,0.6,LOW,10,10
02_Out_of_Focus,05_No_Star,elongated_radial_alignment,1,0.9,0.8,HIGH,10,10
02_Out_of_Focus,05_No_Star,elongated_radial_alignment,2,0.95,0.8999999999999999,HIGH,10,10
02_Out_of_Focus,05_No_Star,elongated_radial_alignment,3,0.9,0.8,HIGH,10,10
02_Out_of_Focus,05_No_Star,elongated_radial_alignment,4,0.9,0.8,HIGH,10,10
02_Out_of_Focus,05_No_Star,elongated_radial_alignment,5,0.9,0.8,HIGH,10,10
02_Out_of_Focus,05_No_Star,elongated_star_count,1,0.9,0.8,HIGH,10,10
02_Out_of_Focus,05_No_Star,elongated_star_count,2,0.95,0.8999999999999999,HIGH,10,10
02_Out_of_Focus,05_No_Star,elongated_star_count,3,0.9,0.8,HIGH,10,10
02_Out_of_Focus,05_No_Star,elongated_star_count,4,0.9,0.8,HIGH,10,10
02_Out_of_Focus,05_No_Star,elongated_star_count,5,0.9,0.8,HIGH,10,10
02_Out_of_Focus,05_No_Star,elongated_star_ratio,1,0.9,0.8,HIGH,10,10
02_Out_of_Focus,05_No_Star,elongated_star_ratio,2,0.95,0.8999999999999999,HIGH,10,10
02_Out_of_Focus,05_No_Star,elongated_star_ratio,3,0.9,0.8,HIGH,10,10
02_Out_of_Focus,05_No_Star,elongated_star_ratio,4,0.9,0.8,HIGH,10,10
02_Out_of_Focus,05_No_Star,elongated_star_ratio,5,0.9,0.8,HIGH,10,10
02_Out_of_Focus,05_No_Star,line_angle_std,1,0.46,0.07999999999999996,LOW,10,10
02_Out_of_Focus,05_No_Star,line_angle_std,2,0.68,0.3600000000000001,HIGH,10,10
02_Out_of_Focus,05_No_Star,line_angle_std,3,0.51,0.020000000000000018,HIGH,10,10
02_Out_of_Focus,05_No_Star,line_angle_std,4,0.4,0.19999999999999996,LOW,10,10
02_Out_of_Focus,05_No_Star,line_angle_std,5,0.63,0.26,HIGH,10,10
02_Out_of_Focus,05_No_Star,long_line_count,1,0.6,0.19999999999999996,HIGH,10,10
02_Out_of_Focus,05_No_Star,long_line_count,2,0.49,0.020000000000000018,LOW,10,10
02_Out_of_Focus,05_No_Star,long_line_count,3,0.535,0.07000000000000006,HIGH,10,10
02_Out_of_Focus,05_No_Star,long_line_count,4,0.675,0.3500000000000001,HIGH,10,10
02_Out_of_Focus,05_No_Star,long_line_count,5,0.54,0.08000000000000007,HIGH,10,10
02_Out_of_Focus,05_No_Star,longest_line_ratio,1,0.39,0.21999999999999997,LOW,10,10
02_Out_of_Focus,05_No_Star,longest_line_ratio,2,0.165,0.6699999999999999,LOW,10,10
02_Out_of_Focus,05_No_Star,longest_line_ratio,3,0.28,0.43999999999999995,LOW,10,10
02_Out_of_Focus,05_No_Star,longest_line_ratio,4,0.405,0.18999999999999995,LOW,10,10
02_Out_of_Focus,05_No_Star,longest_line_ratio,5,0.11,0.78,LOW,10,10
02_Out_of_Focus,05_No_Star,max_aspect_ratio,1,0.945,0.8899999999999999,HIGH,10,10
02_Out_of_Focus,05_No_Star,max_aspect_ratio,2,1.0,1.0,HIGH,10,10
02_Out_of_Focus,05_No_Star,max_aspect_ratio,3,0.925,0.8500000000000001,HIGH,10,10
02_Out_of_Focus,05_No_Star,max_aspect_ratio,4,0.925,0.8500000000000001,HIGH,10,10
02_Out_of_Focus,05_No_Star,max_aspect_ratio,5,0.93,0.8600000000000001,HIGH,10,10
02_Out_of_Focus,05_No_Star,max_streak_area_ratio,1,0.75,0.5,HIGH,10,10
02_Out_of_Focus,05_No_Star,max_streak_area_ratio,2,0.64,0.28,HIGH,10,10
02_Out_of_Focus,05_No_Star,max_streak_area_ratio,3,0.62,0.24,HIGH,10,10
02_Out_of_Focus,05_No_Star,max_streak_area_ratio,4,0.86,0.72,HIGH,10,10
02_Out_of_Focus,05_No_Star,max_streak_area_ratio,5,0.63,0.26,HIGH,10,10
02_Out_of_Focus,05_No_Star,max_streak_aspect_ratio,1,0.4,0.19999999999999996,LOW,10,10
02_Out_of_Focus,05_No_Star,max_streak_aspect_ratio,2,0.085,0.83,LOW,10,10
02_Out_of_Focus,05_No_Star,max_streak_aspect_ratio,3,0.13,0.74,LOW,10,10
02_Out_of_Focus,05_No_Star,max_streak_aspect_ratio,4,0.14,0.72,LOW,10,10
02_Out_of_Focus,05_No_Star,max_streak_aspect_ratio,5,0.51,0.020000000000000018,HIGH,10,10
02_Out_of_Focus,05_No_Star,max_streak_length_ratio,1,0.61,0.21999999999999997,HIGH,10,10
02_Out_of_Focus,05_No_Star,max_streak_length_ratio,2,0.47,0.06000000000000005,LOW,10,10
02_Out_of_Focus,05_No_Star,max_streak_length_ratio,3,0.58,0.15999999999999992,HIGH,10,10
02_Out_of_Focus,05_No_Star,max_streak_length_ratio,4,0.81,0.6200000000000001,HIGH,10,10
02_Out_of_Focus,05_No_Star,max_streak_length_ratio,5,0.59,0.17999999999999994,HIGH,10,10
02_Out_of_Focus,05_No_Star,mean_aspect_ratio,1,0.945,0.8899999999999999,HIGH,10,10
02_Out_of_Focus,05_No_Star,mean_aspect_ratio,2,1.0,1.0,HIGH,10,10
02_Out_of_Focus,05_No_Star,mean_aspect_ratio,3,0.915,0.8300000000000001,HIGH,10,10
02_Out_of_Focus,05_No_Star,mean_aspect_ratio,4,0.865,0.73,HIGH,10,10
02_Out_of_Focus,05_No_Star,mean_aspect_ratio,5,0.93,0.8600000000000001,HIGH,10,10
02_Out_of_Focus,05_No_Star,mean_circularity,1,0.855,0.71,HIGH,10,10
02_Out_of_Focus,05_No_Star,mean_circularity,2,0.84,0.6799999999999999,HIGH,10,10
02_Out_of_Focus,05_No_Star,mean_circularity,3,0.705,0.4099999999999999,HIGH,10,10
02_Out_of_Focus,05_No_Star,mean_circularity,4,0.79,0.5800000000000001,HIGH,10,10
02_Out_of_Focus,05_No_Star,mean_circularity,5,0.785,0.5700000000000001,HIGH,10,10
02_Out_of_Focus,05_No_Star,mean_fwhm,1,0.935,0.8700000000000001,HIGH,10,10
02_Out_of_Focus,05_No_Star,mean_fwhm,2,0.99,0.98,HIGH,10,10
02_Out_of_Focus,05_No_Star,mean_fwhm,3,0.905,0.81,HIGH,10,10
02_Out_of_Focus,05_No_Star,mean_fwhm,4,0.92,0.8400000000000001,HIGH,10,10
02_Out_of_Focus,05_No_Star,mean_fwhm,5,0.87,0.74,HIGH,10,10
02_Out_of_Focus,05_No_Star,mean_hfr,1,0.925,0.8500000000000001,HIGH,10,10
02_Out_of_Focus,05_No_Star,mean_hfr,2,0.99,0.98,HIGH,10,10
02_Out_of_Focus,05_No_Star,mean_hfr,3,0.885,0.77,HIGH,10,10
02_Out_of_Focus,05_No_Star,mean_hfr,4,0.92,0.8400000000000001,HIGH,10,10
02_Out_of_Focus,05_No_Star,mean_hfr,5,0.86,0.72,HIGH,10,10
02_Out_of_Focus,05_No_Star,mean_hollowness,1,0.94,0.8799999999999999,HIGH,10,10
02_Out_of_Focus,05_No_Star,mean_hollowness,2,0.99,0.98,HIGH,10,10
02_Out_of_Focus,05_No_Star,mean_hollowness,3,0.92,0.8400000000000001,HIGH,10,10
02_Out_of_Focus,05_No_Star,mean_hollowness,4,0.92,0.8400000000000001,HIGH,10,10
02_Out_of_Focus,05_No_Star,mean_hollowness,5,0.93,0.8600000000000001,HIGH,10,10
02_Out_of_Focus,05_No_Star,mean_intensity,1,0.0,1.0,LOW,10,10
02_Out_of_Focus,05_No_Star,mean_intensity,2,0.0,1.0,LOW,10,10
02_Out_of_Focus,05_No_Star,mean_intensity,3,0.0,1.0,LOW,10,10
02_Out_of_Focus,05_No_Star,mean_intensity,4,0.0,1.0,LOW,10,10
02_Out_of_Focus,05_No_Star,mean_intensity,5,0.01,0.98,LOW,10,10
02_Out_of_Focus,05_No_Star,mean_star_area,1,0.935,0.8700000000000001,HIGH,10,10
02_Out_of_Focus,05_No_Star,mean_star_area,2,1.0,1.0,HIGH,10,10
02_Out_of_Focus,05_No_Star,mean_star_area,3,0.925,0.8500000000000001,HIGH,10,10
02_Out_of_Focus,05_No_Star,mean_star_area,4,0.92,0.8400000000000001,HIGH,10,10
02_Out_of_Focus,05_No_Star,mean_star_area,5,0.905,0.81,HIGH,10,10
02_Out_of_Focus,05_No_Star,median_eccentricity,1,0.925,0.8500000000000001,HIGH,10,10
02_Out_of_Focus,05_No_Star,median_eccentricity,2,0.99,0.98,HIGH,10,10
02_Out_of_Focus,05_No_Star,median_eccentricity,3,0.885,0.77,HIGH,10,10
02_Out_of_Focus,05_No_Star,median_eccentricity,4,0.88,0.76,HIGH,10,10
02_Out_of_Focus,05_No_Star,median_eccentricity,5,0.92,0.8400000000000001,HIGH,10,10
02_Out_of_Focus,05_No_Star,median_fwhm,1,0.925,0.8500000000000001,HIGH,10,10
02_Out_of_Focus,05_No_Star,median_fwhm,2,0.98,0.96,HIGH,10,10
02_Out_of_Focus,05_No_Star,median_fwhm,3,0.815,0.6299999999999999,HIGH,10,10
02_Out_of_Focus,05_No_Star,median_fwhm,4,0.92,0.8400000000000001,HIGH,10,10
02_Out_of_Focus,05_No_Star,median_fwhm,5,0.88,0.76,HIGH,10,10
02_Out_of_Focus,05_No_Star,median_fwhm_ratio,1,0.925,0.8500000000000001,HIGH,10,10
02_Out_of_Focus,05_No_Star,median_fwhm_ratio,2,0.99,0.98,HIGH,10,10
02_Out_of_Focus,05_No_Star,median_fwhm_ratio,3,0.885,0.77,HIGH,10,10
02_Out_of_Focus,05_No_Star,median_fwhm_ratio,4,0.88,0.76,HIGH,10,10
02_Out_of_Focus,05_No_Star,median_fwhm_ratio,5,0.92,0.8400000000000001,HIGH,10,10
02_Out_of_Focus,05_No_Star,median_hfr,1,0.905,0.81,HIGH,10,10
02_Out_of_Focus,05_No_Star,median_hfr,2,0.97,0.94,HIGH,10,10
02_Out_of_Focus,05_No_Star,median_hfr,3,0.815,0.6299999999999999,HIGH,10,10
02_Out_of_Focus,05_No_Star,median_hfr,4,0.88,0.76,HIGH,10,10
02_Out_of_Focus,05_No_Star,median_hfr,5,0.84,0.6799999999999999,HIGH,10,10
02_Out_of_Focus,05_No_Star,saturated_ratio,1,0.03,0.94,LOW,10,10
02_Out_of_Focus,05_No_Star,saturated_ratio,2,0.06,0.88,LOW,10,10
02_Out_of_Focus,05_No_Star,saturated_ratio,3,0.04,0.92,LOW,10,10
02_Out_of_Focus,05_No_Star,saturated_ratio,4,0.06,0.88,LOW,10,10
02_Out_of_Focus,05_No_Star,saturated_ratio,5,0.05,0.9,LOW,10,10
02_Out_of_Focus,05_No_Star,sharpness,1,0.02,0.96,LOW,10,10
02_Out_of_Focus,05_No_Star,sharpness,2,0.04,0.92,LOW,10,10
02_Out_of_Focus,05_No_Star,sharpness,3,0.1,0.8,LOW,10,10
02_Out_of_Focus,05_No_Star,sharpness,4,0.0,1.0,LOW,10,10
02_Out_of_Focus,05_No_Star,sharpness,5,0.06,0.88,LOW,10,10
02_Out_of_Focus,05_No_Star,star_count,1,0.94,0.8799999999999999,HIGH,10,10
02_Out_of_Focus,05_No_Star,star_count,2,1.0,1.0,HIGH,10,10
02_Out_of_Focus,05_No_Star,star_count,3,0.935,0.8700000000000001,HIGH,10,10
02_Out_of_Focus,05_No_Star,star_count,4,0.925,0.8500000000000001,HIGH,10,10
02_Out_of_Focus,05_No_Star,star_count,5,0.93,0.8600000000000001,HIGH,10,10
02_Out_of_Focus,05_No_Star,std_intensity,1,0.0,1.0,LOW,10,10
02_Out_of_Focus,05_No_Star,std_intensity,2,0.0,1.0,LOW,10,10
02_Out_of_Focus,05_No_Star,std_intensity,3,0.0,1.0,LOW,10,10
02_Out_of_Focus,05_No_Star,std_intensity,4,0.0,1.0,LOW,10,10
02_Out_of_Focus,05_No_Star,std_intensity,5,0.0,1.0,LOW,10,10
02_Out_of_Focus,05_No_Star,streak_count,1,0.5,0.0,NONE,10,10
02_Out_of_Focus,05_No_Star,streak_count,2,0.5,0.0,NONE,10,10
02_Out_of_Focus,05_No_Star,streak_count,3,0.5,0.0,NONE,10,10
02_Out_of_Focus,05_No_Star,streak_count,4,0.5,0.0,NONE,10,10
02_Out_of_Focus,05_No_Star,streak_count,5,0.5,0.0,NONE,10,10
02_Out_of_Focus,05_No_Star,valid_profile_count,1,0.94,0.8799999999999999,HIGH,10,10
02_Out_of_Focus,05_No_Star,valid_profile_count,2,1.0,1.0,HIGH,10,10
02_Out_of_Focus,05_No_Star,valid_profile_count,3,0.935,0.8700000000000001,HIGH,10,10
02_Out_of_Focus,05_No_Star,valid_profile_count,4,0.925,0.8500000000000001,HIGH,10,10
02_Out_of_Focus,05_No_Star,valid_profile_count,5,0.93,0.8600000000000001,HIGH,10,10
02_Out_of_Focus,06_Satellite,axis_aligned_line_ratio,1,0.45,0.09999999999999998,LOW,10,10
02_Out_of_Focus,06_Satellite,axis_aligned_line_ratio,2,0.65,0.30000000000000004,HIGH,10,10
02_Out_of_Focus,06_Satellite,axis_aligned_line_ratio,3,0.52,0.040000000000000036,HIGH,10,10
02_Out_of_Focus,06_Satellite,axis_aligned_line_ratio,4,0.65,0.30000000000000004,HIGH,10,10
02_Out_of_Focus,06_Satellite,axis_aligned_line_ratio,5,0.52,0.040000000000000036,HIGH,10,10
02_Out_of_Focus,06_Satellite,background_mad,1,0.065,0.87,LOW,10,10
02_Out_of_Focus,06_Satellite,background_mad,2,0.32,0.36,LOW,10,10
02_Out_of_Focus,06_Satellite,background_mad,3,0.165,0.6699999999999999,LOW,10,10
02_Out_of_Focus,06_Satellite,background_mad,4,0.33,0.33999999999999997,LOW,10,10
02_Out_of_Focus,06_Satellite,background_mad,5,0.28,0.43999999999999995,LOW,10,10
02_Out_of_Focus,06_Satellite,background_median,1,0.07,0.86,LOW,10,10
02_Out_of_Focus,06_Satellite,background_median,2,0.23,0.54,LOW,10,10
02_Out_of_Focus,06_Satellite,background_median,3,0.185,0.63,LOW,10,10
02_Out_of_Focus,06_Satellite,background_median,4,0.255,0.49,LOW,10,10
02_Out_of_Focus,06_Satellite,background_median,5,0.265,0.47,LOW,10,10
02_Out_of_Focus,06_Satellite,bright_area_ratio,1,0.44,0.12,LOW,10,10
02_Out_of_Focus,06_Satellite,bright_area_ratio,2,0.64,0.28,HIGH,10,10
02_Out_of_Focus,06_Satellite,bright_area_ratio,3,0.49,0.020000000000000018,LOW,10,10
02_Out_of_Focus,06_Satellite,bright_area_ratio,4,0.59,0.17999999999999994,HIGH,10,10
02_Out_of_Focus,06_Satellite,bright_area_ratio,5,0.44,0.12,LOW,10,10
02_Out_of_Focus,06_Satellite,diagonal_line_ratio,1,0.27,0.45999999999999996,LOW,10,10
02_Out_of_Focus,06_Satellite,diagonal_line_ratio,2,0.15,0.7,LOW,10,10
02_Out_of_Focus,06_Satellite,diagonal_line_ratio,3,0.36,0.28,LOW,10,10
02_Out_of_Focus,06_Satellite,diagonal_line_ratio,4,0.32,0.36,LOW,10,10
02_Out_of_Focus,06_Satellite,diagonal_line_ratio,5,0.28,0.43999999999999995,LOW,10,10
02_Out_of_Focus,06_Satellite,elongated_angle_consistency,1,0.33,0.33999999999999997,LOW,10,10
02_Out_of_Focus,06_Satellite,elongated_angle_consistency,2,0.19,0.62,LOW,10,10
02_Out_of_Focus,06_Satellite,elongated_angle_consistency,3,0.47,0.06000000000000005,LOW,10,10
02_Out_of_Focus,06_Satellite,elongated_angle_consistency,4,0.36,0.28,LOW,10,10
02_Out_of_Focus,06_Satellite,elongated_angle_consistency,5,0.36,0.28,LOW,10,10
02_Out_of_Focus,06_Satellite,elongated_angle_std,1,0.67,0.3400000000000001,HIGH,10,10
02_Out_of_Focus,06_Satellite,elongated_angle_std,2,0.81,0.6200000000000001,HIGH,10,10
02_Out_of_Focus,06_Satellite,elongated_angle_std,3,0.53,0.06000000000000005,HIGH,10,10
02_Out_of_Focus,06_Satellite,elongated_angle_std,4,0.64,0.28,HIGH,10,10
02_Out_of_Focus,06_Satellite,elongated_angle_std,5,0.64,0.28,HIGH,10,10
02_Out_of_Focus,06_Satellite,elongated_radial_alignment,1,0.34,0.31999999999999995,LOW,10,10
02_Out_of_Focus,06_Satellite,elongated_radial_alignment,2,0.48,0.040000000000000036,LOW,10,10
02_Out_of_Focus,06_Satellite,elongated_radial_alignment,3,0.48,0.040000000000000036,LOW,10,10
02_Out_of_Focus,06_Satellite,elongated_radial_alignment,4,0.3,0.4,LOW,10,10
02_Out_of_Focus,06_Satellite,elongated_radial_alignment,5,0.34,0.31999999999999995,LOW,10,10
02_Out_of_Focus,06_Satellite,elongated_star_count,1,0.555,0.1100000000000001,HIGH,10,10
02_Out_of_Focus,06_Satellite,elongated_star_count,2,0.56,0.1200000000000001,HIGH,10,10
02_Out_of_Focus,06_Satellite,elongated_star_count,3,0.465,0.06999999999999995,LOW,10,10
02_Out_of_Focus,06_Satellite,elongated_star_count,4,0.49,0.020000000000000018,LOW,10,10
02_Out_of_Focus,06_Satellite,elongated_star_count,5,0.48,0.040000000000000036,LOW,10,10
02_Out_of_Focus,06_Satellite,elongated_star_ratio,1,0.73,0.45999999999999996,HIGH,10,10
02_Out_of_Focus,06_Satellite,elongated_star_ratio,2,0.59,0.17999999999999994,HIGH,10,10
02_Out_of_Focus,06_Satellite,elongated_star_ratio,3,0.47,0.06000000000000005,LOW,10,10
02_Out_of_Focus,06_Satellite,elongated_star_ratio,4,0.5,0.0,NONE,10,10
02_Out_of_Focus,06_Satellite,elongated_star_ratio,5,0.7,0.3999999999999999,HIGH,10,10
02_Out_of_Focus,06_Satellite,line_angle_std,1,0.4,0.19999999999999996,LOW,10,10
02_Out_of_Focus,06_Satellite,line_angle_std,2,0.68,0.3600000000000001,HIGH,10,10
02_Out_of_Focus,06_Satellite,line_angle_std,3,0.48,0.040000000000000036,LOW,10,10
02_Out_of_Focus,06_Satellite,line_angle_std,4,0.47,0.06000000000000005,LOW,10,10
02_Out_of_Focus,06_Satellite,line_angle_std,5,0.53,0.06000000000000005,HIGH,10,10
02_Out_of_Focus,06_Satellite,long_line_count,1,0.6,0.19999999999999996,HIGH,10,10
02_Out_of_Focus,06_Satellite,long_line_count,2,0.455,0.08999999999999997,LOW,10,10
02_Out_of_Focus,06_Satellite,long_line_count,3,0.38,0.24,LOW,10,10
02_Out_of_Focus,06_Satellite,long_line_count,4,0.545,0.09000000000000008,HIGH,10,10
02_Out_of_Focus,06_Satellite,long_line_count,5,0.5,0.0,NONE,10,10
02_Out_of_Focus,06_Satellite,longest_line_ratio,1,0.405,0.18999999999999995,LOW,10,10
02_Out_of_Focus,06_Satellite,longest_line_ratio,2,0.445,0.10999999999999999,LOW,10,10
02_Out_of_Focus,06_Satellite,longest_line_ratio,3,0.36,0.28,LOW,10,10
02_Out_of_Focus,06_Satellite,longest_line_ratio,4,0.485,0.030000000000000027,LOW,10,10
02_Out_of_Focus,06_Satellite,longest_line_ratio,5,0.37,0.26,LOW,10,10
02_Out_of_Focus,06_Satellite,max_aspect_ratio,1,0.33,0.33999999999999997,LOW,10,10
02_Out_of_Focus,06_Satellite,max_aspect_ratio,2,0.505,0.010000000000000009,HIGH,10,10
02_Out_of_Focus,06_Satellite,max_aspect_ratio,3,0.43,0.14,LOW,10,10
02_Out_of_Focus,06_Satellite,max_aspect_ratio,4,0.425,0.15000000000000002,LOW,10,10
02_Out_of_Focus,06_Satellite,max_aspect_ratio,5,0.49,0.020000000000000018,LOW,10,10
02_Out_of_Focus,06_Satellite,max_streak_area_ratio,1,0.32,0.36,LOW,10,10
02_Out_of_Focus,06_Satellite,max_streak_area_ratio,2,0.3,0.4,LOW,10,10
02_Out_of_Focus,06_Satellite,max_streak_area_ratio,3,0.23,0.54,LOW,10,10
02_Out_of_Focus,06_Satellite,max_streak_area_ratio,4,0.25,0.5,LOW,10,10
02_Out_of_Focus,06_Satellite,max_streak_area_ratio,5,0.11,0.78,LOW,10,10
02_Out_of_Focus,06_Satellite,max_streak_aspect_ratio,1,0.0,1.0,LOW,10,10
02_Out_of_Focus,06_Satellite,max_streak_aspect_ratio,2,0.09,0.8200000000000001,LOW,10,10
02_Out_of_Focus,06_Satellite,max_streak_aspect_ratio,3,0.0,1.0,LOW,10,10
02_Out_of_Focus,06_Satellite,max_streak_aspect_ratio,4,0.17,0.6599999999999999,LOW,10,10
02_Out_of_Focus,06_Satellite,max_streak_aspect_ratio,5,0.03,0.94,LOW,10,10
02_Out_of_Focus,06_Satellite,max_streak_length_ratio,1,0.0,1.0,LOW,10,10
02_Out_of_Focus,06_Satellite,max_streak_length_ratio,2,0.05,0.9,LOW,10,10
02_Out_of_Focus,06_Satellite,max_streak_length_ratio,3,0.01,0.98,LOW,10,10
02_Out_of_Focus,06_Satellite,max_streak_length_ratio,4,0.03,0.94,LOW,10,10
02_Out_of_Focus,06_Satellite,max_streak_length_ratio,5,0.0,1.0,LOW,10,10
02_Out_of_Focus,06_Satellite,mean_aspect_ratio,1,0.64,0.28,HIGH,10,10
02_Out_of_Focus,06_Satellite,mean_aspect_ratio,2,0.57,0.1399999999999999,HIGH,10,10
02_Out_of_Focus,06_Satellite,mean_aspect_ratio,3,0.43,0.14,LOW,10,10
02_Out_of_Focus,06_Satellite,mean_aspect_ratio,4,0.47,0.06000000000000005,LOW,10,10
02_Out_of_Focus,06_Satellite,mean_aspect_ratio,5,0.57,0.1399999999999999,HIGH,10,10
02_Out_of_Focus,06_Satellite,mean_circularity,1,0.12,0.76,LOW,10,10
02_Out_of_Focus,06_Satellite,mean_circularity,2,0.37,0.26,LOW,10,10
02_Out_of_Focus,06_Satellite,mean_circularity,3,0.3,0.4,LOW,10,10
02_Out_of_Focus,06_Satellite,mean_circularity,4,0.28,0.43999999999999995,LOW,10,10
02_Out_of_Focus,06_Satellite,mean_circularity,5,0.34,0.31999999999999995,LOW,10,10
02_Out_of_Focus,06_Satellite,mean_fwhm,1,0.43,0.14,LOW,10,10
02_Out_of_Focus,06_Satellite,mean_fwhm,2,0.52,0.040000000000000036,HIGH,10,10
02_Out_of_Focus,06_Satellite,mean_fwhm,3,0.38,0.24,LOW,10,10
02_Out_of_Focus,06_Satellite,mean_fwhm,4,0.39,0.21999999999999997,LOW,10,10
02_Out_of_Focus,06_Satellite,mean_fwhm,5,0.31,0.38,LOW,10,10
02_Out_of_Focus,06_Satellite,mean_hfr,1,0.26,0.48,LOW,10,10
02_Out_of_Focus,06_Satellite,mean_hfr,2,0.39,0.21999999999999997,LOW,10,10
02_Out_of_Focus,06_Satellite,mean_hfr,3,0.24,0.52,LOW,10,10
02_Out_of_Focus,06_Satellite,mean_hfr,4,0.27,0.45999999999999996,LOW,10,10
02_Out_of_Focus,06_Satellite,mean_hfr,5,0.25,0.5,LOW,10,10
02_Out_of_Focus,06_Satellite,mean_hollowness,1,0.68,0.3600000000000001,HIGH,10,10
02_Out_of_Focus,06_Satellite,mean_hollowness,2,0.91,0.8200000000000001,HIGH,10,10
02_Out_of_Focus,06_Satellite,mean_hollowness,3,0.725,0.44999999999999996,HIGH,10,10
02_Out_of_Focus,06_Satellite,mean_hollowness,4,0.67,0.3400000000000001,HIGH,10,10
02_Out_of_Focus,06_Satellite,mean_hollowness,5,0.745,0.49,HIGH,10,10
02_Out_of_Focus,06_Satellite,mean_intensity,1,0.08,0.84,LOW,10,10
02_Out_of_Focus,06_Satellite,mean_intensity,2,0.26,0.48,LOW,10,10
02_Out_of_Focus,06_Satellite,mean_intensity,3,0.18,0.64,LOW,10,10
02_Out_of_Focus,06_Satellite,mean_intensity,4,0.28,0.43999999999999995,LOW,10,10
02_Out_of_Focus,06_Satellite,mean_intensity,5,0.27,0.45999999999999996,LOW,10,10
02_Out_of_Focus,06_Satellite,mean_star_area,1,0.49,0.020000000000000018,LOW,10,10
02_Out_of_Focus,06_Satellite,mean_star_area,2,0.54,0.08000000000000007,HIGH,10,10
02_Out_of_Focus,06_Satellite,mean_star_area,3,0.41,0.18000000000000005,LOW,10,10
02_Out_of_Focus,06_Satellite,mean_star_area,4,0.47,0.06000000000000005,LOW,10,10
02_Out_of_Focus,06_Satellite,mean_star_area,5,0.41,0.18000000000000005,LOW,10,10
02_Out_of_Focus,06_Satellite,median_eccentricity,1,0.74,0.48,HIGH,10,10
02_Out_of_Focus,06_Satellite,median_eccentricity,2,0.63,0.26,HIGH,10,10
02_Out_of_Focus,06_Satellite,median_eccentricity,3,0.53,0.06000000000000005,HIGH,10,10
02_Out_of_Focus,06_Satellite,median_eccentricity,4,0.73,0.45999999999999996,HIGH,10,10
02_Out_of_Focus,06_Satellite,median_eccentricity,5,0.56,0.1200000000000001,HIGH,10,10
02_Out_of_Focus,06_Satellite,median_fwhm,1,0.48,0.040000000000000036,LOW,10,10
02_Out_of_Focus,06_Satellite,median_fwhm,2,0.67,0.3400000000000001,HIGH,10,10
02_Out_of_Focus,06_Satellite,median_fwhm,3,0.43,0.14,LOW,10,10
02_Out_of_Focus,06_Satellite,median_fwhm,4,0.51,0.020000000000000018,HIGH,10,10
02_Out_of_Focus,06_Satellite,median_fwhm,5,0.37,0.26,LOW,10,10
02_Out_of_Focus,06_Satellite,median_fwhm_ratio,1,0.75,0.5,HIGH,10,10
02_Out_of_Focus,06_Satellite,median_fwhm_ratio,2,0.63,0.26,HIGH,10,10
02_Out_of_Focus,06_Satellite,median_fwhm_ratio,3,0.53,0.06000000000000005,HIGH,10,10
02_Out_of_Focus,06_Satellite,median_fwhm_ratio,4,0.73,0.45999999999999996,HIGH,10,10
02_Out_of_Focus,06_Satellite,median_fwhm_ratio,5,0.57,0.1399999999999999,HIGH,10,10
02_Out_of_Focus,06_Satellite,median_hfr,1,0.32,0.36,LOW,10,10
02_Out_of_Focus,06_Satellite,median_hfr,2,0.45,0.09999999999999998,LOW,10,10
02_Out_of_Focus,06_Satellite,median_hfr,3,0.29,0.42000000000000004,LOW,10,10
02_Out_of_Focus,06_Satellite,median_hfr,4,0.35,0.30000000000000004,LOW,10,10
02_Out_of_Focus,06_Satellite,median_hfr,5,0.34,0.31999999999999995,LOW,10,10
02_Out_of_Focus,06_Satellite,saturated_ratio,1,0.175,0.65,LOW,10,10
02_Out_of_Focus,06_Satellite,saturated_ratio,2,0.32,0.36,LOW,10,10
02_Out_of_Focus,06_Satellite,saturated_ratio,3,0.18,0.64,LOW,10,10
02_Out_of_Focus,06_Satellite,saturated_ratio,4,0.36,0.28,LOW,10,10
02_Out_of_Focus,06_Satellite,saturated_ratio,5,0.295,0.41000000000000003,LOW,10,10
02_Out_of_Focus,06_Satellite,sharpness,1,0.14,0.72,LOW,10,10
02_Out_of_Focus,06_Satellite,sharpness,2,0.25,0.5,LOW,10,10
02_Out_of_Focus,06_Satellite,sharpness,3,0.21,0.5800000000000001,LOW,10,10
02_Out_of_Focus,06_Satellite,sharpness,4,0.32,0.36,LOW,10,10
02_Out_of_Focus,06_Satellite,sharpness,5,0.31,0.38,LOW,10,10
02_Out_of_Focus,06_Satellite,star_count,1,0.285,0.43000000000000005,LOW,10,10
02_Out_of_Focus,06_Satellite,star_count,2,0.53,0.06000000000000005,HIGH,10,10
02_Out_of_Focus,06_Satellite,star_count,3,0.41,0.18000000000000005,LOW,10,10
02_Out_of_Focus,06_Satellite,star_count,4,0.45,0.09999999999999998,LOW,10,10
02_Out_of_Focus,06_Satellite,star_count,5,0.39,0.21999999999999997,LOW,10,10
02_Out_of_Focus,06_Satellite,std_intensity,1,0.08,0.84,LOW,10,10
02_Out_of_Focus,06_Satellite,std_intensity,2,0.35,0.30000000000000004,LOW,10,10
02_Out_of_Focus,06_Satellite,std_intensity,3,0.2,0.6,LOW,10,10
02_Out_of_Focus,06_Satellite,std_intensity,4,0.26,0.48,LOW,10,10
02_Out_of_Focus,06_Satellite,std_intensity,5,0.29,0.42000000000000004,LOW,10,10
02_Out_of_Focus,06_Satellite,streak_count,1,0.15,0.7,LOW,10,10
02_Out_of_Focus,06_Satellite,streak_count,2,0.15,0.7,LOW,10,10
02_Out_of_Focus,06_Satellite,streak_count,3,0.1,0.8,LOW,10,10
02_Out_of_Focus,06_Satellite,streak_count,4,0.15,0.7,LOW,10,10
02_Out_of_Focus,06_Satellite,streak_count,5,0.1,0.8,LOW,10,10
02_Out_of_Focus,06_Satellite,valid_profile_count,1,0.285,0.43000000000000005,LOW,10,10
02_Out_of_Focus,06_Satellite,valid_profile_count,2,0.53,0.06000000000000005,HIGH,10,10
02_Out_of_Focus,06_Satellite,valid_profile_count,3,0.41,0.18000000000000005,LOW,10,10
02_Out_of_Focus,06_Satellite,valid_profile_count,4,0.45,0.09999999999999998,LOW,10,10
02_Out_of_Focus,06_Satellite,valid_profile_count,5,0.39,0.21999999999999997,LOW,10,10
03_Tracking_Error,04_Over_Saturated,axis_aligned_line_ratio,1,0.52,0.040000000000000036,HIGH,10,10
03_Tracking_Error,04_Over_Saturated,axis_aligned_line_ratio,2,0.61,0.21999999999999997,HIGH,10,10
03_Tracking_Error,04_Over_Saturated,axis_aligned_line_ratio,3,0.525,0.050000000000000044,HIGH,10,10
03_Tracking_Error,04_Over_Saturated,axis_aligned_line_ratio,4,0.37,0.26,LOW,10,10
03_Tracking_Error,04_Over_Saturated,axis_aligned_line_ratio,5,0.83,0.6599999999999999,HIGH,10,10
03_Tracking_Error,04_Over_Saturated,background_mad,1,0.975,0.95,HIGH,10,10
03_Tracking_Error,04_Over_Saturated,background_mad,2,0.96,0.9199999999999999,HIGH,10,10
03_Tracking_Error,04_Over_Saturated,background_mad,3,0.94,0.8799999999999999,HIGH,10,10
03_Tracking_Error,04_Over_Saturated,background_mad,4,0.935,0.8700000000000001,HIGH,10,10
03_Tracking_Error,04_Over_Saturated,background_mad,5,0.95,0.8999999999999999,HIGH,10,10
03_Tracking_Error,04_Over_Saturated,background_median,1,0.99,0.98,HIGH,10,10
03_Tracking_Error,04_Over_Saturated,background_median,2,0.96,0.9199999999999999,HIGH,10,10
03_Tracking_Error,04_Over_Saturated,background_median,3,0.95,0.8999999999999999,HIGH,10,10
03_Tracking_Error,04_Over_Saturated,background_median,4,0.94,0.8799999999999999,HIGH,10,10
03_Tracking_Error,04_Over_Saturated,background_median,5,0.915,0.8300000000000001,HIGH,10,10
03_Tracking_Error,04_Over_Saturated,bright_area_ratio,1,0.09,0.8200000000000001,LOW,10,10
03_Tracking_Error,04_Over_Saturated,bright_area_ratio,2,0.07,0.86,LOW,10,10
03_Tracking_Error,04_Over_Saturated,bright_area_ratio,3,0.23,0.54,LOW,10,10
03_Tracking_Error,04_Over_Saturated,bright_area_ratio,4,0.09,0.8200000000000001,LOW,10,10
03_Tracking_Error,04_Over_Saturated,bright_area_ratio,5,0.18,0.64,LOW,10,10
03_Tracking_Error,04_Over_Saturated,diagonal_line_ratio,1,0.78,0.56,HIGH,10,10
03_Tracking_Error,04_Over_Saturated,diagonal_line_ratio,2,0.48,0.040000000000000036,LOW,10,10
03_Tracking_Error,04_Over_Saturated,diagonal_line_ratio,3,0.795,0.5900000000000001,HIGH,10,10
03_Tracking_Error,04_Over_Saturated,diagonal_line_ratio,4,0.93,0.8600000000000001,HIGH,10,10
03_Tracking_Error,04_Over_Saturated,diagonal_line_ratio,5,0.75,0.5,HIGH,10,10
03_Tracking_Error,04_Over_Saturated,elongated_angle_consistency,1,0.475,0.050000000000000044,LOW,10,10
03_Tracking_Error,04_Over_Saturated,elongated_angle_consistency,2,0.59,0.17999999999999994,HIGH,10,10
03_Tracking_Error,04_Over_Saturated,elongated_angle_consistency,3,0.47,0.06000000000000005,LOW,10,10
03_Tracking_Error,04_Over_Saturated,elongated_angle_consistency,4,0.5,0.0,NONE,10,10
03_Tracking_Error,04_Over_Saturated,elongated_angle_consistency,5,0.405,0.18999999999999995,LOW,10,10
03_Tracking_Error,04_Over_Saturated,elongated_angle_std,1,0.525,0.050000000000000044,HIGH,10,10
03_Tracking_Error,04_Over_Saturated,elongated_angle_std,2,0.41,0.18000000000000005,LOW,10,10
03_Tracking_Error,04_Over_Saturated,elongated_angle_std,3,0.53,0.06000000000000005,HIGH,10,10
03_Tracking_Error,04_Over_Saturated,elongated_angle_std,4,0.5,0.0,NONE,10,10
03_Tracking_Error,04_Over_Saturated,elongated_angle_std,5,0.595,0.18999999999999995,HIGH,10,10
03_Tracking_Error,04_Over_Saturated,elongated_radial_alignment,1,0.41,0.18000000000000005,LOW,10,10
03_Tracking_Error,04_Over_Saturated,elongated_radial_alignment,2,0.38,0.24,LOW,10,10
03_Tracking_Error,04_Over_Saturated,elongated_radial_alignment,3,0.62,0.24,HIGH,10,10
03_Tracking_Error,04_Over_Saturated,elongated_radial_alignment,4,0.4,0.19999999999999996,LOW,10,10
03_Tracking_Error,04_Over_Saturated,elongated_radial_alignment,5,0.19,0.62,LOW,10,10
03_Tracking_Error,04_Over_Saturated,elongated_star_count,1,0.475,0.050000000000000044,LOW,10,10
03_Tracking_Error,04_Over_Saturated,elongated_star_count,2,0.34,0.31999999999999995,LOW,10,10
03_Tracking_Error,04_Over_Saturated,elongated_star_count,3,0.55,0.10000000000000009,HIGH,10,10
03_Tracking_Error,04_Over_Saturated,elongated_star_count,4,0.365,0.27,LOW,10,10
03_Tracking_Error,04_Over_Saturated,elongated_star_count,5,0.33,0.33999999999999997,LOW,10,10
03_Tracking_Error,04_Over_Saturated,elongated_star_ratio,1,0.66,0.32000000000000006,HIGH,10,10
03_Tracking_Error,04_Over_Saturated,elongated_star_ratio,2,0.66,0.32000000000000006,HIGH,10,10
03_Tracking_Error,04_Over_Saturated,elongated_star_ratio,3,0.74,0.48,HIGH,10,10
03_Tracking_Error,04_Over_Saturated,elongated_star_ratio,4,0.61,0.21999999999999997,HIGH,10,10
03_Tracking_Error,04_Over_Saturated,elongated_star_ratio,5,0.54,0.08000000000000007,HIGH,10,10
03_Tracking_Error,04_Over_Saturated,line_angle_std,1,0.59,0.17999999999999994,HIGH,10,10
03_Tracking_Error,04_Over_Saturated,line_angle_std,2,0.82,0.6399999999999999,HIGH,10,10
03_Tracking_Error,04_Over_Saturated,line_angle_std,3,0.795,0.5900000000000001,HIGH,10,10
03_Tracking_Error,04_Over_Saturated,line_angle_std,4,0.78,0.56,HIGH,10,10
03_Tracking_Error,04_Over_Saturated,line_angle_std,5,0.53,0.06000000000000005,HIGH,10,10
03_Tracking_Error,04_Over_Saturated,long_line_count,1,0.96,0.9199999999999999,HIGH,10,10
03_Tracking_Error,04_Over_Saturated,long_line_count,2,0.905,0.81,HIGH,10,10
03_Tracking_Error,04_Over_Saturated,long_line_count,3,0.83,0.6599999999999999,HIGH,10,10
03_Tracking_Error,04_Over_Saturated,long_line_count,4,0.73,0.45999999999999996,HIGH,10,10
03_Tracking_Error,04_Over_Saturated,long_line_count,5,0.81,0.6200000000000001,HIGH,10,10
03_Tracking_Error,04_Over_Saturated,longest_line_ratio,1,0.94,0.8799999999999999,HIGH,10,10
03_Tracking_Error,04_Over_Saturated,longest_line_ratio,2,0.91,0.8200000000000001,HIGH,10,10
03_Tracking_Error,04_Over_Saturated,longest_line_ratio,3,0.89,0.78,HIGH,10,10
03_Tracking_Error,04_Over_Saturated,longest_line_ratio,4,0.81,0.6200000000000001,HIGH,10,10
03_Tracking_Error,04_Over_Saturated,longest_line_ratio,5,0.86,0.72,HIGH,10,10
03_Tracking_Error,04_Over_Saturated,max_aspect_ratio,1,0.2,0.6,LOW,10,10
03_Tracking_Error,04_Over_Saturated,max_aspect_ratio,2,0.14,0.72,LOW,10,10
03_Tracking_Error,04_Over_Saturated,max_aspect_ratio,3,0.325,0.35,LOW,10,10
03_Tracking_Error,04_Over_Saturated,max_aspect_ratio,4,0.175,0.65,LOW,10,10
03_Tracking_Error,04_Over_Saturated,max_aspect_ratio,5,0.36,0.28,LOW,10,10
03_Tracking_Error,04_Over_Saturated,max_streak_area_ratio,1,0.64,0.28,HIGH,10,10
03_Tracking_Error,04_Over_Saturated,max_streak_area_ratio,2,0.51,0.020000000000000018,HIGH,10,10
03_Tracking_Error,04_Over_Saturated,max_streak_area_ratio,3,0.48,0.040000000000000036,LOW,10,10
03_Tracking_Error,04_Over_Saturated,max_streak_area_ratio,4,0.51,0.020000000000000018,HIGH,10,10
03_Tracking_Error,04_Over_Saturated,max_streak_area_ratio,5,0.64,0.28,HIGH,10,10
03_Tracking_Error,04_Over_Saturated,max_streak_aspect_ratio,1,0.57,0.1399999999999999,HIGH,10,10
03_Tracking_Error,04_Over_Saturated,max_streak_aspect_ratio,2,0.57,0.1399999999999999,HIGH,10,10
03_Tracking_Error,04_Over_Saturated,max_streak_aspect_ratio,3,0.5,0.0,NONE,10,10
03_Tracking_Error,04_Over_Saturated,max_streak_aspect_ratio,4,0.52,0.040000000000000036,HIGH,10,10
03_Tracking_Error,04_Over_Saturated,max_streak_aspect_ratio,5,0.76,0.52,HIGH,10,10
03_Tracking_Error,04_Over_Saturated,max_streak_length_ratio,1,0.55,0.10000000000000009,HIGH,10,10
03_Tracking_Error,04_Over_Saturated,max_streak_length_ratio,2,0.55,0.10000000000000009,HIGH,10,10
03_Tracking_Error,04_Over_Saturated,max_streak_length_ratio,3,0.43,0.14,LOW,10,10
03_Tracking_Error,04_Over_Saturated,max_streak_length_ratio,4,0.39,0.21999999999999997,LOW,10,10
03_Tracking_Error,04_Over_Saturated,max_streak_length_ratio,5,0.55,0.10000000000000009,HIGH,10,10
03_Tracking_Error,04_Over_Saturated,mean_aspect_ratio,1,0.54,0.08000000000000007,HIGH,10,10
03_Tracking_Error,04_Over_Saturated,mean_aspect_ratio,2,0.65,0.30000000000000004,HIGH,10,10
03_Tracking_Error,04_Over_Saturated,mean_aspect_ratio,3,0.56,0.1200000000000001,HIGH,10,10
03_Tracking_Error,04_Over_Saturated,mean_aspect_ratio,4,0.5,0.0,NONE,10,10
03_Tracking_Error,04_Over_Saturated,mean_aspect_ratio,5,0.67,0.3400000000000001,HIGH,10,10
03_Tracking_Error,04_Over_Saturated,mean_circularity,1,0.08,0.84,LOW,10,10
03_Tracking_Error,04_Over_Saturated,mean_circularity,2,0.01,0.98,LOW,10,10
03_Tracking_Error,04_Over_Saturated,mean_circularity,3,0.17,0.6599999999999999,LOW,10,10
03_Tracking_Error,04_Over_Saturated,mean_circularity,4,0.08,0.84,LOW,10,10
03_Tracking_Error,04_Over_Saturated,mean_circularity,5,0.17,0.6599999999999999,LOW,10,10
03_Tracking_Error,04_Over_Saturated,mean_fwhm,1,0.85,0.7,HIGH,10,10
03_Tracking_Error,04_Over_Saturated,mean_fwhm,2,0.83,0.6599999999999999,HIGH,10,10
03_Tracking_Error,04_Over_Saturated,mean_fwhm,3,0.82,0.6399999999999999,HIGH,10,10
03_Tracking_Error,04_Over_Saturated,mean_fwhm,4,0.63,0.26,HIGH,10,10
03_Tracking_Error,04_Over_Saturated,mean_fwhm,5,0.75,0.5,HIGH,10,10
03_Tracking_Error,04_Over_Saturated,mean_hfr,1,0.89,0.78,HIGH,10,10
03_Tracking_Error,04_Over_Saturated,mean_hfr,2,0.82,0.6399999999999999,HIGH,10,10
03_Tracking_Error,04_Over_Saturated,mean_hfr,3,0.85,0.7,HIGH,10,10
03_Tracking_Error,04_Over_Saturated,mean_hfr,4,0.64,0.28,HIGH,10,10
03_Tracking_Error,04_Over_Saturated,mean_hfr,5,0.83,0.6599999999999999,HIGH,10,10
03_Tracking_Error,04_Over_Saturated,mean_hollowness,1,0.45,0.09999999999999998,LOW,10,10
03_Tracking_Error,04_Over_Saturated,mean_hollowness,2,0.43,0.14,LOW,10,10
03_Tracking_Error,04_Over_Saturated,mean_hollowness,3,0.54,0.08000000000000007,HIGH,10,10
03_Tracking_Error,04_Over_Saturated,mean_hollowness,4,0.22,0.56,LOW,10,10
03_Tracking_Error,04_Over_Saturated,mean_hollowness,5,0.285,0.43000000000000005,LOW,10,10
03_Tracking_Error,04_Over_Saturated,mean_intensity,1,0.99,0.98,HIGH,10,10
03_Tracking_Error,04_Over_Saturated,mean_intensity,2,0.96,0.9199999999999999,HIGH,10,10
03_Tracking_Error,04_Over_Saturated,mean_intensity,3,0.94,0.8799999999999999,HIGH,10,10
03_Tracking_Error,04_Over_Saturated,mean_intensity,4,0.95,0.8999999999999999,HIGH,10,10
03_Tracking_Error,04_Over_Saturated,mean_intensity,5,0.93,0.8600000000000001,HIGH,10,10
03_Tracking_Error,04_Over_Saturated,mean_star_area,1,0.68,0.3600000000000001,HIGH,10,10
03_Tracking_Error,04_Over_Saturated,mean_star_area,2,0.69,0.3799999999999999,HIGH,10,10
03_Tracking_Error,04_Over_Saturated,mean_star_area,3,0.63,0.26,HIGH,10,10
03_Tracking_Error,04_Over_Saturated,mean_star_area,4,0.43,0.14,LOW,10,10
03_Tracking_Error,04_Over_Saturated,mean_star_area,5,0.42,0.16000000000000003,LOW,10,10
03_Tracking_Error,04_Over_Saturated,median_eccentricity,1,0.17,0.6599999999999999,LOW,10,10
03_Tracking_Error,04_Over_Saturated,median_eccentricity,2,0.29,0.42000000000000004,LOW,10,10
03_Tracking_Error,04_Over_Saturated,median_eccentricity,3,0.21,0.5800000000000001,LOW,10,10
03_Tracking_Error,04_Over_Saturated,median_eccentricity,4,0.26,0.48,LOW,10,10
03_Tracking_Error,04_Over_Saturated,median_eccentricity,5,0.15,0.7,LOW,10,10
03_Tracking_Error,04_Over_Saturated,median_fwhm,1,0.88,0.76,HIGH,10,10
03_Tracking_Error,04_Over_Saturated,median_fwhm,2,0.8,0.6000000000000001,HIGH,10,10
03_Tracking_Error,04_Over_Saturated,median_fwhm,3,0.8,0.6000000000000001,HIGH,10,10
03_Tracking_Error,04_Over_Saturated,median_fwhm,4,0.63,0.26,HIGH,10,10
03_Tracking_Error,04_Over_Saturated,median_fwhm,5,0.8,0.6000000000000001,HIGH,10,10
03_Tracking_Error,04_Over_Saturated,median_fwhm_ratio,1,0.17,0.6599999999999999,LOW,10,10
03_Tracking_Error,04_Over_Saturated,median_fwhm_ratio,2,0.29,0.42000000000000004,LOW,10,10
03_Tracking_Error,04_Over_Saturated,median_fwhm_ratio,3,0.21,0.5800000000000001,LOW,10,10
03_Tracking_Error,04_Over_Saturated,median_fwhm_ratio,4,0.26,0.48,LOW,10,10
03_Tracking_Error,04_Over_Saturated,median_fwhm_ratio,5,0.15,0.7,LOW,10,10
03_Tracking_Error,04_Over_Saturated,median_hfr,1,0.9,0.8,HIGH,10,10
03_Tracking_Error,04_Over_Saturated,median_hfr,2,0.81,0.6200000000000001,HIGH,10,10
03_Tracking_Error,04_Over_Saturated,median_hfr,3,0.86,0.72,HIGH,10,10
03_Tracking_Error,04_Over_Saturated,median_hfr,4,0.64,0.28,HIGH,10,10
03_Tracking_Error,04_Over_Saturated,median_hfr,5,0.86,0.72,HIGH,10,10
03_Tracking_Error,04_Over_Saturated,saturated_ratio,1,0.945,0.8899999999999999,HIGH,10,10
03_Tracking_Error,04_Over_Saturated,saturated_ratio,2,0.84,0.6799999999999999,HIGH,10,10
03_Tracking_Error,04_Over_Saturated,saturated_ratio,3,0.83,0.6599999999999999,HIGH,10,10
03_Tracking_Error,04_Over_Saturated,saturated_ratio,4,0.88,0.76,HIGH,10,10
03_Tracking_Error,04_Over_Saturated,saturated_ratio,5,0.82,0.6399999999999999,HIGH,10,10
03_Tracking_Error,04_Over_Saturated,sharpness,1,0.99,0.98,HIGH,10,10
03_Tracking_Error,04_Over_Saturated,sharpness,2,0.96,0.9199999999999999,HIGH,10,10
03_Tracking_Error,04_Over_Saturated,sharpness,3,0.93,0.8600000000000001,HIGH,10,10
03_Tracking_Error,04_Over_Saturated,sharpness,4,0.93,0.8600000000000001,HIGH,10,10
03_Tracking_Error,04_Over_Saturated,sharpness,5,0.95,0.8999999999999999,HIGH,10,10
03_Tracking_Error,04_Over_Saturated,star_count,1,0.13,0.74,LOW,10,10
03_Tracking_Error,04_Over_Saturated,star_count,2,0.13,0.74,LOW,10,10
03_Tracking_Error,04_Over_Saturated,star_count,3,0.34,0.31999999999999995,LOW,10,10
03_Tracking_Error,04_Over_Saturated,star_count,4,0.12,0.76,LOW,10,10
03_Tracking_Error,04_Over_Saturated,star_count,5,0.26,0.48,LOW,10,10
03_Tracking_Error,04_Over_Saturated,std_intensity,1,0.92,0.8400000000000001,HIGH,10,10
03_Tracking_Error,04_Over_Saturated,std_intensity,2,0.9,0.8,HIGH,10,10
03_Tracking_Error,04_Over_Saturated,std_intensity,3,0.91,0.8200000000000001,HIGH,10,10
03_Tracking_Error,04_Over_Saturated,std_intensity,4,0.93,0.8600000000000001,HIGH,10,10
03_Tracking_Error,04_Over_Saturated,std_intensity,5,0.95,0.8999999999999999,HIGH,10,10
03_Tracking_Error,04_Over_Saturated,streak_count,1,0.5,0.0,NONE,10,10
03_Tracking_Error,04_Over_Saturated,streak_count,2,0.4,0.19999999999999996,LOW,10,10
03_Tracking_Error,04_Over_Saturated,streak_count,3,0.4,0.19999999999999996,LOW,10,10
03_Tracking_Error,04_Over_Saturated,streak_count,4,0.4,0.19999999999999996,LOW,10,10
03_Tracking_Error,04_Over_Saturated,streak_count,5,0.5,0.0,NONE,10,10
03_Tracking_Error,04_Over_Saturated,valid_profile_count,1,0.13,0.74,LOW,10,10
03_Tracking_Error,04_Over_Saturated,valid_profile_count,2,0.13,0.74,LOW,10,10
03_Tracking_Error,04_Over_Saturated,valid_profile_count,3,0.34,0.31999999999999995,LOW,10,10
03_Tracking_Error,04_Over_Saturated,valid_profile_count,4,0.12,0.76,LOW,10,10
03_Tracking_Error,04_Over_Saturated,valid_profile_count,5,0.26,0.48,LOW,10,10
03_Tracking_Error,05_No_Star,axis_aligned_line_ratio,1,0.44,0.12,LOW,10,10
03_Tracking_Error,05_No_Star,axis_aligned_line_ratio,2,0.56,0.1200000000000001,HIGH,10,10
03_Tracking_Error,05_No_Star,axis_aligned_line_ratio,3,0.42,0.16000000000000003,LOW,10,10
03_Tracking_Error,05_No_Star,axis_aligned_line_ratio,4,0.35,0.30000000000000004,LOW,10,10
03_Tracking_Error,05_No_Star,axis_aligned_line_ratio,5,0.43,0.14,LOW,10,10
03_Tracking_Error,05_No_Star,background_mad,1,0.2,0.6,LOW,10,10
03_Tracking_Error,05_No_Star,background_mad,2,0.125,0.75,LOW,10,10
03_Tracking_Error,05_No_Star,background_mad,3,0.07,0.86,LOW,10,10
03_Tracking_Error,05_No_Star,background_mad,4,0.175,0.65,LOW,10,10
03_Tracking_Error,05_No_Star,background_mad,5,0.285,0.43000000000000005,LOW,10,10
03_Tracking_Error,05_No_Star,background_median,1,0.02,0.96,LOW,10,10
03_Tracking_Error,05_No_Star,background_median,2,0.035,0.9299999999999999,LOW,10,10
03_Tracking_Error,05_No_Star,background_median,3,0.0,1.0,LOW,10,10
03_Tracking_Error,05_No_Star,background_median,4,0.01,0.98,LOW,10,10
03_Tracking_Error,05_No_Star,background_median,5,0.21,0.5800000000000001,LOW,10,10
03_Tracking_Error,05_No_Star,bright_area_ratio,1,0.945,0.8899999999999999,HIGH,10,10
03_Tracking_Error,05_No_Star,bright_area_ratio,2,0.94,0.8799999999999999,HIGH,10,10
03_Tracking_Error,05_No_Star,bright_area_ratio,3,1.0,1.0,HIGH,10,10
03_Tracking_Error,05_No_Star,bright_area_ratio,4,0.88,0.76,HIGH,10,10
03_Tracking_Error,05_No_Star,bright_area_ratio,5,0.975,0.95,HIGH,10,10
03_Tracking_Error,05_No_Star,diagonal_line_ratio,1,0.55,0.10000000000000009,HIGH,10,10
03_Tracking_Error,05_No_Star,diagonal_line_ratio,2,0.485,0.030000000000000027,LOW,10,10
03_Tracking_Error,05_No_Star,diagonal_line_ratio,3,0.49,0.020000000000000018,LOW,10,10
03_Tracking_Error,05_No_Star,diagonal_line_ratio,4,0.5,0.0,NONE,10,10
03_Tracking_Error,05_No_Star,diagonal_line_ratio,5,0.49,0.020000000000000018,LOW,10,10
03_Tracking_Error,05_No_Star,elongated_angle_consistency,1,0.85,0.7,HIGH,10,10
03_Tracking_Error,05_No_Star,elongated_angle_consistency,2,0.85,0.7,HIGH,10,10
03_Tracking_Error,05_No_Star,elongated_angle_consistency,3,0.95,0.8999999999999999,HIGH,10,10
03_Tracking_Error,05_No_Star,elongated_angle_consistency,4,0.8,0.6000000000000001,HIGH,10,10
03_Tracking_Error,05_No_Star,elongated_angle_consistency,5,0.85,0.7,HIGH,10,10
03_Tracking_Error,05_No_Star,elongated_angle_std,1,0.15,0.7,LOW,10,10
03_Tracking_Error,05_No_Star,elongated_angle_std,2,0.15,0.7,LOW,10,10
03_Tracking_Error,05_No_Star,elongated_angle_std,3,0.05,0.9,LOW,10,10
03_Tracking_Error,05_No_Star,elongated_angle_std,4,0.2,0.6,LOW,10,10
03_Tracking_Error,05_No_Star,elongated_angle_std,5,0.15,0.7,LOW,10,10
03_Tracking_Error,05_No_Star,elongated_radial_alignment,1,0.9,0.8,HIGH,10,10
03_Tracking_Error,05_No_Star,elongated_radial_alignment,2,0.9,0.8,HIGH,10,10
03_Tracking_Error,05_No_Star,elongated_radial_alignment,3,1.0,1.0,HIGH,10,10
03_Tracking_Error,05_No_Star,elongated_radial_alignment,4,0.85,0.7,HIGH,10,10
03_Tracking_Error,05_No_Star,elongated_radial_alignment,5,0.9,0.8,HIGH,10,10
03_Tracking_Error,05_No_Star,elongated_star_count,1,0.9,0.8,HIGH,10,10
03_Tracking_Error,05_No_Star,elongated_star_count,2,0.9,0.8,HIGH,10,10
03_Tracking_Error,05_No_Star,elongated_star_count,3,1.0,1.0,HIGH,10,10
03_Tracking_Error,05_No_Star,elongated_star_count,4,0.85,0.7,HIGH,10,10
03_Tracking_Error,05_No_Star,elongated_star_count,5,0.9,0.8,HIGH,10,10
03_Tracking_Error,05_No_Star,elongated_star_ratio,1,0.9,0.8,HIGH,10,10
03_Tracking_Error,05_No_Star,elongated_star_ratio,2,0.9,0.8,HIGH,10,10
03_Tracking_Error,05_No_Star,elongated_star_ratio,3,1.0,1.0,HIGH,10,10
03_Tracking_Error,05_No_Star,elongated_star_ratio,4,0.85,0.7,HIGH,10,10
03_Tracking_Error,05_No_Star,elongated_star_ratio,5,0.9,0.8,HIGH,10,10
03_Tracking_Error,05_No_Star,line_angle_std,1,0.34,0.31999999999999995,LOW,10,10
03_Tracking_Error,05_No_Star,line_angle_std,2,0.53,0.06000000000000005,HIGH,10,10
03_Tracking_Error,05_No_Star,line_angle_std,3,0.3,0.4,LOW,10,10
03_Tracking_Error,05_No_Star,line_angle_std,4,0.43,0.14,LOW,10,10
03_Tracking_Error,05_No_Star,line_angle_std,5,0.59,0.17999999999999994,HIGH,10,10
03_Tracking_Error,05_No_Star,long_line_count,1,0.48,0.040000000000000036,LOW,10,10
03_Tracking_Error,05_No_Star,long_line_count,2,0.425,0.15000000000000002,LOW,10,10
03_Tracking_Error,05_No_Star,long_line_count,3,0.285,0.43000000000000005,LOW,10,10
03_Tracking_Error,05_No_Star,long_line_count,4,0.635,0.27,HIGH,10,10
03_Tracking_Error,05_No_Star,long_line_count,5,0.725,0.44999999999999996,HIGH,10,10
03_Tracking_Error,05_No_Star,longest_line_ratio,1,0.4,0.19999999999999996,LOW,10,10
03_Tracking_Error,05_No_Star,longest_line_ratio,2,0.255,0.49,LOW,10,10
03_Tracking_Error,05_No_Star,longest_line_ratio,3,0.33,0.33999999999999997,LOW,10,10
03_Tracking_Error,05_No_Star,longest_line_ratio,4,0.335,0.32999999999999996,LOW,10,10
03_Tracking_Error,05_No_Star,longest_line_ratio,5,0.23,0.54,LOW,10,10
03_Tracking_Error,05_No_Star,max_aspect_ratio,1,0.945,0.8899999999999999,HIGH,10,10
03_Tracking_Error,05_No_Star,max_aspect_ratio,2,0.94,0.8799999999999999,HIGH,10,10
03_Tracking_Error,05_No_Star,max_aspect_ratio,3,1.0,1.0,HIGH,10,10
03_Tracking_Error,05_No_Star,max_aspect_ratio,4,0.88,0.76,HIGH,10,10
03_Tracking_Error,05_No_Star,max_aspect_ratio,5,0.99,0.98,HIGH,10,10
03_Tracking_Error,05_No_Star,max_streak_area_ratio,1,0.75,0.5,HIGH,10,10
03_Tracking_Error,05_No_Star,max_streak_area_ratio,2,0.63,0.26,HIGH,10,10
03_Tracking_Error,05_No_Star,max_streak_area_ratio,3,0.65,0.30000000000000004,HIGH,10,10
03_Tracking_Error,05_No_Star,max_streak_area_ratio,4,0.88,0.76,HIGH,10,10
03_Tracking_Error,05_No_Star,max_streak_area_ratio,5,0.62,0.24,HIGH,10,10
03_Tracking_Error,05_No_Star,max_streak_aspect_ratio,1,0.77,0.54,HIGH,10,10
03_Tracking_Error,05_No_Star,max_streak_aspect_ratio,2,0.7,0.3999999999999999,HIGH,10,10
03_Tracking_Error,05_No_Star,max_streak_aspect_ratio,3,0.41,0.18000000000000005,LOW,10,10
03_Tracking_Error,05_No_Star,max_streak_aspect_ratio,4,0.57,0.1399999999999999,HIGH,10,10
03_Tracking_Error,05_No_Star,max_streak_aspect_ratio,5,0.63,0.26,HIGH,10,10
03_Tracking_Error,05_No_Star,max_streak_length_ratio,1,0.81,0.6200000000000001,HIGH,10,10
03_Tracking_Error,05_No_Star,max_streak_length_ratio,2,0.68,0.3600000000000001,HIGH,10,10
03_Tracking_Error,05_No_Star,max_streak_length_ratio,3,0.64,0.28,HIGH,10,10
03_Tracking_Error,05_No_Star,max_streak_length_ratio,4,0.87,0.74,HIGH,10,10
03_Tracking_Error,05_No_Star,max_streak_length_ratio,5,0.65,0.30000000000000004,HIGH,10,10
03_Tracking_Error,05_No_Star,mean_aspect_ratio,1,0.945,0.8899999999999999,HIGH,10,10
03_Tracking_Error,05_No_Star,mean_aspect_ratio,2,0.94,0.8799999999999999,HIGH,10,10
03_Tracking_Error,05_No_Star,mean_aspect_ratio,3,0.98,0.96,HIGH,10,10
03_Tracking_Error,05_No_Star,mean_aspect_ratio,4,0.81,0.6200000000000001,HIGH,10,10
03_Tracking_Error,05_No_Star,mean_aspect_ratio,5,0.99,0.98,HIGH,10,10
03_Tracking_Error,05_No_Star,mean_circularity,1,0.865,0.73,HIGH,10,10
03_Tracking_Error,05_No_Star,mean_circularity,2,0.76,0.52,HIGH,10,10
03_Tracking_Error,05_No_Star,mean_circularity,3,0.77,0.54,HIGH,10,10
03_Tracking_Error,05_No_Star,mean_circularity,4,0.75,0.5,HIGH,10,10
03_Tracking_Error,05_No_Star,mean_circularity,5,0.825,0.6499999999999999,HIGH,10,10
03_Tracking_Error,05_No_Star,mean_fwhm,1,0.945,0.8899999999999999,HIGH,10,10
03_Tracking_Error,05_No_Star,mean_fwhm,2,0.94,0.8799999999999999,HIGH,10,10
03_Tracking_Error,05_No_Star,mean_fwhm,3,0.99,0.98,HIGH,10,10
03_Tracking_Error,05_No_Star,mean_fwhm,4,0.88,0.76,HIGH,10,10
03_Tracking_Error,05_No_Star,mean_fwhm,5,0.98,0.96,HIGH,10,10
03_Tracking_Error,05_No_Star,mean_hfr,1,0.945,0.8899999999999999,HIGH,10,10
03_Tracking_Error,05_No_Star,mean_hfr,2,0.94,0.8799999999999999,HIGH,10,10
03_Tracking_Error,05_No_Star,mean_hfr,3,0.97,0.94,HIGH,10,10
03_Tracking_Error,05_No_Star,mean_hfr,4,0.88,0.76,HIGH,10,10
03_Tracking_Error,05_No_Star,mean_hfr,5,0.98,0.96,HIGH,10,10
03_Tracking_Error,05_No_Star,mean_hollowness,1,0.94,0.8799999999999999,HIGH,10,10
03_Tracking_Error,05_No_Star,mean_hollowness,2,0.92,0.8400000000000001,HIGH,10,10
03_Tracking_Error,05_No_Star,mean_hollowness,3,1.0,1.0,HIGH,10,10
03_Tracking_Error,05_No_Star,mean_hollowness,4,0.86,0.72,HIGH,10,10
03_Tracking_Error,05_No_Star,mean_hollowness,5,0.97,0.94,HIGH,10,10
03_Tracking_Error,05_No_Star,mean_intensity,1,0.0,1.0,LOW,10,10
03_Tracking_Error,05_No_Star,mean_intensity,2,0.01,0.98,LOW,10,10
03_Tracking_Error,05_No_Star,mean_intensity,3,0.0,1.0,LOW,10,10
03_Tracking_Error,05_No_Star,mean_intensity,4,0.02,0.96,LOW,10,10
03_Tracking_Error,05_No_Star,mean_intensity,5,0.16,0.6799999999999999,LOW,10,10
03_Tracking_Error,05_No_Star,mean_star_area,1,0.945,0.8899999999999999,HIGH,10,10
03_Tracking_Error,05_No_Star,mean_star_area,2,0.94,0.8799999999999999,HIGH,10,10
03_Tracking_Error,05_No_Star,mean_star_area,3,1.0,1.0,HIGH,10,10
03_Tracking_Error,05_No_Star,mean_star_area,4,0.88,0.76,HIGH,10,10
03_Tracking_Error,05_No_Star,mean_star_area,5,0.975,0.95,HIGH,10,10
03_Tracking_Error,05_No_Star,median_eccentricity,1,0.895,0.79,HIGH,10,10
03_Tracking_Error,05_No_Star,median_eccentricity,2,0.93,0.8600000000000001,HIGH,10,10
03_Tracking_Error,05_No_Star,median_eccentricity,3,0.96,0.9199999999999999,HIGH,10,10
03_Tracking_Error,05_No_Star,median_eccentricity,4,0.79,0.5800000000000001,HIGH,10,10
03_Tracking_Error,05_No_Star,median_eccentricity,5,0.92,0.8400000000000001,HIGH,10,10
03_Tracking_Error,05_No_Star,median_fwhm,1,0.945,0.8899999999999999,HIGH,10,10
03_Tracking_Error,05_No_Star,median_fwhm,2,0.93,0.8600000000000001,HIGH,10,10
03_Tracking_Error,05_No_Star,median_fwhm,3,0.94,0.8799999999999999,HIGH,10,10
03_Tracking_Error,05_No_Star,median_fwhm,4,0.86,0.72,HIGH,10,10
03_Tracking_Error,05_No_Star,median_fwhm,5,0.96,0.9199999999999999,HIGH,10,10
03_Tracking_Error,05_No_Star,median_fwhm_ratio,1,0.895,0.79,HIGH,10,10
03_Tracking_Error,05_No_Star,median_fwhm_ratio,2,0.93,0.8600000000000001,HIGH,10,10
03_Tracking_Error,05_No_Star,median_fwhm_ratio,3,0.96,0.9199999999999999,HIGH,10,10
03_Tracking_Error,05_No_Star,median_fwhm_ratio,4,0.79,0.5800000000000001,HIGH,10,10
03_Tracking_Error,05_No_Star,median_fwhm_ratio,5,0.92,0.8400000000000001,HIGH,10,10
03_Tracking_Error,05_No_Star,median_hfr,1,0.935,0.8700000000000001,HIGH,10,10
03_Tracking_Error,05_No_Star,median_hfr,2,0.91,0.8200000000000001,HIGH,10,10
03_Tracking_Error,05_No_Star,median_hfr,3,0.94,0.8799999999999999,HIGH,10,10
03_Tracking_Error,05_No_Star,median_hfr,4,0.84,0.6799999999999999,HIGH,10,10
03_Tracking_Error,05_No_Star,median_hfr,5,0.96,0.9199999999999999,HIGH,10,10
03_Tracking_Error,05_No_Star,saturated_ratio,1,0.13,0.74,LOW,10,10
03_Tracking_Error,05_No_Star,saturated_ratio,2,0.06,0.88,LOW,10,10
03_Tracking_Error,05_No_Star,saturated_ratio,3,0.15,0.7,LOW,10,10
03_Tracking_Error,05_No_Star,saturated_ratio,4,0.12,0.76,LOW,10,10
03_Tracking_Error,05_No_Star,saturated_ratio,5,0.11,0.78,LOW,10,10
03_Tracking_Error,05_No_Star,sharpness,1,0.14,0.72,LOW,10,10
03_Tracking_Error,05_No_Star,sharpness,2,0.2,0.6,LOW,10,10
03_Tracking_Error,05_No_Star,sharpness,3,0.08,0.84,LOW,10,10
03_Tracking_Error,05_No_Star,sharpness,4,0.07,0.86,LOW,10,10
03_Tracking_Error,05_No_Star,sharpness,5,0.29,0.42000000000000004,LOW,10,10
03_Tracking_Error,05_No_Star,star_count,1,0.945,0.8899999999999999,HIGH,10,10
03_Tracking_Error,05_No_Star,star_count,2,0.94,0.8799999999999999,HIGH,10,10
03_Tracking_Error,05_No_Star,star_count,3,1.0,1.0,HIGH,10,10
03_Tracking_Error,05_No_Star,star_count,4,0.88,0.76,HIGH,10,10
03_Tracking_Error,05_No_Star,star_count,5,0.98,0.96,HIGH,10,10
03_Tracking_Error,05_No_Star,std_intensity,1,0.14,0.72,LOW,10,10
03_Tracking_Error,05_No_Star,std_intensity,2,0.07,0.86,LOW,10,10
03_Tracking_Error,05_No_Star,std_intensity,3,0.08,0.84,LOW,10,10
03_Tracking_Error,05_No_Star,std_intensity,4,0.1,0.8,LOW,10,10
03_Tracking_Error,05_No_Star,std_intensity,5,0.03,0.94,LOW,10,10
03_Tracking_Error,05_No_Star,streak_count,1,0.6,0.19999999999999996,HIGH,10,10
03_Tracking_Error,05_No_Star,streak_count,2,0.55,0.10000000000000009,HIGH,10,10
03_Tracking_Error,05_No_Star,streak_count,3,0.55,0.10000000000000009,HIGH,10,10
03_Tracking_Error,05_No_Star,streak_count,4,0.55,0.10000000000000009,HIGH,10,10
03_Tracking_Error,05_No_Star,streak_count,5,0.5,0.0,NONE,10,10
03_Tracking_Error,05_No_Star,valid_profile_count,1,0.945,0.8899999999999999,HIGH,10,10
03_Tracking_Error,05_No_Star,valid_profile_count,2,0.94,0.8799999999999999,HIGH,10,10
03_Tracking_Error,05_No_Star,valid_profile_count,3,1.0,1.0,HIGH,10,10
03_Tracking_Error,05_No_Star,valid_profile_count,4,0.88,0.76,HIGH,10,10
03_Tracking_Error,05_No_Star,valid_profile_count,5,0.98,0.96,HIGH,10,10
03_Tracking_Error,06_Satellite,axis_aligned_line_ratio,1,0.37,0.26,LOW,10,10
03_Tracking_Error,06_Satellite,axis_aligned_line_ratio,2,0.55,0.10000000000000009,HIGH,10,10
03_Tracking_Error,06_Satellite,axis_aligned_line_ratio,3,0.36,0.28,LOW,10,10
03_Tracking_Error,06_Satellite,axis_aligned_line_ratio,4,0.42,0.16000000000000003,LOW,10,10
03_Tracking_Error,06_Satellite,axis_aligned_line_ratio,5,0.28,0.43999999999999995,LOW,10,10
03_Tracking_Error,06_Satellite,background_mad,1,0.47,0.06000000000000005,LOW,10,10
03_Tracking_Error,06_Satellite,background_mad,2,0.51,0.020000000000000018,HIGH,10,10
03_Tracking_Error,06_Satellite,background_mad,3,0.34,0.31999999999999995,LOW,10,10
03_Tracking_Error,06_Satellite,background_mad,4,0.625,0.25,HIGH,10,10
03_Tracking_Error,06_Satellite,background_mad,5,0.75,0.5,HIGH,10,10
03_Tracking_Error,06_Satellite,background_median,1,0.32,0.36,LOW,10,10
03_Tracking_Error,06_Satellite,background_median,2,0.425,0.15000000000000002,LOW,10,10
03_Tracking_Error,06_Satellite,background_median,3,0.435,0.13,LOW,10,10
03_Tracking_Error,06_Satellite,background_median,4,0.525,0.050000000000000044,HIGH,10,10
03_Tracking_Error,06_Satellite,background_median,5,0.655,0.31000000000000005,HIGH,10,10
03_Tracking_Error,06_Satellite,bright_area_ratio,1,0.49,0.020000000000000018,LOW,10,10
03_Tracking_Error,06_Satellite,bright_area_ratio,2,0.45,0.09999999999999998,LOW,10,10
03_Tracking_Error,06_Satellite,bright_area_ratio,3,0.73,0.45999999999999996,HIGH,10,10
03_Tracking_Error,06_Satellite,bright_area_ratio,4,0.31,0.38,LOW,10,10
03_Tracking_Error,06_Satellite,bright_area_ratio,5,0.44,0.12,LOW,10,10
03_Tracking_Error,06_Satellite,diagonal_line_ratio,1,0.585,0.16999999999999993,HIGH,10,10
03_Tracking_Error,06_Satellite,diagonal_line_ratio,2,0.45,0.09999999999999998,LOW,10,10
03_Tracking_Error,06_Satellite,diagonal_line_ratio,3,0.51,0.020000000000000018,HIGH,10,10
03_Tracking_Error,06_Satellite,diagonal_line_ratio,4,0.54,0.08000000000000007,HIGH,10,10
03_Tracking_Error,06_Satellite,diagonal_line_ratio,5,0.65,0.30000000000000004,HIGH,10,10
03_Tracking_Error,06_Satellite,elongated_angle_consistency,1,0.4,0.19999999999999996,LOW,10,10
03_Tracking_Error,06_Satellite,elongated_angle_consistency,2,0.33,0.33999999999999997,LOW,10,10
03_Tracking_Error,06_Satellite,elongated_angle_consistency,3,0.575,0.1499999999999999,HIGH,10,10
03_Tracking_Error,06_Satellite,elongated_angle_consistency,4,0.335,0.32999999999999996,LOW,10,10
03_Tracking_Error,06_Satellite,elongated_angle_consistency,5,0.405,0.18999999999999995,LOW,10,10
03_Tracking_Error,06_Satellite,elongated_angle_std,1,0.605,0.20999999999999996,HIGH,10,10
03_Tracking_Error,06_Satellite,elongated_angle_std,2,0.67,0.3400000000000001,HIGH,10,10
03_Tracking_Error,06_Satellite,elongated_angle_std,3,0.425,0.15000000000000002,LOW,10,10
03_Tracking_Error,06_Satellite,elongated_angle_std,4,0.665,0.33000000000000007,HIGH,10,10
03_Tracking_Error,06_Satellite,elongated_angle_std,5,0.595,0.18999999999999995,HIGH,10,10
03_Tracking_Error,06_Satellite,elongated_radial_alignment,1,0.44,0.12,LOW,10,10
03_Tracking_Error,06_Satellite,elongated_radial_alignment,2,0.33,0.33999999999999997,LOW,10,10
03_Tracking_Error,06_Satellite,elongated_radial_alignment,3,0.56,0.1200000000000001,HIGH,10,10
03_Tracking_Error,06_Satellite,elongated_radial_alignment,4,0.34,0.31999999999999995,LOW,10,10
03_Tracking_Error,06_Satellite,elongated_radial_alignment,5,0.31,0.38,LOW,10,10
03_Tracking_Error,06_Satellite,elongated_star_count,1,0.67,0.3400000000000001,HIGH,10,10
03_Tracking_Error,06_Satellite,elongated_star_count,2,0.485,0.030000000000000027,LOW,10,10
03_Tracking_Error,06_Satellite,elongated_star_count,3,0.67,0.3400000000000001,HIGH,10,10
03_Tracking_Error,06_Satellite,elongated_star_count,4,0.4,0.19999999999999996,LOW,10,10
03_Tracking_Error,06_Satellite,elongated_star_count,5,0.515,0.030000000000000027,HIGH,10,10
03_Tracking_Error,06_Satellite,elongated_star_ratio,1,0.59,0.17999999999999994,HIGH,10,10
03_Tracking_Error,06_Satellite,elongated_star_ratio,2,0.51,0.020000000000000018,HIGH,10,10
03_Tracking_Error,06_Satellite,elongated_star_ratio,3,0.4,0.19999999999999996,LOW,10,10
03_Tracking_Error,06_Satellite,elongated_star_ratio,4,0.4,0.19999999999999996,LOW,10,10
03_Tracking_Error,06_Satellite,elongated_star_ratio,5,0.47,0.06000000000000005,LOW,10,10
03_Tracking_Error,06_Satellite,line_angle_std,1,0.3,0.4,LOW,10,10
03_Tracking_Error,06_Satellite,line_angle_std,2,0.6,0.19999999999999996,HIGH,10,10
03_Tracking_Error,06_Satellite,line_angle_std,3,0.31,0.38,LOW,10,10
03_Tracking_Error,06_Satellite,line_angle_std,4,0.47,0.06000000000000005,LOW,10,10
03_Tracking_Error,06_Satellite,line_angle_std,5,0.35,0.30000000000000004,LOW,10,10
03_Tracking_Error,06_Satellite,long_line_count,1,0.595,0.18999999999999995,HIGH,10,10
03_Tracking_Error,06_Satellite,long_line_count,2,0.52,0.040000000000000036,HIGH,10,10
03_Tracking_Error,06_Satellite,long_line_count,3,0.15,0.7,LOW,10,10
03_Tracking_Error,06_Satellite,long_line_count,4,0.58,0.15999999999999992,HIGH,10,10
03_Tracking_Error,06_Satellite,long_line_count,5,0.44,0.12,LOW,10,10
03_Tracking_Error,06_Satellite,longest_line_ratio,1,0.44,0.12,LOW,10,10
03_Tracking_Error,06_Satellite,longest_line_ratio,2,0.625,0.25,HIGH,10,10
03_Tracking_Error,06_Satellite,longest_line_ratio,3,0.37,0.26,LOW,10,10
03_Tracking_Error,06_Satellite,longest_line_ratio,4,0.465,0.06999999999999995,LOW,10,10
03_Tracking_Error,06_Satellite,longest_line_ratio,5,0.54,0.08000000000000007,HIGH,10,10
03_Tracking_Error,06_Satellite,max_aspect_ratio,1,0.395,0.20999999999999996,LOW,10,10
03_Tracking_Error,06_Satellite,max_aspect_ratio,2,0.25,0.5,LOW,10,10
03_Tracking_Error,06_Satellite,max_aspect_ratio,3,0.445,0.10999999999999999,LOW,10,10
03_Tracking_Error,06_Satellite,max_aspect_ratio,4,0.39,0.21999999999999997,LOW,10,10
03_Tracking_Error,06_Satellite,max_aspect_ratio,5,0.485,0.030000000000000027,LOW,10,10
03_Tracking_Error,06_Satellite,max_streak_area_ratio,1,0.42,0.16000000000000003,LOW,10,10
03_Tracking_Error,06_Satellite,max_streak_area_ratio,2,0.18,0.64,LOW,10,10
03_Tracking_Error,06_Satellite,max_streak_area_ratio,3,0.19,0.62,LOW,10,10
03_Tracking_Error,06_Satellite,max_streak_area_ratio,4,0.41,0.18000000000000005,LOW,10,10
03_Tracking_Error,06_Satellite,max_streak_area_ratio,5,0.17,0.6599999999999999,LOW,10,10
03_Tracking_Error,06_Satellite,max_streak_aspect_ratio,1,0.04,0.92,LOW,10,10
03_Tracking_Error,06_Satellite,max_streak_aspect_ratio,2,0.23,0.54,LOW,10,10
03_Tracking_Error,06_Satellite,max_streak_aspect_ratio,3,0.04,0.92,LOW,10,10
03_Tracking_Error,06_Satellite,max_streak_aspect_ratio,4,0.33,0.33999999999999997,LOW,10,10
03_Tracking_Error,06_Satellite,max_streak_aspect_ratio,5,0.03,0.94,LOW,10,10
03_Tracking_Error,06_Satellite,max_streak_length_ratio,1,0.16,0.6799999999999999,LOW,10,10
03_Tracking_Error,06_Satellite,max_streak_length_ratio,2,0.13,0.74,LOW,10,10
03_Tracking_Error,06_Satellite,max_streak_length_ratio,3,0.08,0.84,LOW,10,10
03_Tracking_Error,06_Satellite,max_streak_length_ratio,4,0.17,0.6599999999999999,LOW,10,10
03_Tracking_Error,06_Satellite,max_streak_length_ratio,5,0.02,0.96,LOW,10,10
03_Tracking_Error,06_Satellite,mean_aspect_ratio,1,0.5,0.0,NONE,10,10
03_Tracking_Error,06_Satellite,mean_aspect_ratio,2,0.47,0.06000000000000005,LOW,10,10
03_Tracking_Error,06_Satellite,mean_aspect_ratio,3,0.44,0.12,LOW,10,10
03_Tracking_Error,06_Satellite,mean_aspect_ratio,4,0.41,0.18000000000000005,LOW,10,10
03_Tracking_Error,06_Satellite,mean_aspect_ratio,5,0.54,0.08000000000000007,HIGH,10,10
03_Tracking_Error,06_Satellite,mean_circularity,1,0.29,0.42000000000000004,LOW,10,10
03_Tracking_Error,06_Satellite,mean_circularity,2,0.25,0.5,LOW,10,10
03_Tracking_Error,06_Satellite,mean_circularity,3,0.39,0.21999999999999997,LOW,10,10
03_Tracking_Error,06_Satellite,mean_circularity,4,0.28,0.43999999999999995,LOW,10,10
03_Tracking_Error,06_Satellite,mean_circularity,5,0.48,0.040000000000000036,LOW,10,10
03_Tracking_Error,06_Satellite,mean_fwhm,1,0.49,0.020000000000000018,LOW,10,10
03_Tracking_Error,06_Satellite,mean_fwhm,2,0.55,0.10000000000000009,HIGH,10,10
03_Tracking_Error,06_Satellite,mean_fwhm,3,0.41,0.18000000000000005,LOW,10,10
03_Tracking_Error,06_Satellite,mean_fwhm,4,0.25,0.5,LOW,10,10
03_Tracking_Error,06_Satellite,mean_fwhm,5,0.42,0.16000000000000003,LOW,10,10
03_Tracking_Error,06_Satellite,mean_hfr,1,0.37,0.26,LOW,10,10
03_Tracking_Error,06_Satellite,mean_hfr,2,0.55,0.10000000000000009,HIGH,10,10
03_Tracking_Error,06_Satellite,mean_hfr,3,0.3,0.4,LOW,10,10
03_Tracking_Error,06_Satellite,mean_hfr,4,0.15,0.7,LOW,10,10
03_Tracking_Error,06_Satellite,mean_hfr,5,0.45,0.09999999999999998,LOW,10,10
03_Tracking_Error,06_Satellite,mean_hollowness,1,0.66,0.32000000000000006,HIGH,10,10
03_Tracking_Error,06_Satellite,mean_hollowness,2,0.51,0.020000000000000018,HIGH,10,10
03_Tracking_Error,06_Satellite,mean_hollowness,3,0.67,0.3400000000000001,HIGH,10,10
03_Tracking_Error,06_Satellite,mean_hollowness,4,0.38,0.24,LOW,10,10
03_Tracking_Error,06_Satellite,mean_hollowness,5,0.485,0.030000000000000027,LOW,10,10
03_Tracking_Error,06_Satellite,mean_intensity,1,0.32,0.36,LOW,10,10
03_Tracking_Error,06_Satellite,mean_intensity,2,0.43,0.14,LOW,10,10
03_Tracking_Error,06_Satellite,mean_intensity,3,0.44,0.12,LOW,10,10
03_Tracking_Error,06_Satellite,mean_intensity,4,0.54,0.08000000000000007,HIGH,10,10
03_Tracking_Error,06_Satellite,mean_intensity,5,0.67,0.3400000000000001,HIGH,10,10
03_Tracking_Error,06_Satellite,mean_star_area,1,0.46,0.07999999999999996,LOW,10,10
03_Tracking_Error,06_Satellite,mean_star_area,2,0.45,0.09999999999999998,LOW,10,10
03_Tracking_Error,06_Satellite,mean_star_area,3,0.39,0.21999999999999997,LOW,10,10
03_Tracking_Error,06_Satellite,mean_star_area,4,0.31,0.38,LOW,10,10
03_Tracking_Error,06_Satellite,mean_star_area,5,0.33,0.33999999999999997,LOW,10,10
03_Tracking_Error,06_Satellite,median_eccentricity,1,0.69,0.3799999999999999,HIGH,10,10
03_Tracking_Error,06_Satellite,median_eccentricity,2,0.57,0.1399999999999999,HIGH,10,10
03_Tracking_Error,06_Satellite,median_eccentricity,3,0.73,0.45999999999999996,HIGH,10,10
03_Tracking_Error,06_Satellite,median_eccentricity,4,0.46,0.07999999999999996,LOW,10,10
03_Tracking_Error,06_Satellite,median_eccentricity,5,0.35,0.30000000000000004,LOW,10,10
03_Tracking_Error,06_Satellite,median_fwhm,1,0.57,0.1399999999999999,HIGH,10,10
03_Tracking_Error,06_Satellite,median_fwhm,2,0.53,0.06000000000000005,HIGH,10,10
03_Tracking_Error,06_Satellite,median_fwhm,3,0.4,0.19999999999999996,LOW,10,10
03_Tracking_Error,06_Satellite,median_fwhm,4,0.28,0.43999999999999995,LOW,10,10
03_Tracking_Error,06_Satellite,median_fwhm,5,0.47,0.06000000000000005,LOW,10,10
03_Tracking_Error,06_Satellite,median_fwhm_ratio,1,0.69,0.3799999999999999,HIGH,10,10
03_Tracking_Error,06_Satellite,median_fwhm_ratio,2,0.57,0.1399999999999999,HIGH,10,10
03_Tracking_Error,06_Satellite,median_fwhm_ratio,3,0.73,0.45999999999999996,HIGH,10,10
03_Tracking_Error,06_Satellite,median_fwhm_ratio,4,0.46,0.07999999999999996,LOW,10,10
03_Tracking_Error,06_Satellite,median_fwhm_ratio,5,0.35,0.30000000000000004,LOW,10,10
03_Tracking_Error,06_Satellite,median_hfr,1,0.43,0.14,LOW,10,10
03_Tracking_Error,06_Satellite,median_hfr,2,0.51,0.020000000000000018,HIGH,10,10
03_Tracking_Error,06_Satellite,median_hfr,3,0.36,0.28,LOW,10,10
03_Tracking_Error,06_Satellite,median_hfr,4,0.22,0.56,LOW,10,10
03_Tracking_Error,06_Satellite,median_hfr,5,0.55,0.10000000000000009,HIGH,10,10
03_Tracking_Error,06_Satellite,saturated_ratio,1,0.415,0.17000000000000004,LOW,10,10
03_Tracking_Error,06_Satellite,saturated_ratio,2,0.32,0.36,LOW,10,10
03_Tracking_Error,06_Satellite,saturated_ratio,3,0.39,0.21999999999999997,LOW,10,10
03_Tracking_Error,06_Satellite,saturated_ratio,4,0.52,0.040000000000000036,HIGH,10,10
03_Tracking_Error,06_Satellite,saturated_ratio,5,0.45,0.09999999999999998,LOW,10,10
03_Tracking_Error,06_Satellite,sharpness,1,0.34,0.31999999999999995,LOW,10,10
03_Tracking_Error,06_Satellite,sharpness,2,0.58,0.15999999999999992,HIGH,10,10
03_Tracking_Error,06_Satellite,sharpness,3,0.31,0.38,LOW,10,10
03_Tracking_Error,06_Satellite,sharpness,4,0.61,0.21999999999999997,HIGH,10,10
03_Tracking_Error,06_Satellite,sharpness,5,0.74,0.48,HIGH,10,10
03_Tracking_Error,06_Satellite,star_count,1,0.5,0.0,NONE,10,10
03_Tracking_Error,06_Satellite,star_count,2,0.435,0.13,LOW,10,10
03_Tracking_Error,06_Satellite,star_count,3,0.77,0.54,HIGH,10,10
03_Tracking_Error,06_Satellite,star_count,4,0.325,0.35,LOW,10,10
03_Tracking_Error,06_Satellite,star_count,5,0.46,0.07999999999999996,LOW,10,10
03_Tracking_Error,06_Satellite,std_intensity,1,0.48,0.040000000000000036,LOW,10,10
03_Tracking_Error,06_Satellite,std_intensity,2,0.57,0.1399999999999999,HIGH,10,10
03_Tracking_Error,06_Satellite,std_intensity,3,0.42,0.16000000000000003,LOW,10,10
03_Tracking_Error,06_Satellite,std_intensity,4,0.63,0.26,HIGH,10,10
03_Tracking_Error,06_Satellite,std_intensity,5,0.74,0.48,HIGH,10,10
03_Tracking_Error,06_Satellite,streak_count,1,0.25,0.5,LOW,10,10
03_Tracking_Error,06_Satellite,streak_count,2,0.2,0.6,LOW,10,10
03_Tracking_Error,06_Satellite,streak_count,3,0.15,0.7,LOW,10,10
03_Tracking_Error,06_Satellite,streak_count,4,0.2,0.6,LOW,10,10
03_Tracking_Error,06_Satellite,streak_count,5,0.1,0.8,LOW,10,10
03_Tracking_Error,06_Satellite,valid_profile_count,1,0.5,0.0,NONE,10,10
03_Tracking_Error,06_Satellite,valid_profile_count,2,0.435,0.13,LOW,10,10
03_Tracking_Error,06_Satellite,valid_profile_count,3,0.77,0.54,HIGH,10,10
03_Tracking_Error,06_Satellite,valid_profile_count,4,0.325,0.35,LOW,10,10
03_Tracking_Error,06_Satellite,valid_profile_count,5,0.46,0.07999999999999996,LOW,10,10
04_Over_Saturated,05_No_Star,axis_aligned_line_ratio,1,0.5,0.0,NONE,10,10
04_Over_Saturated,05_No_Star,axis_aligned_line_ratio,2,0.4,0.19999999999999996,LOW,10,10
04_Over_Saturated,05_No_Star,axis_aligned_line_ratio,3,0.43,0.14,LOW,10,10
04_Over_Saturated,05_No_Star,axis_aligned_line_ratio,4,0.6,0.19999999999999996,HIGH,10,10
04_Over_Saturated,05_No_Star,axis_aligned_line_ratio,5,0.15,0.7,LOW,10,10
04_Over_Saturated,05_No_Star,background_mad,1,0.0,1.0,LOW,10,10
04_Over_Saturated,05_No_Star,background_mad,2,0.0,1.0,LOW,10,10
04_Over_Saturated,05_No_Star,background_mad,3,0.0,1.0,LOW,10,10
04_Over_Saturated,05_No_Star,background_mad,4,0.0,1.0,LOW,10,10
04_Over_Saturated,05_No_Star,background_mad,5,0.0,1.0,LOW,10,10
04_Over_Saturated,05_No_Star,background_median,1,0.0,1.0,LOW,10,10
04_Over_Saturated,05_No_Star,background_median,2,0.0,1.0,LOW,10,10
04_Over_Saturated,05_No_Star,background_median,3,0.0,1.0,LOW,10,10
04_Over_Saturated,05_No_Star,background_median,4,0.0,1.0,LOW,10,10
04_Over_Saturated,05_No_Star,background_median,5,0.01,0.98,LOW,10,10
04_Over_Saturated,05_No_Star,bright_area_ratio,1,1.0,1.0,HIGH,10,10
04_Over_Saturated,05_No_Star,bright_area_ratio,2,1.0,1.0,HIGH,10,10
04_Over_Saturated,05_No_Star,bright_area_ratio,3,1.0,1.0,HIGH,10,10
04_Over_Saturated,05_No_Star,bright_area_ratio,4,1.0,1.0,HIGH,10,10
04_Over_Saturated,05_No_Star,bright_area_ratio,5,1.0,1.0,HIGH,10,10
04_Over_Saturated,05_No_Star,diagonal_line_ratio,1,0.2,0.6,LOW,10,10
04_Over_Saturated,05_No_Star,diagonal_line_ratio,2,0.51,0.020000000000000018,HIGH,10,10
04_Over_Saturated,05_No_Star,diagonal_line_ratio,3,0.18,0.64,LOW,10,10
04_Over_Saturated,05_No_Star,diagonal_line_ratio,4,0.09,0.8200000000000001,LOW,10,10
04_Over_Saturated,05_No_Star,diagonal_line_ratio,5,0.24,0.52,LOW,10,10
04_Over_Saturated,05_No_Star,elongated_angle_consistency,1,1.0,1.0,HIGH,10,10
04_Over_Saturated,05_No_Star,elongated_angle_consistency,2,1.0,1.0,HIGH,10,10
04_Over_Saturated,05_No_Star,elongated_angle_consistency,3,0.95,0.8999999999999999,HIGH,10,10
04_Over_Saturated,05_No_Star,elongated_angle_consistency,4,0.95,0.8999999999999999,HIGH,10,10
04_Over_Saturated,05_No_Star,elongated_angle_consistency,5,1.0,1.0,HIGH,10,10
04_Over_Saturated,05_No_Star,elongated_angle_std,1,0.0,1.0,LOW,10,10
04_Over_Saturated,05_No_Star,elongated_angle_std,2,0.0,1.0,LOW,10,10
04_Over_Saturated,05_No_Star,elongated_angle_std,3,0.05,0.9,LOW,10,10
04_Over_Saturated,05_No_Star,elongated_angle_std,4,0.05,0.9,LOW,10,10
04_Over_Saturated,05_No_Star,elongated_angle_std,5,0.0,1.0,LOW,10,10
04_Over_Saturated,05_No_Star,elongated_radial_alignment,1,1.0,1.0,HIGH,10,10
04_Over_Saturated,05_No_Star,elongated_radial_alignment,2,1.0,1.0,HIGH,10,10
04_Over_Saturated,05_No_Star,elongated_radial_alignment,3,1.0,1.0,HIGH,10,10
04_Over_Saturated,05_No_Star,elongated_radial_alignment,4,1.0,1.0,HIGH,10,10
04_Over_Saturated,05_No_Star,elongated_radial_alignment,5,1.0,1.0,HIGH,10,10
04_Over_Saturated,05_No_Star,elongated_star_count,1,1.0,1.0,HIGH,10,10
04_Over_Saturated,05_No_Star,elongated_star_count,2,1.0,1.0,HIGH,10,10
04_Over_Saturated,05_No_Star,elongated_star_count,3,1.0,1.0,HIGH,10,10
04_Over_Saturated,05_No_Star,elongated_star_count,4,1.0,1.0,HIGH,10,10
04_Over_Saturated,05_No_Star,elongated_star_count,5,1.0,1.0,HIGH,10,10
04_Over_Saturated,05_No_Star,elongated_star_ratio,1,1.0,1.0,HIGH,10,10
04_Over_Saturated,05_No_Star,elongated_star_ratio,2,1.0,1.0,HIGH,10,10
04_Over_Saturated,05_No_Star,elongated_star_ratio,3,1.0,1.0,HIGH,10,10
04_Over_Saturated,05_No_Star,elongated_star_ratio,4,1.0,1.0,HIGH,10,10
04_Over_Saturated,05_No_Star,elongated_star_ratio,5,1.0,1.0,HIGH,10,10
04_Over_Saturated,05_No_Star,line_angle_std,1,0.4,0.19999999999999996,LOW,10,10
04_Over_Saturated,05_No_Star,line_angle_std,2,0.19,0.62,LOW,10,10
04_Over_Saturated,05_No_Star,line_angle_std,3,0.12,0.76,LOW,10,10
04_Over_Saturated,05_No_Star,line_angle_std,4,0.21,0.5800000000000001,LOW,10,10
04_Over_Saturated,05_No_Star,line_angle_std,5,0.46,0.07999999999999996,LOW,10,10
04_Over_Saturated,05_No_Star,long_line_count,1,0.0,1.0,LOW,10,10
04_Over_Saturated,05_No_Star,long_line_count,2,0.1,0.8,LOW,10,10
04_Over_Saturated,05_No_Star,long_line_count,3,0.09,0.8200000000000001,LOW,10,10
04_Over_Saturated,05_No_Star,long_line_count,4,0.3,0.4,LOW,10,10
04_Over_Saturated,05_No_Star,long_line_count,5,0.2,0.6,LOW,10,10
04_Over_Saturated,05_No_Star,longest_line_ratio,1,0.0,1.0,LOW,10,10
04_Over_Saturated,05_No_Star,longest_line_ratio,2,0.07,0.86,LOW,10,10
04_Over_Saturated,05_No_Star,longest_line_ratio,3,0.015,0.97,LOW,10,10
04_Over_Saturated,05_No_Star,longest_line_ratio,4,0.14,0.72,LOW,10,10
04_Over_Saturated,05_No_Star,longest_line_ratio,5,0.09,0.8200000000000001,LOW,10,10
04_Over_Saturated,05_No_Star,max_aspect_ratio,1,1.0,1.0,HIGH,10,10
04_Over_Saturated,05_No_Star,max_aspect_ratio,2,1.0,1.0,HIGH,10,10
04_Over_Saturated,05_No_Star,max_aspect_ratio,3,1.0,1.0,HIGH,10,10
04_Over_Saturated,05_No_Star,max_aspect_ratio,4,1.0,1.0,HIGH,10,10
04_Over_Saturated,05_No_Star,max_aspect_ratio,5,1.0,1.0,HIGH,10,10
04_Over_Saturated,05_No_Star,max_streak_area_ratio,1,0.71,0.41999999999999993,HIGH,10,10
04_Over_Saturated,05_No_Star,max_streak_area_ratio,2,0.64,0.28,HIGH,10,10
04_Over_Saturated,05_No_Star,max_streak_area_ratio,3,0.65,0.30000000000000004,HIGH,10,10
04_Over_Saturated,05_No_Star,max_streak_area_ratio,4,0.88,0.76,HIGH,10,10
04_Over_Saturated,05_No_Star,max_streak_area_ratio,5,0.62,0.24,HIGH,10,10
04_Over_Saturated,05_No_Star,max_streak_aspect_ratio,1,0.695,0.3899999999999999,HIGH,10,10
04_Over_Saturated,05_No_Star,max_streak_aspect_ratio,2,0.66,0.32000000000000006,HIGH,10,10
04_Over_Saturated,05_No_Star,max_streak_aspect_ratio,3,0.4,0.19999999999999996,LOW,10,10
04_Over_Saturated,05_No_Star,max_streak_aspect_ratio,4,0.44,0.12,LOW,10,10
04_Over_Saturated,05_No_Star,max_streak_aspect_ratio,5,0.33,0.33999999999999997,LOW,10,10
04_Over_Saturated,05_No_Star,max_streak_length_ratio,1,0.76,0.52,HIGH,10,10
04_Over_Saturated,05_No_Star,max_streak_length_ratio,2,0.72,0.43999999999999995,HIGH,10,10
04_Over_Saturated,05_No_Star,max_streak_length_ratio,3,0.69,0.3799999999999999,HIGH,10,10
04_Over_Saturated,05_No_Star,max_streak_length_ratio,4,0.91,0.8200000000000001,HIGH,10,10
04_Over_Saturated,05_No_Star,max_streak_length_ratio,5,0.61,0.21999999999999997,HIGH,10,10
04_Over_Saturated,05_No_Star,mean_aspect_ratio,1,1.0,1.0,HIGH,10,10
04_Over_Saturated,05_No_Star,mean_aspect_ratio,2,1.0,1.0,HIGH,10,10
04_Over_Saturated,05_No_Star,mean_aspect_ratio,3,0.96,0.9199999999999999,HIGH,10,10
04_Over_Saturated,05_No_Star,mean_aspect_ratio,4,0.92,0.8400000000000001,HIGH,10,10
04_Over_Saturated,05_No_Star,mean_aspect_ratio,5,1.0,1.0,HIGH,10,10
04_Over_Saturated,05_No_Star,mean_circularity,1,0.98,0.96,HIGH,10,10
04_Over_Saturated,05_No_Star,mean_circularity,2,0.89,0.78,HIGH,10,10
04_Over_Saturated,05_No_Star,mean_circularity,3,0.92,0.8400000000000001,HIGH,10,10
04_Over_Saturated,05_No_Star,mean_circularity,4,0.94,0.8799999999999999,HIGH,10,10
04_Over_Saturated,05_No_Star,mean_circularity,5,0.88,0.76,HIGH,10,10
04_Over_Saturated,05_No_Star,mean_fwhm,1,0.98,0.96,HIGH,10,10
04_Over_Saturated,05_No_Star,mean_fwhm,2,0.9,0.8,HIGH,10,10
04_Over_Saturated,05_No_Star,mean_fwhm,3,0.85,0.7,HIGH,10,10
04_Over_Saturated,05_No_Star,mean_fwhm,4,0.92,0.8400000000000001,HIGH,10,10
04_Over_Saturated,05_No_Star,mean_fwhm,5,0.93,0.8600000000000001,HIGH,10,10
04_Over_Saturated,05_No_Star,mean_hfr,1,0.91,0.8200000000000001,HIGH,10,10
04_Over_Saturated,05_No_Star,mean_hfr,2,0.84,0.6799999999999999,HIGH,10,10
04_Over_Saturated,05_No_Star,mean_hfr,3,0.79,0.5800000000000001,HIGH,10,10
04_Over_Saturated,05_No_Star,mean_hfr,4,0.86,0.72,HIGH,10,10
04_Over_Saturated,05_No_Star,mean_hfr,5,0.87,0.74,HIGH,10,10
04_Over_Saturated,05_No_Star,mean_hollowness,1,1.0,1.0,HIGH,10,10
04_Over_Saturated,05_No_Star,mean_hollowness,2,1.0,1.0,HIGH,10,10
04_Over_Saturated,05_No_Star,mean_hollowness,3,0.985,0.97,HIGH,10,10
04_Over_Saturated,05_No_Star,mean_hollowness,4,1.0,1.0,HIGH,10,10
04_Over_Saturated,05_No_Star,mean_hollowness,5,0.99,0.98,HIGH,10,10
04_Over_Saturated,05_No_Star,mean_intensity,1,0.0,1.0,LOW,10,10
04_Over_Saturated,05_No_Star,mean_intensity,2,0.0,1.0,LOW,10,10
04_Over_Saturated,05_No_Star,mean_intensity,3,0.0,1.0,LOW,10,10
04_Over_Saturated,05_No_Star,mean_intensity,4,0.0,1.0,LOW,10,10
04_Over_Saturated,05_No_Star,mean_intensity,5,0.01,0.98,LOW,10,10
04_Over_Saturated,05_No_Star,mean_star_area,1,1.0,1.0,HIGH,10,10
04_Over_Saturated,05_No_Star,mean_star_area,2,1.0,1.0,HIGH,10,10
04_Over_Saturated,05_No_Star,mean_star_area,3,1.0,1.0,HIGH,10,10
04_Over_Saturated,05_No_Star,mean_star_area,4,1.0,1.0,HIGH,10,10
04_Over_Saturated,05_No_Star,mean_star_area,5,0.98,0.96,HIGH,10,10
04_Over_Saturated,05_No_Star,median_eccentricity,1,0.99,0.98,HIGH,10,10
04_Over_Saturated,05_No_Star,median_eccentricity,2,0.99,0.98,HIGH,10,10
04_Over_Saturated,05_No_Star,median_eccentricity,3,0.98,0.96,HIGH,10,10
04_Over_Saturated,05_No_Star,median_eccentricity,4,0.94,0.8799999999999999,HIGH,10,10
04_Over_Saturated,05_No_Star,median_eccentricity,5,0.98,0.96,HIGH,10,10
04_Over_Saturated,05_No_Star,median_fwhm,1,0.92,0.8400000000000001,HIGH,10,10
04_Over_Saturated,05_No_Star,median_fwhm,2,0.84,0.6799999999999999,HIGH,10,10
04_Over_Saturated,05_No_Star,median_fwhm,3,0.82,0.6399999999999999,HIGH,10,10
04_Over_Saturated,05_No_Star,median_fwhm,4,0.86,0.72,HIGH,10,10
04_Over_Saturated,05_No_Star,median_fwhm,5,0.88,0.76,HIGH,10,10
04_Over_Saturated,05_No_Star,median_fwhm_ratio,1,0.99,0.98,HIGH,10,10
04_Over_Saturated,05_No_Star,median_fwhm_ratio,2,0.99,0.98,HIGH,10,10
04_Over_Saturated,05_No_Star,median_fwhm_ratio,3,0.98,0.96,HIGH,10,10
04_Over_Saturated,05_No_Star,median_fwhm_ratio,4,0.94,0.8799999999999999,HIGH,10,10
04_Over_Saturated,05_No_Star,median_fwhm_ratio,5,0.98,0.96,HIGH,10,10
04_Over_Saturated,05_No_Star,median_hfr,1,0.9,0.8,HIGH,10,10
04_Over_Saturated,05_No_Star,median_hfr,2,0.82,0.6399999999999999,HIGH,10,10
04_Over_Saturated,05_No_Star,median_hfr,3,0.76,0.52,HIGH,10,10
04_Over_Saturated,05_No_Star,median_hfr,4,0.86,0.72,HIGH,10,10
04_Over_Saturated,05_No_Star,median_hfr,5,0.84,0.6799999999999999,HIGH,10,10
04_Over_Saturated,05_No_Star,saturated_ratio,1,0.0,1.0,LOW,10,10
04_Over_Saturated,05_No_Star,saturated_ratio,2,0.0,1.0,LOW,10,10
04_Over_Saturated,05_No_Star,saturated_ratio,3,0.01,0.98,LOW,10,10
04_Over_Saturated,05_No_Star,saturated_ratio,4,0.0,1.0,LOW,10,10
04_Over_Saturated,05_No_Star,saturated_ratio,5,0.02,0.96,LOW,10,10
04_Over_Saturated,05_No_Star,sharpness,1,0.0,1.0,LOW,10,10
04_Over_Saturated,05_No_Star,sharpness,2,0.0,1.0,LOW,10,10
04_Over_Saturated,05_No_Star,sharpness,3,0.02,0.96,LOW,10,10
04_Over_Saturated,05_No_Star,sharpness,4,0.0,1.0,LOW,10,10
04_Over_Saturated,05_No_Star,sharpness,5,0.02,0.96,LOW,10,10
04_Over_Saturated,05_No_Star,star_count,1,1.0,1.0,HIGH,10,10
04_Over_Saturated,05_No_Star,star_count,2,1.0,1.0,HIGH,10,10
04_Over_Saturated,05_No_Star,star_count,3,1.0,1.0,HIGH,10,10
04_Over_Saturated,05_No_Star,star_count,4,1.0,1.0,HIGH,10,10
04_Over_Saturated,05_No_Star,star_count,5,1.0,1.0,HIGH,10,10
04_Over_Saturated,05_No_Star,std_intensity,1,0.0,1.0,LOW,10,10
04_Over_Saturated,05_No_Star,std_intensity,2,0.0,1.0,LOW,10,10
04_Over_Saturated,05_No_Star,std_intensity,3,0.0,1.0,LOW,10,10
04_Over_Saturated,05_No_Star,std_intensity,4,0.0,1.0,LOW,10,10
04_Over_Saturated,05_No_Star,std_intensity,5,0.0,1.0,LOW,10,10
04_Over_Saturated,05_No_Star,streak_count,1,0.6,0.19999999999999996,HIGH,10,10
04_Over_Saturated,05_No_Star,streak_count,2,0.65,0.30000000000000004,HIGH,10,10
04_Over_Saturated,05_No_Star,streak_count,3,0.65,0.30000000000000004,HIGH,10,10
04_Over_Saturated,05_No_Star,streak_count,4,0.65,0.30000000000000004,HIGH,10,10
04_Over_Saturated,05_No_Star,streak_count,5,0.5,0.0,NONE,10,10
04_Over_Saturated,05_No_Star,valid_profile_count,1,1.0,1.0,HIGH,10,10
04_Over_Saturated,05_No_Star,valid_profile_count,2,1.0,1.0,HIGH,10,10
04_Over_Saturated,05_No_Star,valid_profile_count,3,1.0,1.0,HIGH,10,10
04_Over_Saturated,05_No_Star,valid_profile_count,4,1.0,1.0,HIGH,10,10
04_Over_Saturated,05_No_Star,valid_profile_count,5,1.0,1.0,HIGH,10,10
04_Over_Saturated,06_Satellite,axis_aligned_line_ratio,1,0.5,0.0,NONE,10,10
04_Over_Saturated,06_Satellite,axis_aligned_line_ratio,2,0.41,0.18000000000000005,LOW,10,10
04_Over_Saturated,06_Satellite,axis_aligned_line_ratio,3,0.44,0.12,LOW,10,10
04_Over_Saturated,06_Satellite,axis_aligned_line_ratio,4,0.61,0.21999999999999997,HIGH,10,10
04_Over_Saturated,06_Satellite,axis_aligned_line_ratio,5,0.1,0.8,LOW,10,10
04_Over_Saturated,06_Satellite,background_mad,1,0.01,0.98,LOW,10,10
04_Over_Saturated,06_Satellite,background_mad,2,0.055,0.89,LOW,10,10
04_Over_Saturated,06_Satellite,background_mad,3,0.03,0.94,LOW,10,10
04_Over_Saturated,06_Satellite,background_mad,4,0.075,0.85,LOW,10,10
04_Over_Saturated,06_Satellite,background_mad,5,0.11,0.78,LOW,10,10
04_Over_Saturated,06_Satellite,background_median,1,0.0,1.0,LOW,10,10
04_Over_Saturated,06_Satellite,background_median,2,0.025,0.95,LOW,10,10
04_Over_Saturated,06_Satellite,background_median,3,0.03,0.94,LOW,10,10
04_Over_Saturated,06_Satellite,background_median,4,0.07,0.86,LOW,10,10
04_Over_Saturated,06_Satellite,background_median,5,0.14,0.72,LOW,10,10
04_Over_Saturated,06_Satellite,bright_area_ratio,1,0.91,0.8200000000000001,HIGH,10,10
04_Over_Saturated,06_Satellite,bright_area_ratio,2,0.85,0.7,HIGH,10,10
04_Over_Saturated,06_Satellite,bright_area_ratio,3,0.9,0.8,HIGH,10,10
04_Over_Saturated,06_Satellite,bright_area_ratio,4,0.82,0.6399999999999999,HIGH,10,10
04_Over_Saturated,06_Satellite,bright_area_ratio,5,0.75,0.5,HIGH,10,10
04_Over_Saturated,06_Satellite,diagonal_line_ratio,1,0.2,0.6,LOW,10,10
04_Over_Saturated,06_Satellite,diagonal_line_ratio,2,0.505,0.010000000000000009,HIGH,10,10
04_Over_Saturated,06_Satellite,diagonal_line_ratio,3,0.17,0.6599999999999999,LOW,10,10
04_Over_Saturated,06_Satellite,diagonal_line_ratio,4,0.09,0.8200000000000001,LOW,10,10
04_Over_Saturated,06_Satellite,diagonal_line_ratio,5,0.29,0.42000000000000004,LOW,10,10
04_Over_Saturated,06_Satellite,elongated_angle_consistency,1,0.325,0.35,LOW,10,10
04_Over_Saturated,06_Satellite,elongated_angle_consistency,2,0.21,0.5800000000000001,LOW,10,10
04_Over_Saturated,06_Satellite,elongated_angle_consistency,3,0.645,0.29000000000000004,HIGH,10,10
04_Over_Saturated,06_Satellite,elongated_angle_consistency,4,0.29,0.42000000000000004,LOW,10,10
04_Over_Saturated,06_Satellite,elongated_angle_consistency,5,0.465,0.06999999999999995,LOW,10,10
04_Over_Saturated,06_Satellite,elongated_angle_std,1,0.68,0.3600000000000001,HIGH,10,10
04_Over_Saturated,06_Satellite,elongated_angle_std,2,0.79,0.5800000000000001,HIGH,10,10
04_Over_Saturated,06_Satellite,elongated_angle_std,3,0.355,0.29000000000000004,LOW,10,10
04_Over_Saturated,06_Satellite,elongated_angle_std,4,0.71,0.41999999999999993,HIGH,10,10
04_Over_Saturated,06_Satellite,elongated_angle_std,5,0.535,0.07000000000000006,HIGH,10,10
04_Over_Saturated,06_Satellite,elongated_radial_alignment,1,0.5,0.0,NONE,10,10
04_Over_Saturated,06_Satellite,elongated_radial_alignment,2,0.43,0.14,LOW,10,10
04_Over_Saturated,06_Satellite,elongated_radial_alignment,3,0.46,0.07999999999999996,LOW,10,10
04_Over_Saturated,06_Satellite,elongated_radial_alignment,4,0.43,0.14,LOW,10,10
04_Over_Saturated,06_Satellite,elongated_radial_alignment,5,0.62,0.24,HIGH,10,10
04_Over_Saturated,06_Satellite,elongated_star_count,1,0.765,0.53,HIGH,10,10
04_Over_Saturated,06_Satellite,elongated_star_count,2,0.68,0.3600000000000001,HIGH,10,10
04_Over_Saturated,06_Satellite,elongated_star_count,3,0.635,0.27,HIGH,10,10
04_Over_Saturated,06_Satellite,elongated_star_count,4,0.455,0.08999999999999997,LOW,10,10
04_Over_Saturated,06_Satellite,elongated_star_count,5,0.73,0.45999999999999996,HIGH,10,10
04_Over_Saturated,06_Satellite,elongated_star_ratio,1,0.39,0.21999999999999997,LOW,10,10
04_Over_Saturated,06_Satellite,elongated_star_ratio,2,0.2,0.6,LOW,10,10
04_Over_Saturated,06_Satellite,elongated_star_ratio,3,0.15,0.7,LOW,10,10
04_Over_Saturated,06_Satellite,elongated_star_ratio,4,0.265,0.47,LOW,10,10
04_Over_Saturated,06_Satellite,elongated_star_ratio,5,0.47,0.06000000000000005,LOW,10,10
04_Over_Saturated,06_Satellite,line_angle_std,1,0.4,0.19999999999999996,LOW,10,10
04_Over_Saturated,06_Satellite,line_angle_std,2,0.19,0.62,LOW,10,10
04_Over_Saturated,06_Satellite,line_angle_std,3,0.13,0.74,LOW,10,10
04_Over_Saturated,06_Satellite,line_angle_std,4,0.19,0.62,LOW,10,10
04_Over_Saturated,06_Satellite,line_angle_std,5,0.34,0.31999999999999995,LOW,10,10
04_Over_Saturated,06_Satellite,long_line_count,1,0.0,1.0,LOW,10,10
04_Over_Saturated,06_Satellite,long_line_count,2,0.09,0.8200000000000001,LOW,10,10
04_Over_Saturated,06_Satellite,long_line_count,3,0.06,0.88,LOW,10,10
04_Over_Saturated,06_Satellite,long_line_count,4,0.25,0.5,LOW,10,10
04_Over_Saturated,06_Satellite,long_line_count,5,0.19,0.62,LOW,10,10
04_Over_Saturated,06_Satellite,longest_line_ratio,1,0.0,1.0,LOW,10,10
04_Over_Saturated,06_Satellite,longest_line_ratio,2,0.15,0.7,LOW,10,10
04_Over_Saturated,06_Satellite,longest_line_ratio,3,0.01,0.98,LOW,10,10
04_Over_Saturated,06_Satellite,longest_line_ratio,4,0.185,0.63,LOW,10,10
04_Over_Saturated,06_Satellite,longest_line_ratio,5,0.14,0.72,LOW,10,10
04_Over_Saturated,06_Satellite,max_aspect_ratio,1,0.62,0.24,HIGH,10,10
04_Over_Saturated,06_Satellite,max_aspect_ratio,2,0.69,0.3799999999999999,HIGH,10,10
04_Over_Saturated,06_Satellite,max_aspect_ratio,3,0.67,0.3400000000000001,HIGH,10,10
04_Over_Saturated,06_Satellite,max_aspect_ratio,4,0.715,0.42999999999999994,HIGH,10,10
04_Over_Saturated,06_Satellite,max_aspect_ratio,5,0.66,0.32000000000000006,HIGH,10,10
04_Over_Saturated,06_Satellite,max_streak_area_ratio,1,0.25,0.5,LOW,10,10
04_Over_Saturated,06_Satellite,max_streak_area_ratio,2,0.2,0.6,LOW,10,10
04_Over_Saturated,06_Satellite,max_streak_area_ratio,3,0.16,0.6799999999999999,LOW,10,10
04_Over_Saturated,06_Satellite,max_streak_area_ratio,4,0.33,0.33999999999999997,LOW,10,10
04_Over_Saturated,06_Satellite,max_streak_area_ratio,5,0.15,0.7,LOW,10,10
04_Over_Saturated,06_Satellite,max_streak_aspect_ratio,1,0.07,0.86,LOW,10,10
04_Over_Saturated,06_Satellite,max_streak_aspect_ratio,2,0.15,0.7,LOW,10,10
04_Over_Saturated,06_Satellite,max_streak_aspect_ratio,3,0.1,0.8,LOW,10,10
04_Over_Saturated,06_Satellite,max_streak_aspect_ratio,4,0.32,0.36,LOW,10,10
04_Over_Saturated,06_Satellite,max_streak_aspect_ratio,5,0.01,0.98,LOW,10,10
04_Over_Saturated,06_Satellite,max_streak_length_ratio,1,0.17,0.6599999999999999,LOW,10,10
04_Over_Saturated,06_Satellite,max_streak_length_ratio,2,0.14,0.72,LOW,10,10
04_Over_Saturated,06_Satellite,max_streak_length_ratio,3,0.19,0.62,LOW,10,10
04_Over_Saturated,06_Satellite,max_streak_length_ratio,4,0.18,0.64,LOW,10,10
04_Over_Saturated,06_Satellite,max_streak_length_ratio,5,0.01,0.98,LOW,10,10
04_Over_Saturated,06_Satellite,mean_aspect_ratio,1,0.46,0.07999999999999996,LOW,10,10
04_Over_Saturated,06_Satellite,mean_aspect_ratio,2,0.28,0.43999999999999995,LOW,10,10
04_Over_Saturated,06_Satellite,mean_aspect_ratio,3,0.41,0.18000000000000005,LOW,10,10
04_Over_Saturated,06_Satellite,mean_aspect_ratio,4,0.48,0.040000000000000036,LOW,10,10
04_Over_Saturated,06_Satellite,mean_aspect_ratio,5,0.46,0.07999999999999996,LOW,10,10
04_Over_Saturated,06_Satellite,mean_circularity,1,0.67,0.3400000000000001,HIGH,10,10
04_Over_Saturated,06_Satellite,mean_circularity,2,0.83,0.6599999999999999,HIGH,10,10
04_Over_Saturated,06_Satellite,mean_circularity,3,0.81,0.6200000000000001,HIGH,10,10
04_Over_Saturated,06_Satellite,mean_circularity,4,0.79,0.5800000000000001,HIGH,10,10
04_Over_Saturated,06_Satellite,mean_circularity,5,0.81,0.6200000000000001,HIGH,10,10
04_Over_Saturated,06_Satellite,mean_fwhm,1,0.01,0.98,LOW,10,10
04_Over_Saturated,06_Satellite,mean_fwhm,2,0.09,0.8200000000000001,LOW,10,10
04_Over_Saturated,06_Satellite,mean_fwhm,3,0.13,0.74,LOW,10,10
04_Over_Saturated,06_Satellite,mean_fwhm,4,0.2,0.6,LOW,10,10
04_Over_Saturated,06_Satellite,mean_fwhm,5,0.21,0.5800000000000001,LOW,10,10
04_Over_Saturated,06_Satellite,mean_hfr,1,0.0,1.0,LOW,10,10
04_Over_Saturated,06_Satellite,mean_hfr,2,0.09,0.8200000000000001,LOW,10,10
04_Over_Saturated,06_Satellite,mean_hfr,3,0.08,0.84,LOW,10,10
04_Over_Saturated,06_Satellite,mean_hfr,4,0.12,0.76,LOW,10,10
04_Over_Saturated,06_Satellite,mean_hfr,5,0.19,0.62,LOW,10,10
04_Over_Saturated,06_Satellite,mean_hollowness,1,0.76,0.52,HIGH,10,10
04_Over_Saturated,06_Satellite,mean_hollowness,2,0.63,0.26,HIGH,10,10
04_Over_Saturated,06_Satellite,mean_hollowness,3,0.645,0.29000000000000004,HIGH,10,10
04_Over_Saturated,06_Satellite,mean_hollowness,4,0.67,0.3400000000000001,HIGH,10,10
04_Over_Saturated,06_Satellite,mean_hollowness,5,0.715,0.42999999999999994,HIGH,10,10
04_Over_Saturated,06_Satellite,mean_intensity,1,0.01,0.98,LOW,10,10
04_Over_Saturated,06_Satellite,mean_intensity,2,0.02,0.96,LOW,10,10
04_Over_Saturated,06_Satellite,mean_intensity,3,0.03,0.94,LOW,10,10
04_Over_Saturated,06_Satellite,mean_intensity,4,0.07,0.86,LOW,10,10
04_Over_Saturated,06_Satellite,mean_intensity,5,0.11,0.78,LOW,10,10
04_Over_Saturated,06_Satellite,mean_star_area,1,0.18,0.64,LOW,10,10
04_Over_Saturated,06_Satellite,mean_star_area,2,0.16,0.6799999999999999,LOW,10,10
04_Over_Saturated,06_Satellite,mean_star_area,3,0.26,0.48,LOW,10,10
04_Over_Saturated,06_Satellite,mean_star_area,4,0.33,0.33999999999999997,LOW,10,10
04_Over_Saturated,06_Satellite,mean_star_area,5,0.43,0.14,LOW,10,10
04_Over_Saturated,06_Satellite,median_eccentricity,1,0.97,0.94,HIGH,10,10
04_Over_Saturated,06_Satellite,median_eccentricity,2,0.88,0.76,HIGH,10,10
04_Over_Saturated,06_Satellite,median_eccentricity,3,0.87,0.74,HIGH,10,10
04_Over_Saturated,06_Satellite,median_eccentricity,4,0.81,0.6200000000000001,HIGH,10,10
04_Over_Saturated,06_Satellite,median_eccentricity,5,0.72,0.43999999999999995,HIGH,10,10
04_Over_Saturated,06_Satellite,median_fwhm,1,0.0,1.0,LOW,10,10
04_Over_Saturated,06_Satellite,median_fwhm,2,0.12,0.76,LOW,10,10
04_Over_Saturated,06_Satellite,median_fwhm,3,0.16,0.6799999999999999,LOW,10,10
04_Over_Saturated,06_Satellite,median_fwhm,4,0.19,0.62,LOW,10,10
04_Over_Saturated,06_Satellite,median_fwhm,5,0.22,0.56,LOW,10,10
04_Over_Saturated,06_Satellite,median_fwhm_ratio,1,0.97,0.94,HIGH,10,10
04_Over_Saturated,06_Satellite,median_fwhm_ratio,2,0.88,0.76,HIGH,10,10
04_Over_Saturated,06_Satellite,median_fwhm_ratio,3,0.87,0.74,HIGH,10,10
04_Over_Saturated,06_Satellite,median_fwhm_ratio,4,0.81,0.6200000000000001,HIGH,10,10
04_Over_Saturated,06_Satellite,median_fwhm_ratio,5,0.72,0.43999999999999995,HIGH,10,10
04_Over_Saturated,06_Satellite,median_hfr,1,0.0,1.0,LOW,10,10
04_Over_Saturated,06_Satellite,median_hfr,2,0.11,0.78,LOW,10,10
04_Over_Saturated,06_Satellite,median_hfr,3,0.09,0.8200000000000001,LOW,10,10
04_Over_Saturated,06_Satellite,median_hfr,4,0.13,0.74,LOW,10,10
04_Over_Saturated,06_Satellite,median_hfr,5,0.22,0.56,LOW,10,10
04_Over_Saturated,06_Satellite,saturated_ratio,1,0.055,0.89,LOW,10,10
04_Over_Saturated,06_Satellite,saturated_ratio,2,0.12,0.76,LOW,10,10
04_Over_Saturated,06_Satellite,saturated_ratio,3,0.14,0.72,LOW,10,10
04_Over_Saturated,06_Satellite,saturated_ratio,4,0.235,0.53,LOW,10,10
04_Over_Saturated,06_Satellite,saturated_ratio,5,0.245,0.51,LOW,10,10
04_Over_Saturated,06_Satellite,sharpness,1,0.0,1.0,LOW,10,10
04_Over_Saturated,06_Satellite,sharpness,2,0.05,0.9,LOW,10,10
04_Over_Saturated,06_Satellite,sharpness,3,0.02,0.96,LOW,10,10
04_Over_Saturated,06_Satellite,sharpness,4,0.1,0.8,LOW,10,10
04_Over_Saturated,06_Satellite,sharpness,5,0.1,0.8,LOW,10,10
04_Over_Saturated,06_Satellite,star_count,1,0.83,0.6599999999999999,HIGH,10,10
04_Over_Saturated,06_Satellite,star_count,2,0.85,0.7,HIGH,10,10
04_Over_Saturated,06_Satellite,star_count,3,0.88,0.76,HIGH,10,10
04_Over_Saturated,06_Satellite,star_count,4,0.805,0.6100000000000001,HIGH,10,10
04_Over_Saturated,06_Satellite,star_count,5,0.75,0.5,HIGH,10,10
04_Over_Saturated,06_Satellite,std_intensity,1,0.04,0.92,LOW,10,10
04_Over_Saturated,06_Satellite,std_intensity,2,0.09,0.8200000000000001,LOW,10,10
04_Over_Saturated,06_Satellite,std_intensity,3,0.03,0.94,LOW,10,10
04_Over_Saturated,06_Satellite,std_intensity,4,0.09,0.8200000000000001,LOW,10,10
04_Over_Saturated,06_Satellite,std_intensity,5,0.08,0.84,LOW,10,10
04_Over_Saturated,06_Satellite,streak_count,1,0.25,0.5,LOW,10,10
04_Over_Saturated,06_Satellite,streak_count,2,0.3,0.4,LOW,10,10
04_Over_Saturated,06_Satellite,streak_count,3,0.25,0.5,LOW,10,10
04_Over_Saturated,06_Satellite,streak_count,4,0.3,0.4,LOW,10,10
04_Over_Saturated,06_Satellite,streak_count,5,0.1,0.8,LOW,10,10
04_Over_Saturated,06_Satellite,valid_profile_count,1,0.83,0.6599999999999999,HIGH,10,10
04_Over_Saturated,06_Satellite,valid_profile_count,2,0.85,0.7,HIGH,10,10
04_Over_Saturated,06_Satellite,valid_profile_count,3,0.88,0.76,HIGH,10,10
04_Over_Saturated,06_Satellite,valid_profile_count,4,0.805,0.6100000000000001,HIGH,10,10
04_Over_Saturated,06_Satellite,valid_profile_count,5,0.75,0.5,HIGH,10,10
05_No_Star,06_Satellite,axis_aligned_line_ratio,1,0.445,0.10999999999999999,LOW,10,10
05_No_Star,06_Satellite,axis_aligned_line_ratio,2,0.52,0.040000000000000036,HIGH,10,10
05_No_Star,06_Satellite,axis_aligned_line_ratio,3,0.425,0.15000000000000002,LOW,10,10
05_No_Star,06_Satellite,axis_aligned_line_ratio,4,0.54,0.08000000000000007,HIGH,10,10
05_No_Star,06_Satellite,axis_aligned_line_ratio,5,0.4,0.19999999999999996,LOW,10,10
05_No_Star,06_Satellite,background_mad,1,0.915,0.8300000000000001,HIGH,10,10
05_No_Star,06_Satellite,background_mad,2,0.925,0.8500000000000001,HIGH,10,10
05_No_Star,06_Satellite,background_mad,3,0.825,0.6499999999999999,HIGH,10,10
05_No_Star,06_Satellite,background_mad,4,0.915,0.8300000000000001,HIGH,10,10
05_No_Star,06_Satellite,background_mad,5,0.94,0.8799999999999999,HIGH,10,10
05_No_Star,06_Satellite,background_median,1,0.855,0.71,HIGH,10,10
05_No_Star,06_Satellite,background_median,2,0.765,0.53,HIGH,10,10
05_No_Star,06_Satellite,background_median,3,0.99,0.98,HIGH,10,10
05_No_Star,06_Satellite,background_median,4,0.98,0.96,HIGH,10,10
05_No_Star,06_Satellite,background_median,5,0.885,0.77,HIGH,10,10
05_No_Star,06_Satellite,bright_area_ratio,1,0.0,1.0,LOW,10,10
05_No_Star,06_Satellite,bright_area_ratio,2,0.0,1.0,LOW,10,10
05_No_Star,06_Satellite,bright_area_ratio,3,0.0,1.0,LOW,10,10
05_No_Star,06_Satellite,bright_area_ratio,4,0.0,1.0,LOW,10,10
05_No_Star,06_Satellite,bright_area_ratio,5,0.0,1.0,LOW,10,10
05_No_Star,06_Satellite,diagonal_line_ratio,1,0.55,0.10000000000000009,HIGH,10,10
05_No_Star,06_Satellite,diagonal_line_ratio,2,0.47,0.06000000000000005,LOW,10,10
05_No_Star,06_Satellite,diagonal_line_ratio,3,0.56,0.1200000000000001,HIGH,10,10
05_No_Star,06_Satellite,diagonal_line_ratio,4,0.57,0.1399999999999999,HIGH,10,10
05_No_Star,06_Satellite,diagonal_line_ratio,5,0.67,0.3400000000000001,HIGH,10,10
05_No_Star,06_Satellite,elongated_angle_consistency,1,0.1,0.8,LOW,10,10
05_No_Star,06_Satellite,elongated_angle_consistency,2,0.0,1.0,LOW,10,10
05_No_Star,06_Satellite,elongated_angle_consistency,3,0.15,0.7,LOW,10,10
05_No_Star,06_Satellite,elongated_angle_consistency,4,0.1,0.8,LOW,10,10
05_No_Star,06_Satellite,elongated_angle_consistency,5,0.05,0.9,LOW,10,10
05_No_Star,06_Satellite,elongated_angle_std,1,0.9,0.8,HIGH,10,10
05_No_Star,06_Satellite,elongated_angle_std,2,1.0,1.0,HIGH,10,10
05_No_Star,06_Satellite,elongated_angle_std,3,0.85,0.7,HIGH,10,10
05_No_Star,06_Satellite,elongated_angle_std,4,0.9,0.8,HIGH,10,10
05_No_Star,06_Satellite,elongated_angle_std,5,0.95,0.8999999999999999,HIGH,10,10
05_No_Star,06_Satellite,elongated_radial_alignment,1,0.1,0.8,LOW,10,10
05_No_Star,06_Satellite,elongated_radial_alignment,2,0.0,1.0,LOW,10,10
05_No_Star,06_Satellite,elongated_radial_alignment,3,0.0,1.0,LOW,10,10
05_No_Star,06_Satellite,elongated_radial_alignment,4,0.1,0.8,LOW,10,10
05_No_Star,06_Satellite,elongated_radial_alignment,5,0.0,1.0,LOW,10,10
05_No_Star,06_Satellite,elongated_star_count,1,0.1,0.8,LOW,10,10
05_No_Star,06_Satellite,elongated_star_count,2,0.0,1.0,LOW,10,10
05_No_Star,06_Satellite,elongated_star_count,3,0.0,1.0,LOW,10,10
05_No_Star,06_Satellite,elongated_star_count,4,0.1,0.8,LOW,10,10
05_No_Star,06_Satellite,elongated_star_count,5,0.0,1.0,LOW,10,10
05_No_Star,06_Satellite,elongated_star_ratio,1,0.1,0.8,LOW,10,10
05_No_Star,06_Satellite,elongated_star_ratio,2,0.0,1.0,LOW,10,10
05_No_Star,06_Satellite,elongated_star_ratio,3,0.0,1.0,LOW,10,10
05_No_Star,06_Satellite,elongated_star_ratio,4,0.1,0.8,LOW,10,10
05_No_Star,06_Satellite,elongated_star_ratio,5,0.0,1.0,LOW,10,10
05_No_Star,06_Satellite,line_angle_std,1,0.43,0.14,LOW,10,10
05_No_Star,06_Satellite,line_angle_std,2,0.56,0.1200000000000001,HIGH,10,10
05_No_Star,06_Satellite,line_angle_std,3,0.37,0.26,LOW,10,10
05_No_Star,06_Satellite,line_angle_std,4,0.59,0.17999999999999994,HIGH,10,10
05_No_Star,06_Satellite,line_angle_std,5,0.41,0.18000000000000005,LOW,10,10
05_No_Star,06_Satellite,long_line_count,1,0.585,0.16999999999999993,HIGH,10,10
05_No_Star,06_Satellite,long_line_count,2,0.525,0.050000000000000044,HIGH,10,10
05_No_Star,06_Satellite,long_line_count,3,0.305,0.39,LOW,10,10
05_No_Star,06_Satellite,long_line_count,4,0.485,0.030000000000000027,LOW,10,10
05_No_Star,06_Satellite,long_line_count,5,0.345,0.31000000000000005,LOW,10,10
05_No_Star,06_Satellite,longest_line_ratio,1,0.565,0.1299999999999999,HIGH,10,10
05_No_Star,06_Satellite,longest_line_ratio,2,0.875,0.75,HIGH,10,10
05_No_Star,06_Satellite,longest_line_ratio,3,0.645,0.29000000000000004,HIGH,10,10
05_No_Star,06_Satellite,longest_line_ratio,4,0.655,0.31000000000000005,HIGH,10,10
05_No_Star,06_Satellite,longest_line_ratio,5,0.72,0.43999999999999995,HIGH,10,10
05_No_Star,06_Satellite,max_aspect_ratio,1,0.0,1.0,LOW,10,10
05_No_Star,06_Satellite,max_aspect_ratio,2,0.0,1.0,LOW,10,10
05_No_Star,06_Satellite,max_aspect_ratio,3,0.0,1.0,LOW,10,10
05_No_Star,06_Satellite,max_aspect_ratio,4,0.015,0.97,LOW,10,10
05_No_Star,06_Satellite,max_aspect_ratio,5,0.0,1.0,LOW,10,10
05_No_Star,06_Satellite,max_streak_area_ratio,1,0.22,0.56,LOW,10,10
05_No_Star,06_Satellite,max_streak_area_ratio,2,0.34,0.31999999999999995,LOW,10,10
05_No_Star,06_Satellite,max_streak_area_ratio,3,0.3,0.4,LOW,10,10
05_No_Star,06_Satellite,max_streak_area_ratio,4,0.1,0.8,LOW,10,10
05_No_Star,06_Satellite,max_streak_area_ratio,5,0.31,0.38,LOW,10,10
05_No_Star,06_Satellite,max_streak_aspect_ratio,1,0.0,1.0,LOW,10,10
05_No_Star,06_Satellite,max_streak_aspect_ratio,2,0.1,0.8,LOW,10,10
05_No_Star,06_Satellite,max_streak_aspect_ratio,3,0.01,0.98,LOW,10,10
05_No_Star,06_Satellite,max_streak_aspect_ratio,4,0.27,0.45999999999999996,LOW,10,10
05_No_Star,06_Satellite,max_streak_aspect_ratio,5,0.01,0.98,LOW,10,10
05_No_Star,06_Satellite,max_streak_length_ratio,1,0.04,0.92,LOW,10,10
05_No_Star,06_Satellite,max_streak_length_ratio,2,0.07,0.86,LOW,10,10
05_No_Star,06_Satellite,max_streak_length_ratio,3,0.03,0.94,LOW,10,10
05_No_Star,06_Satellite,max_streak_length_ratio,4,0.03,0.94,LOW,10,10
05_No_Star,06_Satellite,max_streak_length_ratio,5,0.03,0.94,LOW,10,10
05_No_Star,06_Satellite,mean_aspect_ratio,1,0.0,1.0,LOW,10,10
05_No_Star,06_Satellite,mean_aspect_ratio,2,0.0,1.0,LOW,10,10
05_No_Star,06_Satellite,mean_aspect_ratio,3,0.03,0.94,LOW,10,10
05_No_Star,06_Satellite,mean_aspect_ratio,4,0.09,0.8200000000000001,LOW,10,10
05_No_Star,06_Satellite,mean_aspect_ratio,5,0.0,1.0,LOW,10,10
05_No_Star,06_Satellite,mean_circularity,1,0.05,0.9,LOW,10,10
05_No_Star,06_Satellite,mean_circularity,2,0.17,0.6599999999999999,LOW,10,10
05_No_Star,06_Satellite,mean_circularity,3,0.23,0.54,LOW,10,10
05_No_Star,06_Satellite,mean_circularity,4,0.13,0.74,LOW,10,10
05_No_Star,06_Satellite,mean_circularity,5,0.16,0.6799999999999999,LOW,10,10
05_No_Star,06_Satellite,mean_fwhm,1,0.0,1.0,LOW,10,10
05_No_Star,06_Satellite,mean_fwhm,2,0.0,1.0,LOW,10,10
05_No_Star,06_Satellite,mean_fwhm,3,0.0,1.0,LOW,10,10
05_No_Star,06_Satellite,mean_fwhm,4,0.0,1.0,LOW,10,10
05_No_Star,06_Satellite,mean_fwhm,5,0.02,0.96,LOW,10,10
05_No_Star,06_Satellite,mean_hfr,1,0.0,1.0,LOW,10,10
05_No_Star,06_Satellite,mean_hfr,2,0.01,0.98,LOW,10,10
05_No_Star,06_Satellite,mean_hfr,3,0.0,1.0,LOW,10,10
05_No_Star,06_Satellite,mean_hfr,4,0.0,1.0,LOW,10,10
05_No_Star,06_Satellite,mean_hfr,5,0.04,0.92,LOW,10,10
05_No_Star,06_Satellite,mean_hollowness,1,0.02,0.96,LOW,10,10
05_No_Star,06_Satellite,mean_hollowness,2,0.02,0.96,LOW,10,10
05_No_Star,06_Satellite,mean_hollowness,3,0.075,0.85,LOW,10,10
05_No_Star,06_Satellite,mean_hollowness,4,0.03,0.94,LOW,10,10
05_No_Star,06_Satellite,mean_hollowness,5,0.03,0.94,LOW,10,10
05_No_Star,06_Satellite,mean_intensity,1,0.9,0.8,HIGH,10,10
05_No_Star,06_Satellite,mean_intensity,2,0.78,0.56,HIGH,10,10
05_No_Star,06_Satellite,mean_intensity,3,0.99,0.98,HIGH,10,10
05_No_Star,06_Satellite,mean_intensity,4,0.94,0.8799999999999999,HIGH,10,10
05_No_Star,06_Satellite,mean_intensity,5,0.93,0.8600000000000001,HIGH,10,10
05_No_Star,06_Satellite,mean_star_area,1,0.0,1.0,LOW,10,10
05_No_Star,06_Satellite,mean_star_area,2,0.0,1.0,LOW,10,10
05_No_Star,06_Satellite,mean_star_area,3,0.0,1.0,LOW,10,10
05_No_Star,06_Satellite,mean_star_area,4,0.0,1.0,LOW,10,10
05_No_Star,06_Satellite,mean_star_area,5,0.0,1.0,LOW,10,10
05_No_Star,06_Satellite,median_eccentricity,1,0.09,0.8200000000000001,LOW,10,10
05_No_Star,06_Satellite,median_eccentricity,2,0.0,1.0,LOW,10,10
05_No_Star,06_Satellite,median_eccentricity,3,0.08,0.84,LOW,10,10
05_No_Star,06_Satellite,median_eccentricity,4,0.15,0.7,LOW,10,10
05_No_Star,06_Satellite,median_eccentricity,5,0.06,0.88,LOW,10,10
05_No_Star,06_Satellite,median_fwhm,1,0.0,1.0,LOW,10,10
05_No_Star,06_Satellite,median_fwhm,2,0.01,0.98,LOW,10,10
05_No_Star,06_Satellite,median_fwhm,3,0.03,0.94,LOW,10,10
05_No_Star,06_Satellite,median_fwhm,4,0.0,1.0,LOW,10,10
05_No_Star,06_Satellite,median_fwhm,5,0.05,0.9,LOW,10,10
05_No_Star,06_Satellite,median_fwhm_ratio,1,0.09,0.8200000000000001,LOW,10,10
05_No_Star,06_Satellite,median_fwhm_ratio,2,0.0,1.0,LOW,10,10
05_No_Star,06_Satellite,median_fwhm_ratio,3,0.08,0.84,LOW,10,10
05_No_Star,06_Satellite,median_fwhm_ratio,4,0.15,0.7,LOW,10,10
05_No_Star,06_Satellite,median_fwhm_ratio,5,0.06,0.88,LOW,10,10
05_No_Star,06_Satellite,median_hfr,1,0.01,0.98,LOW,10,10
05_No_Star,06_Satellite,median_hfr,2,0.03,0.94,LOW,10,10
05_No_Star,06_Satellite,median_hfr,3,0.03,0.94,LOW,10,10
05_No_Star,06_Satellite,median_hfr,4,0.0,1.0,LOW,10,10
05_No_Star,06_Satellite,median_hfr,5,0.05,0.9,LOW,10,10
05_No_Star,06_Satellite,saturated_ratio,1,0.83,0.6599999999999999,HIGH,10,10
05_No_Star,06_Satellite,saturated_ratio,2,0.83,0.6599999999999999,HIGH,10,10
05_No_Star,06_Satellite,saturated_ratio,3,0.79,0.5800000000000001,HIGH,10,10
05_No_Star,06_Satellite,saturated_ratio,4,0.83,0.6599999999999999,HIGH,10,10
05_No_Star,06_Satellite,saturated_ratio,5,0.85,0.7,HIGH,10,10
05_No_Star,06_Satellite,sharpness,1,0.86,0.72,HIGH,10,10
05_No_Star,06_Satellite,sharpness,2,0.89,0.78,HIGH,10,10
05_No_Star,06_Satellite,sharpness,3,0.82,0.6399999999999999,HIGH,10,10
05_No_Star,06_Satellite,sharpness,4,0.95,0.8999999999999999,HIGH,10,10
05_No_Star,06_Satellite,sharpness,5,0.86,0.72,HIGH,10,10
05_No_Star,06_Satellite,star_count,1,0.0,1.0,LOW,10,10
05_No_Star,06_Satellite,star_count,2,0.0,1.0,LOW,10,10
05_No_Star,06_Satellite,star_count,3,0.0,1.0,LOW,10,10
05_No_Star,06_Satellite,star_count,4,0.0,1.0,LOW,10,10
05_No_Star,06_Satellite,star_count,5,0.0,1.0,LOW,10,10
05_No_Star,06_Satellite,std_intensity,1,0.96,0.9199999999999999,HIGH,10,10
05_No_Star,06_Satellite,std_intensity,2,0.99,0.98,HIGH,10,10
05_No_Star,06_Satellite,std_intensity,3,0.99,0.98,HIGH,10,10
05_No_Star,06_Satellite,std_intensity,4,0.99,0.98,HIGH,10,10
05_No_Star,06_Satellite,std_intensity,5,1.0,1.0,HIGH,10,10
05_No_Star,06_Satellite,streak_count,1,0.15,0.7,LOW,10,10
05_No_Star,06_Satellite,streak_count,2,0.15,0.7,LOW,10,10
05_No_Star,06_Satellite,streak_count,3,0.1,0.8,LOW,10,10
05_No_Star,06_Satellite,streak_count,4,0.15,0.7,LOW,10,10
05_No_Star,06_Satellite,streak_count,5,0.1,0.8,LOW,10,10
05_No_Star,06_Satellite,valid_profile_count,1,0.0,1.0,LOW,10,10
05_No_Star,06_Satellite,valid_profile_count,2,0.0,1.0,LOW,10,10
05_No_Star,06_Satellite,valid_profile_count,3,0.0,1.0,LOW,10,10
05_No_Star,06_Satellite,valid_profile_count,4,0.0,1.0,LOW,10,10
05_No_Star,06_Satellite,valid_profile_count,5,0.0,1.0,LOW,10,10
